I.No	gene_symbol	gene_ensembl_id	mirna_name	mirna_db_id	interaction_score
1	NPIPB2	ENSG00000234719	hsa-miR-122-5p	MIMAT0000421	0.999999735985729
2	NPIPB5	ENSG00000243716	hsa-miR-122-5p	MIMAT0000421	0.999999648835127
3	NPIPB4	ENSG00000185864	hsa-miR-122-5p	MIMAT0000421	0.999999475846519
4	CPEB2	ENSG00000137449	hsa-miR-16-5p	MIMAT0000069	0.999998939923874
5	CCNE1	ENSG00000105173	hsa-miR-16-5p	MIMAT0000069	0.999998885281277
6	FGF2	ENSG00000138685	hsa-miR-16-5p	MIMAT0000069	0.999998087819187
7	PLAG1	ENSG00000181690	hsa-miR-16-5p	MIMAT0000069	0.999997693691067
8	SRSF3	ENSG00000112081	hsa-miR-486-5p	MIMAT0002177	0.999995278732083
9	FBXW7	ENSG00000109670	hsa-miR-16-5p	MIMAT0000069	0.999986127202647
10	KCNK10	ENSG00000100433	hsa-miR-16-5p	MIMAT0000069	0.999950939838631
11	MYB	ENSG00000118513	hsa-miR-16-5p	MIMAT0000069	0.999949717387959
12	WEE1	ENSG00000166483	hsa-miR-16-5p	MIMAT0000069	0.999941955956043
13	SALL1	ENSG00000103449	hsa-miR-16-5p	MIMAT0000069	0.99993070471889
14	ZBTB34	ENSG00000177125	hsa-miR-16-5p	MIMAT0000069	0.999930174999595
15	ASH1L	ENSG00000116539	hsa-miR-16-5p	MIMAT0000069	0.99992072466142
16	STK33	ENSG00000130413	hsa-miR-16-5p	MIMAT0000069	0.999898076446891
17	STOX2	ENSG00000173320	hsa-miR-16-5p	MIMAT0000069	0.999892859366993
18	RSPO3	ENSG00000146374	hsa-miR-16-5p	MIMAT0000069	0.999883883999402
19	USP25	ENSG00000155313	hsa-miR-16-5p	MIMAT0000069	0.99984454495517
20	OMG	ENSG00000126861	hsa-miR-16-5p	MIMAT0000069	0.999761697475289
21	SMURF1	ENSG00000198742	hsa-miR-16-5p	MIMAT0000069	0.999732137392943
22	MOB3B	ENSG00000120162	hsa-miR-16-5p	MIMAT0000069	0.999723191575264
23	C1orf21	ENSG00000116667	hsa-miR-16-5p	MIMAT0000069	0.999649092268693
24	PAPPA	ENSG00000182752	hsa-miR-16-5p	MIMAT0000069	0.999605146882994
25	GABRB3	ENSG00000166206	hsa-miR-486-5p	MIMAT0002177	0.999545746037877
26	SMAD7	ENSG00000101665	hsa-miR-16-5p	MIMAT0000069	0.999539946997847
27	LSM11	ENSG00000155858	hsa-miR-16-5p	MIMAT0000069	0.999497406496216
28	ARHGAP20	ENSG00000137727	hsa-miR-16-5p	MIMAT0000069	0.999435072545806
29	MED26	ENSG00000105085	hsa-miR-16-5p	MIMAT0000069	0.999434189435048
30	CFAP45	ENSG00000213085	hsa-miR-16-5p	MIMAT0000069	0.999390437758498
31	KDSR	ENSG00000119537	hsa-miR-16-5p	MIMAT0000069	0.999385728362352
32	RAB9B	ENSG00000123570	hsa-miR-16-5p	MIMAT0000069	0.999383199342653
33	ADGRB2	ENSG00000121753	hsa-miR-122-5p	MIMAT0000421	0.999375054805329
34	KIF21A	ENSG00000139116	hsa-miR-16-5p	MIMAT0000069	0.999312597610517
35	PRDM4	ENSG00000110851	hsa-miR-16-5p	MIMAT0000069	0.999253651726652
36	KIF23	ENSG00000137807	hsa-miR-16-5p	MIMAT0000069	0.999208812879889
37	SLC20A2	ENSG00000168575	hsa-miR-16-5p	MIMAT0000069	0.999183320936485
38	FOSL2	ENSG00000075426	hsa-miR-16-5p	MIMAT0000069	0.999179147581592
39	DCLK1	ENSG00000133083	hsa-miR-16-5p	MIMAT0000069	0.999176679728555
40	AC118553.2	ENSG00000283761	hsa-miR-16-5p	MIMAT0000069	0.999085677580024
41	BTRC	ENSG00000166167	hsa-miR-16-5p	MIMAT0000069	0.999078935369469
42	GOLGA1	ENSG00000136935	hsa-miR-16-5p	MIMAT0000069	0.999041240149065
43	TMEM74B	ENSG00000125895	hsa-miR-16-5p	MIMAT0000069	0.999011113794586
44	MGAT4A	ENSG00000071073	hsa-miR-16-5p	MIMAT0000069	0.998999804252382
45	SPAG7	ENSG00000091640	hsa-miR-16-5p	MIMAT0000069	0.998987905986002
46	TENM2	ENSG00000145934	hsa-miR-16-5p	MIMAT0000069	0.998952490996153
47	SLC11A2	ENSG00000110911	hsa-miR-16-5p	MIMAT0000069	0.998929027795885
48	SLC2A14	ENSG00000173262	hsa-miR-16-5p	MIMAT0000069	0.998897205368196
49	SEL1L3	ENSG00000091490	hsa-miR-16-5p	MIMAT0000069	0.998798860388542
50	SLC2A3	ENSG00000059804	hsa-miR-16-5p	MIMAT0000069	0.998757045797319
51	ZHX3	ENSG00000174306	hsa-miR-16-5p	MIMAT0000069	0.998680843617822
52	CHEK1	ENSG00000149554	hsa-miR-16-5p	MIMAT0000069	0.998595444561861
53	UBE4B	ENSG00000130939	hsa-miR-16-5p	MIMAT0000069	0.998592500779479
54	SKI	ENSG00000157933	hsa-miR-16-5p	MIMAT0000069	0.998560152464141
55	NMNAT3	ENSG00000163864	hsa-miR-16-5p	MIMAT0000069	0.998540641765186
56	CCNT2	ENSG00000082258	hsa-miR-16-5p	MIMAT0000069	0.998529977500786
57	DYRK1B	ENSG00000105204	hsa-miR-16-5p	MIMAT0000069	0.998510035806386
58	GAREM1	ENSG00000141441	hsa-miR-16-5p	MIMAT0000069	0.998396195682481
59	SREK1	ENSG00000153914	hsa-miR-16-5p	MIMAT0000069	0.998331899307379
60	DNAJC5B	ENSG00000147570	hsa-miR-16-5p	MIMAT0000069	0.998299720831588
61	YTHDC1	ENSG00000083896	hsa-miR-16-5p	MIMAT0000069	0.998267795004703
62	WIPI2	ENSG00000157954	hsa-miR-16-5p	MIMAT0000069	0.998244315870268
63	CACNB2	ENSG00000165995	hsa-miR-16-5p	MIMAT0000069	0.998197513530099
64	WNT3A	ENSG00000154342	hsa-miR-16-5p	MIMAT0000069	0.998161939006809
65	ZMYM2	ENSG00000121741	hsa-miR-16-5p	MIMAT0000069	0.99816103437924
66	NOS1	ENSG00000089250	hsa-miR-16-5p	MIMAT0000069	0.99813789018741
67	DESI1	ENSG00000100418	hsa-miR-16-5p	MIMAT0000069	0.998110383751489
68	SLCO5A1	ENSG00000137571	hsa-miR-122-5p	MIMAT0000421	0.998068574924885
69	CD2AP	ENSG00000198087	hsa-miR-16-5p	MIMAT0000069	0.997765663525551
70	SEMA6D	ENSG00000137872	hsa-miR-16-5p	MIMAT0000069	0.997611929956367
71	C12orf45	ENSG00000151131	hsa-miR-486-5p	MIMAT0002177	0.997569404685414
72	CDK17	ENSG00000059758	hsa-miR-16-5p	MIMAT0000069	0.997531564740428
73	CACUL1	ENSG00000151893	hsa-miR-16-5p	MIMAT0000069	0.99752495577164
74	IHH	ENSG00000163501	hsa-miR-16-5p	MIMAT0000069	0.997444082669743
75	ARMC8	ENSG00000114098	hsa-miR-486-5p	MIMAT0002177	0.997443375165403
76	PRRC2C	ENSG00000117523	hsa-miR-16-5p	MIMAT0000069	0.997353951317974
77	MTMR3	ENSG00000100330	hsa-miR-16-5p	MIMAT0000069	0.997283176244589
78	MUC17	ENSG00000169876	hsa-miR-122-5p	MIMAT0000421	0.997259831454663
79	NPEPPS	ENSG00000141279	hsa-miR-16-5p	MIMAT0000069	0.99715395547668
80	DCAF8	ENSG00000132716	hsa-miR-16-5p	MIMAT0000069	0.996958789664803
81	CUX1	ENSG00000257923	hsa-miR-122-5p	MIMAT0000421	0.996863116577949
82	ARL2	ENSG00000213465	hsa-miR-16-5p	MIMAT0000069	0.996829425478081
83	RBMS1	ENSG00000153250	hsa-miR-16-5p	MIMAT0000069	0.996822621625368
84	PTPN4	ENSG00000088179	hsa-miR-16-5p	MIMAT0000069	0.99677615687769
85	DOCK3	ENSG00000088538	hsa-miR-486-5p	MIMAT0002177	0.996690556000715
86	FBXO21	ENSG00000135108	hsa-miR-16-5p	MIMAT0000069	0.996658604172276
87	PDGFC	ENSG00000145431	hsa-miR-486-5p	MIMAT0002177	0.996527497962291
88	TSPYL2	ENSG00000184205	hsa-miR-16-5p	MIMAT0000069	0.996491085193195
89	CPEB3	ENSG00000107864	hsa-miR-16-5p	MIMAT0000069	0.996433192357032
90	UNC5C	ENSG00000182168	hsa-miR-486-5p	MIMAT0002177	0.996410069641246
91	ABHD16A	ENSG00000204427	hsa-miR-486-5p	MIMAT0002177	0.996407647836698
92	IPO7	ENSG00000205339	hsa-miR-16-5p	MIMAT0000069	0.996367157201132
93	DLEU7	ENSG00000186047	hsa-miR-16-5p	MIMAT0000069	0.99624227891691
94	N4BP1	ENSG00000102921	hsa-miR-16-5p	MIMAT0000069	0.996237390926055
95	TNFSF13B	ENSG00000102524	hsa-miR-16-5p	MIMAT0000069	0.996193069502303
96	PTH	ENSG00000152266	hsa-miR-16-5p	MIMAT0000069	0.996010204363548
97	MBNL2	ENSG00000139793	hsa-miR-16-5p	MIMAT0000069	0.995966885444148
98	TOB1	ENSG00000141232	hsa-miR-486-5p	MIMAT0002177	0.995958448810069
99	KLHDC8B	ENSG00000185909	hsa-miR-16-5p	MIMAT0000069	0.995951957976897
100	E2F3	ENSG00000112242	hsa-miR-16-5p	MIMAT0000069	0.995861794198437
101	RECK	ENSG00000122707	hsa-miR-16-5p	MIMAT0000069	0.995834969594441
102	ACSL4	ENSG00000068366	hsa-miR-16-5p	MIMAT0000069	0.995776584027553
103	EPHA7	ENSG00000135333	hsa-miR-16-5p	MIMAT0000069	0.995763649795041
104	NYNRIN	ENSG00000205978	hsa-miR-16-5p	MIMAT0000069	0.995763590256542
105	PTPRD	ENSG00000153707	hsa-miR-16-5p	MIMAT0000069	0.995705066139926
106	MTAP	ENSG00000099810	hsa-miR-16-5p	MIMAT0000069	0.995698772904424
107	EBLN2	ENSG00000255423	hsa-miR-122-5p	MIMAT0000421	0.995672470346054
108	AKT3	ENSG00000117020	hsa-miR-16-5p	MIMAT0000069	0.995661140340922
109	MKNK1	ENSG00000079277	hsa-miR-16-5p	MIMAT0000069	0.995644827536689
110	SIRPB1	ENSG00000101307	hsa-miR-122-5p	MIMAT0000421	0.995627414768953
111	WNT7A	ENSG00000154764	hsa-miR-16-5p	MIMAT0000069	0.995553663107866
112	RFX3	ENSG00000080298	hsa-miR-16-5p	MIMAT0000069	0.995531270775738
113	CDK5R1	ENSG00000176749	hsa-miR-16-5p	MIMAT0000069	0.99551297911393
114	CDC37L1	ENSG00000106993	hsa-miR-16-5p	MIMAT0000069	0.995479807657902
115	PEX13	ENSG00000162928	hsa-miR-16-5p	MIMAT0000069	0.995389179236858
116	SLC35G1	ENSG00000176273	hsa-miR-16-5p	MIMAT0000069	0.99520372718066
117	EDA	ENSG00000158813	hsa-miR-16-5p	MIMAT0000069	0.994998739191284
118	KIF5A	ENSG00000155980	hsa-miR-16-5p	MIMAT0000069	0.994810863537424
119	XPO7	ENSG00000130227	hsa-miR-16-5p	MIMAT0000069	0.994730555046299
120	HTR4	ENSG00000164270	hsa-miR-16-5p	MIMAT0000069	0.994705107163512
121	DDX3Y	ENSG00000067048	hsa-miR-16-5p	MIMAT0000069	0.994568238196264
122	BICD1	ENSG00000151746	hsa-miR-16-5p	MIMAT0000069	0.994562299735318
123	SOX11	ENSG00000176887	hsa-miR-122-5p	MIMAT0000421	0.994553367312241
124	TRABD2B	ENSG00000269113	hsa-miR-16-5p	MIMAT0000069	0.994344395399879
125	ARID4B	ENSG00000054267	hsa-miR-486-5p	MIMAT0002177	0.994321067887511
126	SIPA1L2	ENSG00000116991	hsa-miR-16-5p	MIMAT0000069	0.994239795307989
127	P4HA1	ENSG00000122884	hsa-miR-122-5p	MIMAT0000421	0.994187415334875
128	UBN2	ENSG00000157741	hsa-miR-16-5p	MIMAT0000069	0.994106211122919
129	SRPRA	ENSG00000182934	hsa-miR-16-5p	MIMAT0000069	0.993757163129018
130	MGST2	ENSG00000085871	hsa-miR-16-5p	MIMAT0000069	0.993616169681681
131	UBR3	ENSG00000144357	hsa-miR-16-5p	MIMAT0000069	0.993416689572819
132	CLIC5	ENSG00000112782	hsa-miR-122-5p	MIMAT0000421	0.993405425843681
133	POLR2J2	ENSG00000228049	hsa-miR-122-5p	MIMAT0000421	0.993327561723006
134	TNRC6B	ENSG00000100354	hsa-miR-16-5p	MIMAT0000069	0.993279069041768
135	BTAF1	ENSG00000095564	hsa-miR-486-5p	MIMAT0002177	0.993248389265198
136	BTAF1	ENSG00000095564	hsa-miR-16-5p	MIMAT0000069	0.993202199045397
137	GALNT13	ENSG00000144278	hsa-miR-16-5p	MIMAT0000069	0.992829174738385
138	EPHB2	ENSG00000133216	hsa-miR-16-5p	MIMAT0000069	0.992794310902259
139	RIC1	ENSG00000107036	hsa-miR-16-5p	MIMAT0000069	0.992469284417132
140	CDCA4	ENSG00000170779	hsa-miR-16-5p	MIMAT0000069	0.992372785432797
141	ACVR2A	ENSG00000121989	hsa-miR-16-5p	MIMAT0000069	0.992261864619833
142	TBR1	ENSG00000136535	hsa-miR-122-5p	MIMAT0000421	0.992240560047457
143	SOCS6	ENSG00000170677	hsa-miR-16-5p	MIMAT0000069	0.992224083528539
144	AL590132.1	ENSG00000284299	hsa-miR-16-5p	MIMAT0000069	0.992174876733173
145	PTPN3	ENSG00000070159	hsa-miR-16-5p	MIMAT0000069	0.992108531721156
146	SLC25A37	ENSG00000147454	hsa-miR-16-5p	MIMAT0000069	0.991907677988133
147	PLAGL2	ENSG00000126003	hsa-miR-486-5p	MIMAT0002177	0.991827352455331
148	RREB1	ENSG00000124782	hsa-miR-16-5p	MIMAT0000069	0.991750742071475
149	FZD10	ENSG00000111432	hsa-miR-16-5p	MIMAT0000069	0.991626277524316
150	EYA1	ENSG00000104313	hsa-miR-16-5p	MIMAT0000069	0.991561476725376
151	CNOT6L	ENSG00000138767	hsa-miR-16-5p	MIMAT0000069	0.991379542936954
152	TBC1D10B	ENSG00000169221	hsa-miR-122-5p	MIMAT0000421	0.99132103370826
153	ZNF622	ENSG00000173545	hsa-miR-16-5p	MIMAT0000069	0.991117771843606
154	HNRNPU	ENSG00000153187	hsa-miR-122-5p	MIMAT0000421	0.991064349968794
155	FAM110C	ENSG00000184731	hsa-miR-16-5p	MIMAT0000069	0.99101252958232
156	MOB4	ENSG00000115540	hsa-miR-16-5p	MIMAT0000069	0.991006012681682
157	TLE4	ENSG00000106829	hsa-miR-16-5p	MIMAT0000069	0.990956199345881
158	CBX4	ENSG00000141582	hsa-miR-16-5p	MIMAT0000069	0.990955700423823
159	PPM1D	ENSG00000170836	hsa-miR-16-5p	MIMAT0000069	0.990761278298959
160	HELZ	ENSG00000198265	hsa-miR-16-5p	MIMAT0000069	0.990655472270738
161	PTPRB	ENSG00000127329	hsa-miR-486-5p	MIMAT0002177	0.990630942087478
162	KIF5B	ENSG00000170759	hsa-miR-122-5p	MIMAT0000421	0.990307553765944
163	UBQLNL	ENSG00000175518	hsa-miR-16-5p	MIMAT0000069	0.989923355373543
164	RCOR3	ENSG00000117625	hsa-miR-486-5p	MIMAT0002177	0.989898210339375
165	PTEN	ENSG00000171862	hsa-miR-486-5p	MIMAT0002177	0.989869661455937
166	FUBP3	ENSG00000107164	hsa-miR-16-5p	MIMAT0000069	0.989563055484896
167	TMC7	ENSG00000170537	hsa-miR-16-5p	MIMAT0000069	0.989522728089271
168	AQP11	ENSG00000178301	hsa-miR-16-5p	MIMAT0000069	0.989356764160136
169	MCMDC2	ENSG00000178460	hsa-miR-486-5p	MIMAT0002177	0.989322625959839
170	CELF2	ENSG00000048740	hsa-miR-486-5p	MIMAT0002177	0.989244316648621
171	DYNLRB1	ENSG00000125971	hsa-miR-16-5p	MIMAT0000069	0.989033087757424
172	ATXN7L1	ENSG00000146776	hsa-miR-16-5p	MIMAT0000069	0.989009946980499
173	FICD	ENSG00000198855	hsa-miR-16-5p	MIMAT0000069	0.988805941551652
174	FOXO1	ENSG00000150907	hsa-miR-486-5p	MIMAT0002177	0.988655072095899
175	SLC4A4	ENSG00000080493	hsa-miR-16-5p	MIMAT0000069	0.988410412770523
176	ZBTB39	ENSG00000166860	hsa-miR-16-5p	MIMAT0000069	0.988342378526828
177	KIAA0100	ENSG00000007202	hsa-miR-486-5p	MIMAT0002177	0.988320926676629
178	CLDN12	ENSG00000157224	hsa-miR-16-5p	MIMAT0000069	0.98822048844854
179	CHAC1	ENSG00000128965	hsa-miR-16-5p	MIMAT0000069	0.988202896678717
180	TLK1	ENSG00000198586	hsa-miR-16-5p	MIMAT0000069	0.988116926822339
181	NOL4L	ENSG00000197183	hsa-miR-122-5p	MIMAT0000421	0.987859218613289
182	ZNF362	ENSG00000160094	hsa-miR-16-5p	MIMAT0000069	0.987737906941558
183	FAM81A	ENSG00000157470	hsa-miR-16-5p	MIMAT0000069	0.987598233328438
184	ANKUB1	ENSG00000206199	hsa-miR-16-5p	MIMAT0000069	0.987464073116022
185	SGK1	ENSG00000118515	hsa-miR-16-5p	MIMAT0000069	0.987378585553437
186	ZNF331	ENSG00000130844	hsa-miR-486-5p	MIMAT0002177	0.986795906844425
187	REV3L	ENSG00000009413	hsa-miR-16-5p	MIMAT0000069	0.986399435949786
188	PTPRR	ENSG00000153233	hsa-miR-16-5p	MIMAT0000069	0.986249955134673
189	ACVR2B	ENSG00000114739	hsa-miR-16-5p	MIMAT0000069	0.985905523020888
190	C12orf76	ENSG00000174456	hsa-miR-16-5p	MIMAT0000069	0.985902067462094
191	OCLN	ENSG00000197822	hsa-miR-122-5p	MIMAT0000421	0.985644881959176
192	FGF18	ENSG00000156427	hsa-miR-16-5p	MIMAT0000069	0.98558884664688
193	WSCD1	ENSG00000179314	hsa-miR-486-5p	MIMAT0002177	0.985381512648329
194	NBPF3	ENSG00000142794	hsa-miR-486-5p	MIMAT0002177	0.984904933749711
195	CCND2	ENSG00000118971	hsa-miR-16-5p	MIMAT0000069	0.984762100457441
196	LHX4	ENSG00000121454	hsa-miR-16-5p	MIMAT0000069	0.983277187504697
197	GNG13	ENSG00000127588	hsa-miR-122-5p	MIMAT0000421	0.98317977610077
198	DLL4	ENSG00000128917	hsa-miR-486-5p	MIMAT0002177	0.982980526462392
199	SEPTIN2	ENSG00000168385	hsa-miR-16-5p	MIMAT0000069	0.982973892432832
200	BCL2	ENSG00000171791	hsa-miR-16-5p	MIMAT0000069	0.982491926185443
201	RSBN1	ENSG00000081019	hsa-miR-16-5p	MIMAT0000069	0.9824194406189
202	GPX8	ENSG00000164294	hsa-miR-486-5p	MIMAT0002177	0.982120972581019
203	CCDC91	ENSG00000123106	hsa-miR-486-5p	MIMAT0002177	0.981984740394696
204	ISLR	ENSG00000129009	hsa-miR-16-5p	MIMAT0000069	0.98197984687505
205	DYNC1LI2	ENSG00000135720	hsa-miR-16-5p	MIMAT0000069	0.981571859014007
206	FUNDC2	ENSG00000165775	hsa-miR-122-5p	MIMAT0000421	0.981474471659195
207	KANK1	ENSG00000107104	hsa-miR-16-5p	MIMAT0000069	0.981300190309234
208	HECTD4	ENSG00000173064	hsa-miR-16-5p	MIMAT0000069	0.981038500447328
209	RUBCNL	ENSG00000102445	hsa-miR-16-5p	MIMAT0000069	0.980974979169478
210	PCMT1	ENSG00000120265	hsa-miR-16-5p	MIMAT0000069	0.980943849904478
211	CTDSPL2	ENSG00000137770	hsa-miR-486-5p	MIMAT0002177	0.980867457312531
212	RBM6	ENSG00000004534	hsa-miR-16-5p	MIMAT0000069	0.980796343702405
213	GHR	ENSG00000112964	hsa-miR-16-5p	MIMAT0000069	0.980498056126225
214	TXLNG	ENSG00000086712	hsa-miR-486-5p	MIMAT0002177	0.980303852133108
215	JARID2	ENSG00000008083	hsa-miR-16-5p	MIMAT0000069	0.980289633663552
216	POU2F1	ENSG00000143190	hsa-miR-16-5p	MIMAT0000069	0.980043446176479
217	PIK3R1	ENSG00000145675	hsa-miR-16-5p	MIMAT0000069	0.980019272512018
218	PNPLA6	ENSG00000032444	hsa-miR-16-5p	MIMAT0000069	0.979714903525317
219	FAM91A1	ENSG00000176853	hsa-miR-16-5p	MIMAT0000069	0.979580194726478
220	VPS33B	ENSG00000184056	hsa-miR-16-5p	MIMAT0000069	0.979240145668028
221	SCN8A	ENSG00000196876	hsa-miR-16-5p	MIMAT0000069	0.978819832714289
222	AC005258.1	ENSG00000273734	hsa-miR-16-5p	MIMAT0000069	0.97876394738079
223	CBX2	ENSG00000173894	hsa-miR-16-5p	MIMAT0000069	0.978427171559508
224	STAMBP	ENSG00000124356	hsa-miR-122-5p	MIMAT0000421	0.978283466882008
225	SLC10A7	ENSG00000120519	hsa-miR-486-5p	MIMAT0002177	0.978278429725797
226	UBE2Q1	ENSG00000160714	hsa-miR-16-5p	MIMAT0000069	0.978171451556832
227	ELOVL6	ENSG00000170522	hsa-miR-16-5p	MIMAT0000069	0.978069437036729
228	GCNT4	ENSG00000176928	hsa-miR-16-5p	MIMAT0000069	0.97800908999413
229	LMNB2	ENSG00000176619	hsa-miR-122-5p	MIMAT0000421	0.977959836703428
230	UNC80	ENSG00000144406	hsa-miR-16-5p	MIMAT0000069	0.977876502567036
231	USH2A	ENSG00000042781	hsa-miR-486-5p	MIMAT0002177	0.977494687143417
232	CAPZA2	ENSG00000198898	hsa-miR-16-5p	MIMAT0000069	0.977453058881526
233	MAFK	ENSG00000198517	hsa-miR-16-5p	MIMAT0000069	0.977344992965919
234	DMPK	ENSG00000104936	hsa-miR-16-5p	MIMAT0000069	0.977185319162214
235	BEST1	ENSG00000167995	hsa-miR-122-5p	MIMAT0000421	0.977080050013817
236	TRANK1	ENSG00000168016	hsa-miR-16-5p	MIMAT0000069	0.97680532740233
237	KCNN3	ENSG00000143603	hsa-miR-122-5p	MIMAT0000421	0.976747321265376
238	FGF4	ENSG00000075388	hsa-miR-16-5p	MIMAT0000069	0.976578619435003
239	BRPF1	ENSG00000156983	hsa-miR-122-5p	MIMAT0000421	0.976447778621528
240	CREBRF	ENSG00000164463	hsa-miR-16-5p	MIMAT0000069	0.976089889919022
241	SMAD2	ENSG00000175387	hsa-miR-486-5p	MIMAT0002177	0.975835139031436
242	LRR1	ENSG00000165501	hsa-miR-122-5p	MIMAT0000421	0.975617763842913
243	CCDC38	ENSG00000165972	hsa-miR-486-5p	MIMAT0002177	0.975578724180088
244	MNT	ENSG00000070444	hsa-miR-16-5p	MIMAT0000069	0.975466144945713
245	SLC4A8	ENSG00000050438	hsa-miR-122-5p	MIMAT0000421	0.975318643590297
246	GYS1	ENSG00000104812	hsa-miR-122-5p	MIMAT0000421	0.975200818518114
247	WNT4	ENSG00000162552	hsa-miR-16-5p	MIMAT0000069	0.974676217995632
248	RBM23	ENSG00000100461	hsa-miR-16-5p	MIMAT0000069	0.974578040252408
249	OSCP1	ENSG00000116885	hsa-miR-16-5p	MIMAT0000069	0.974130890423512
250	NPEPPS	ENSG00000141279	hsa-miR-122-5p	MIMAT0000421	0.97411578209095
251	PPP1R11	ENSG00000204619	hsa-miR-16-5p	MIMAT0000069	0.973738534554782
252	NT5DC1	ENSG00000178425	hsa-miR-16-5p	MIMAT0000069	0.973518422047336
253	GAPVD1	ENSG00000165219	hsa-miR-486-5p	MIMAT0002177	0.973032081176118
254	ST8SIA3	ENSG00000177511	hsa-miR-16-5p	MIMAT0000069	0.972570193866035
255	TMEM183A	ENSG00000163444	hsa-miR-16-5p	MIMAT0000069	0.972493189785312
256	IPO4	ENSG00000196497	hsa-miR-16-5p	MIMAT0000069	0.972437281284075
257	PISD	ENSG00000241878	hsa-miR-16-5p	MIMAT0000069	0.972297528856742
258	RUNDC3B	ENSG00000105784	hsa-miR-16-5p	MIMAT0000069	0.97225556569159
259	RNF111	ENSG00000157450	hsa-miR-16-5p	MIMAT0000069	0.972162989171827
260	SYT16	ENSG00000139973	hsa-miR-16-5p	MIMAT0000069	0.971994128032812
261	ESCO1	ENSG00000141446	hsa-miR-16-5p	MIMAT0000069	0.971937182436813
262	RNF138	ENSG00000134758	hsa-miR-16-5p	MIMAT0000069	0.97178210601526
263	NAPG	ENSG00000134265	hsa-miR-16-5p	MIMAT0000069	0.971744292259612
264	CIT	ENSG00000122966	hsa-miR-486-5p	MIMAT0002177	0.971674835399275
265	RETREG2	ENSG00000144567	hsa-miR-16-5p	MIMAT0000069	0.971610236578392
266	TMCC1	ENSG00000172765	hsa-miR-16-5p	MIMAT0000069	0.971542619167686
267	YRDC	ENSG00000196449	hsa-miR-16-5p	MIMAT0000069	0.971393749924821
268	OLFM4	ENSG00000102837	hsa-miR-486-5p	MIMAT0002177	0.971379998619113
269	E2F7	ENSG00000165891	hsa-miR-16-5p	MIMAT0000069	0.971099251040997
270	SOX6	ENSG00000110693	hsa-miR-122-5p	MIMAT0000421	0.971046746055789
271	EPB41L1	ENSG00000088367	hsa-miR-486-5p	MIMAT0002177	0.970978510528906
272	DCBLD2	ENSG00000057019	hsa-miR-486-5p	MIMAT0002177	0.970702248907731
273	SOBP	ENSG00000112320	hsa-miR-16-5p	MIMAT0000069	0.970639435394263
274	DNAJB4	ENSG00000162616	hsa-miR-16-5p	MIMAT0000069	0.970366311222147
275	MYT1L	ENSG00000186487	hsa-miR-16-5p	MIMAT0000069	0.970210432454033
276	ZNRF2	ENSG00000180233	hsa-miR-16-5p	MIMAT0000069	0.970176224527317
277	ZBTB44	ENSG00000196323	hsa-miR-16-5p	MIMAT0000069	0.969908953122275
278	GALNTL6	ENSG00000174473	hsa-miR-122-5p	MIMAT0000421	0.969277411871433
279	AKR1C8P	ENSG00000264006	hsa-miR-16-5p	MIMAT0000069	0.969203333123152
280	TENM2	ENSG00000145934	hsa-miR-486-5p	MIMAT0002177	0.968740109788487
281	NFATC3	ENSG00000072736	hsa-miR-16-5p	MIMAT0000069	0.968628443744623
282	RAP1B	ENSG00000127314	hsa-miR-486-5p	MIMAT0002177	0.968359618213317
283	AC011330.3	ENSG00000284772	hsa-miR-16-5p	MIMAT0000069	0.968085412890068
284	IQANK1	ENSG00000203499	hsa-miR-16-5p	MIMAT0000069	0.967944886363412
285	CSPG5	ENSG00000114646	hsa-miR-486-5p	MIMAT0002177	0.967909229785187
286	USP8	ENSG00000138592	hsa-miR-122-5p	MIMAT0000421	0.967897987475741
287	VIL1	ENSG00000127831	hsa-miR-122-5p	MIMAT0000421	0.967714447668707
288	XRCC5	ENSG00000079246	hsa-miR-16-5p	MIMAT0000069	0.9675979450745
289	PHF19	ENSG00000119403	hsa-miR-16-5p	MIMAT0000069	0.967469881037289
290	RPS6KA6	ENSG00000072133	hsa-miR-16-5p	MIMAT0000069	0.967148324980249
291	TGIF2	ENSG00000118707	hsa-miR-16-5p	MIMAT0000069	0.96665294816286
292	ANO3	ENSG00000134343	hsa-miR-16-5p	MIMAT0000069	0.96615962931021
293	PGRMC1	ENSG00000101856	hsa-miR-486-5p	MIMAT0002177	0.965758226098412
294	CD8B2	ENSG00000254126	hsa-miR-486-5p	MIMAT0002177	0.965519492568811
295	AGO3	ENSG00000126070	hsa-miR-16-5p	MIMAT0000069	0.965378630741942
296	AL139353.1	ENSG00000203546	hsa-miR-16-5p	MIMAT0000069	0.965318354748108
297	PHKA1	ENSG00000067177	hsa-miR-16-5p	MIMAT0000069	0.965088768364986
298	SYT3	ENSG00000213023	hsa-miR-16-5p	MIMAT0000069	0.965063312432707
299	NOL4L	ENSG00000197183	hsa-miR-16-5p	MIMAT0000069	0.964881224277002
300	EPB41L4B	ENSG00000095203	hsa-miR-16-5p	MIMAT0000069	0.96456800336013
301	MASP1	ENSG00000127241	hsa-miR-16-5p	MIMAT0000069	0.964492702653782
302	CD8B	ENSG00000172116	hsa-miR-486-5p	MIMAT0002177	0.964318605185717
303	GMPR2	ENSG00000100938	hsa-miR-486-5p	MIMAT0002177	0.964119262355416
304	DUS4L-BCAP29	ENSG00000288558	hsa-miR-16-5p	MIMAT0000069	0.963986322336802
305	TANC1	ENSG00000115183	hsa-miR-486-5p	MIMAT0002177	0.963908055985773
306	MAP2K1	ENSG00000169032	hsa-miR-16-5p	MIMAT0000069	0.963722691162174
307	PHIP	ENSG00000146247	hsa-miR-486-5p	MIMAT0002177	0.963717360057782
308	RANBP3L	ENSG00000164188	hsa-miR-122-5p	MIMAT0000421	0.963530795837852
309	STMN2	ENSG00000104435	hsa-miR-122-5p	MIMAT0000421	0.963363998640578
310	CTDNEP1	ENSG00000175826	hsa-miR-122-5p	MIMAT0000421	0.963340784560563
311	FGF7	ENSG00000140285	hsa-miR-16-5p	MIMAT0000069	0.962847455096791
312	SLC12A2	ENSG00000064651	hsa-miR-16-5p	MIMAT0000069	0.962352089813458
313	GNB5	ENSG00000069966	hsa-miR-16-5p	MIMAT0000069	0.962130529546684
314	EHHADH	ENSG00000113790	hsa-miR-486-5p	MIMAT0002177	0.961880940964849
315	PCNX4	ENSG00000126773	hsa-miR-122-5p	MIMAT0000421	0.961803503687832
316	NFAT5	ENSG00000102908	hsa-miR-122-5p	MIMAT0000421	0.961648188527389
317	TOX3	ENSG00000103460	hsa-miR-16-5p	MIMAT0000069	0.961558182575888
318	CREBL2	ENSG00000111269	hsa-miR-486-5p	MIMAT0002177	0.961478519628031
319	PAFAH1B2	ENSG00000168092	hsa-miR-16-5p	MIMAT0000069	0.961421358796172
320	PHACTR2	ENSG00000112419	hsa-miR-16-5p	MIMAT0000069	0.961011703104688
321	USP53	ENSG00000145390	hsa-miR-122-5p	MIMAT0000421	0.960819012884358
322	LRP10	ENSG00000197324	hsa-miR-486-5p	MIMAT0002177	0.960501151615894
323	RASSF3	ENSG00000153179	hsa-miR-486-5p	MIMAT0002177	0.960152064329708
324	KCNJ2	ENSG00000123700	hsa-miR-16-5p	MIMAT0000069	0.96000909509723
325	SLC35G5	ENSG00000177710	hsa-miR-486-5p	MIMAT0002177	0.959858235757802
326	PFDN6	ENSG00000204220	hsa-miR-486-5p	MIMAT0002177	0.959189990902306
327	PLEKHA1	ENSG00000107679	hsa-miR-16-5p	MIMAT0000069	0.959074300667971
328	USP15	ENSG00000135655	hsa-miR-16-5p	MIMAT0000069	0.958986718013905
329	ST6GALNAC6	ENSG00000160408	hsa-miR-486-5p	MIMAT0002177	0.958967561175068
330	ZNF449	ENSG00000173275	hsa-miR-16-5p	MIMAT0000069	0.958905340508295
331	PURA	ENSG00000185129	hsa-miR-16-5p	MIMAT0000069	0.95869220690233
332	ADAM10	ENSG00000137845	hsa-miR-122-5p	MIMAT0000421	0.958631618220986
333	CDC14A	ENSG00000079335	hsa-miR-16-5p	MIMAT0000069	0.958399152014924
334	KCNT2	ENSG00000162687	hsa-miR-16-5p	MIMAT0000069	0.958297396019968
335	DLAT	ENSG00000150768	hsa-miR-122-5p	MIMAT0000421	0.958295754509955
336	MUC17	ENSG00000169876	hsa-miR-486-5p	MIMAT0002177	0.958272479887509
337	CCNG1	ENSG00000113328	hsa-miR-122-5p	MIMAT0000421	0.958234061081434
338	CASK	ENSG00000147044	hsa-miR-16-5p	MIMAT0000069	0.958067331701549
339	CHRD	ENSG00000090539	hsa-miR-16-5p	MIMAT0000069	0.95783330762635
340	PTCD3	ENSG00000132300	hsa-miR-16-5p	MIMAT0000069	0.957682847765519
341	BX664615.2	ENSG00000283886	hsa-miR-16-5p	MIMAT0000069	0.957457709686995
342	AREL1	ENSG00000119682	hsa-miR-16-5p	MIMAT0000069	0.957214546823809
343	IFT74	ENSG00000096872	hsa-miR-16-5p	MIMAT0000069	0.957047891594689
344	DUSP4	ENSG00000120875	hsa-miR-122-5p	MIMAT0000421	0.956960102633863
345	CNTNAP1	ENSG00000108797	hsa-miR-16-5p	MIMAT0000069	0.956947506297352
346	EPHA3	ENSG00000044524	hsa-miR-486-5p	MIMAT0002177	0.95682331276384
347	RIMKLB	ENSG00000166532	hsa-miR-16-5p	MIMAT0000069	0.956781397824859
348	ATXN7L3	ENSG00000087152	hsa-miR-16-5p	MIMAT0000069	0.956609651408155
349	BCL2A1	ENSG00000140379	hsa-miR-122-5p	MIMAT0000421	0.956392429370063
350	TRNT1	ENSG00000072756	hsa-miR-486-5p	MIMAT0002177	0.956263770452422
351	NECTIN1	ENSG00000110400	hsa-miR-16-5p	MIMAT0000069	0.955777995731204
352	ELL2	ENSG00000118985	hsa-miR-16-5p	MIMAT0000069	0.955767820027705
353	SPRED1	ENSG00000166068	hsa-miR-16-5p	MIMAT0000069	0.955683506538528
354	PCGF5	ENSG00000180628	hsa-miR-16-5p	MIMAT0000069	0.955622668284397
355	RPS6KA3	ENSG00000177189	hsa-miR-16-5p	MIMAT0000069	0.955471242660991
356	ZFHX4	ENSG00000091656	hsa-miR-16-5p	MIMAT0000069	0.955418445364227
357	DCAF10	ENSG00000122741	hsa-miR-486-5p	MIMAT0002177	0.955401315796917
358	INTS4	ENSG00000149262	hsa-miR-16-5p	MIMAT0000069	0.955255573716253
359	GRHL2	ENSG00000083307	hsa-miR-122-5p	MIMAT0000421	0.955215625131049
360	PCDHA12	ENSG00000251664	hsa-miR-16-5p	MIMAT0000069	0.955215624436657
361	Z84488.1	ENSG00000285446	hsa-miR-122-5p	MIMAT0000421	0.955052651412082
362	NLRX1	ENSG00000160703	hsa-miR-16-5p	MIMAT0000069	0.95504570689419
363	RBM12	ENSG00000244462	hsa-miR-16-5p	MIMAT0000069	0.954904566092335
364	AKAP11	ENSG00000023516	hsa-miR-16-5p	MIMAT0000069	0.954732086607932
365	PLSCR4	ENSG00000114698	hsa-miR-16-5p	MIMAT0000069	0.954721602086026
366	IRAK2	ENSG00000134070	hsa-miR-16-5p	MIMAT0000069	0.954667275051107
367	TTN	ENSG00000155657	hsa-miR-16-5p	MIMAT0000069	0.954485339514027
368	ARIH1	ENSG00000166233	hsa-miR-16-5p	MIMAT0000069	0.954467915993141
369	LAMP2	ENSG00000005893	hsa-miR-16-5p	MIMAT0000069	0.954172470108486
370	LAMP3	ENSG00000078081	hsa-miR-16-5p	MIMAT0000069	0.954123604213851
371	TMX3	ENSG00000166479	hsa-miR-122-5p	MIMAT0000421	0.953738407809338
372	KIF5C	ENSG00000168280	hsa-miR-16-5p	MIMAT0000069	0.953442134007945
373	ADAMTS19	ENSG00000145808	hsa-miR-486-5p	MIMAT0002177	0.953052045642404
374	NDP	ENSG00000124479	hsa-miR-16-5p	MIMAT0000069	0.952929305463936
375	BICD1	ENSG00000151746	hsa-miR-122-5p	MIMAT0000421	0.952927565386639
376	BORCS6	ENSG00000196544	hsa-miR-16-5p	MIMAT0000069	0.952883318961441
377	POLR3F	ENSG00000132664	hsa-miR-16-5p	MIMAT0000069	0.952875305445889
378	TM4SF20	ENSG00000168955	hsa-miR-486-5p	MIMAT0002177	0.952732007635191
379	TASP1	ENSG00000089123	hsa-miR-16-5p	MIMAT0000069	0.952383278664436
380	SPTBN2	ENSG00000173898	hsa-miR-16-5p	MIMAT0000069	0.952210236571068
381	ESRP1	ENSG00000104413	hsa-miR-16-5p	MIMAT0000069	0.952108135498307
382	WNK3	ENSG00000196632	hsa-miR-16-5p	MIMAT0000069	0.95198183520147
383	ZMAT3	ENSG00000172667	hsa-miR-16-5p	MIMAT0000069	0.951838249793079
384	ARPP19	ENSG00000128989	hsa-miR-16-5p	MIMAT0000069	0.951750360273131
385	SEH1L	ENSG00000085415	hsa-miR-16-5p	MIMAT0000069	0.951726711341069
386	BTBD9	ENSG00000183826	hsa-miR-16-5p	MIMAT0000069	0.951654559671544
387	HMGA2	ENSG00000149948	hsa-miR-122-5p	MIMAT0000421	0.951287759600458
388	DHFR2	ENSG00000178700	hsa-miR-486-5p	MIMAT0002177	0.951254340215015
389	ARHGAP5	ENSG00000100852	hsa-miR-486-5p	MIMAT0002177	0.951033228529992
390	CDC42SE2	ENSG00000158985	hsa-miR-16-5p	MIMAT0000069	0.95083988183903
391	SLC35E3	ENSG00000175782	hsa-miR-122-5p	MIMAT0000421	0.950803389811967
392	VTI1A	ENSG00000151532	hsa-miR-486-5p	MIMAT0002177	0.95062441689185
393	TMEM67	ENSG00000164953	hsa-miR-486-5p	MIMAT0002177	0.950520838660189
394	ZC3HAV1	ENSG00000105939	hsa-miR-486-5p	MIMAT0002177	0.950513643521983
395	PAPOLA	ENSG00000090060	hsa-miR-122-5p	MIMAT0000421	0.95050344728431
396	NRG4	ENSG00000169752	hsa-miR-486-5p	MIMAT0002177	0.950383215994035
397	SPEN	ENSG00000065526	hsa-miR-16-5p	MIMAT0000069	0.949934262241008
398	NCOA6	ENSG00000198646	hsa-miR-486-5p	MIMAT0002177	0.949902867949397
399	ARMH4	ENSG00000139971	hsa-miR-16-5p	MIMAT0000069	0.949890973622176
400	GALNT12	ENSG00000119514	hsa-miR-122-5p	MIMAT0000421	0.949814889114087
401	SLC25A34	ENSG00000162461	hsa-miR-122-5p	MIMAT0000421	0.949719524083943
402	MTAP	ENSG00000099810	hsa-miR-122-5p	MIMAT0000421	0.949341286035915
403	MXI1	ENSG00000119950	hsa-miR-486-5p	MIMAT0002177	0.948905106134772
404	RAB10	ENSG00000084733	hsa-miR-16-5p	MIMAT0000069	0.948891006065561
405	SLC38A1	ENSG00000111371	hsa-miR-486-5p	MIMAT0002177	0.948831856578417
406	DDX3X	ENSG00000215301	hsa-miR-16-5p	MIMAT0000069	0.948724991658037
407	AC093512.2	ENSG00000285043	hsa-miR-122-5p	MIMAT0000421	0.948700436687472
408	NIPBL	ENSG00000164190	hsa-miR-486-5p	MIMAT0002177	0.948699742515501
409	TWF1	ENSG00000151239	hsa-miR-486-5p	MIMAT0002177	0.948540279184384
410	EPO	ENSG00000130427	hsa-miR-122-5p	MIMAT0000421	0.948494886133326
411	SNRPD1	ENSG00000167088	hsa-miR-486-5p	MIMAT0002177	0.948448900882234
412	MEOX2	ENSG00000106511	hsa-miR-16-5p	MIMAT0000069	0.948223906587168
413	CLCN5	ENSG00000171365	hsa-miR-16-5p	MIMAT0000069	0.948034010889836
414	GPR153	ENSG00000158292	hsa-miR-486-5p	MIMAT0002177	0.947978186030357
415	DENND4A	ENSG00000174485	hsa-miR-16-5p	MIMAT0000069	0.947954434004567
416	DYNLL2	ENSG00000264364	hsa-miR-16-5p	MIMAT0000069	0.947718301996925
417	MAPRE1	ENSG00000101367	hsa-miR-122-5p	MIMAT0000421	0.947435656255168
418	CACNA2D1	ENSG00000153956	hsa-miR-16-5p	MIMAT0000069	0.947411112077189
419	MECOM	ENSG00000085276	hsa-miR-122-5p	MIMAT0000421	0.94731281483452
420	ZFHX3	ENSG00000140836	hsa-miR-16-5p	MIMAT0000069	0.947252568056689
421	CCDC85C	ENSG00000205476	hsa-miR-16-5p	MIMAT0000069	0.946498151782043
422	LRP6	ENSG00000070018	hsa-miR-16-5p	MIMAT0000069	0.945946567242335
423	NCKAP5	ENSG00000176771	hsa-miR-486-5p	MIMAT0002177	0.945781762740976
424	UBE2V1	ENSG00000244687	hsa-miR-16-5p	MIMAT0000069	0.945691061849367
425	CEP350	ENSG00000135837	hsa-miR-486-5p	MIMAT0002177	0.945466820255728
426	ADAMTS12	ENSG00000151388	hsa-miR-16-5p	MIMAT0000069	0.944904452806967
427	ZNF423	ENSG00000102935	hsa-miR-486-5p	MIMAT0002177	0.944730182221421
428	PRR23D1	ENSG00000255251	hsa-miR-122-5p	MIMAT0000421	0.944682661176668
429	SCAI	ENSG00000173611	hsa-miR-16-5p	MIMAT0000069	0.944219645821492
430	LCE3E	ENSG00000185966	hsa-miR-486-5p	MIMAT0002177	0.944100585935485
431	PRR23D2	ENSG00000255378	hsa-miR-122-5p	MIMAT0000421	0.944039179815164
432	ZNF827	ENSG00000151612	hsa-miR-122-5p	MIMAT0000421	0.944029087549511
433	KIF1B	ENSG00000054523	hsa-miR-16-5p	MIMAT0000069	0.943799576365809
434	NEBL	ENSG00000078114	hsa-miR-16-5p	MIMAT0000069	0.943758322462997
435	NHLRC2	ENSG00000196865	hsa-miR-16-5p	MIMAT0000069	0.943575370026062
436	DHFR	ENSG00000228716	hsa-miR-486-5p	MIMAT0002177	0.94327025450214
437	ADGRL2	ENSG00000117114	hsa-miR-16-5p	MIMAT0000069	0.942974728272292
438	RAB11FIP2	ENSG00000107560	hsa-miR-16-5p	MIMAT0000069	0.942792401748506
439	DENND6A	ENSG00000174839	hsa-miR-16-5p	MIMAT0000069	0.94245971592492
440	PRKG1	ENSG00000185532	hsa-miR-16-5p	MIMAT0000069	0.942371105506042
441	APLN	ENSG00000171388	hsa-miR-16-5p	MIMAT0000069	0.942167001873834
442	KLHL9	ENSG00000198642	hsa-miR-486-5p	MIMAT0002177	0.941835692351858
443	NPAS3	ENSG00000151322	hsa-miR-122-5p	MIMAT0000421	0.941389732223804
444	HSPA4L	ENSG00000164070	hsa-miR-16-5p	MIMAT0000069	0.941290698683248
445	ATF6	ENSG00000118217	hsa-miR-122-5p	MIMAT0000421	0.941131802463674
446	DUSP28	ENSG00000188542	hsa-miR-122-5p	MIMAT0000421	0.941100557932556
447	AKIRIN1	ENSG00000174574	hsa-miR-16-5p	MIMAT0000069	0.94103140242298
448	SH3GL2	ENSG00000107295	hsa-miR-16-5p	MIMAT0000069	0.940847465825649
449	INSR	ENSG00000171105	hsa-miR-16-5p	MIMAT0000069	0.940815408984495
450	DLL1	ENSG00000198719	hsa-miR-16-5p	MIMAT0000069	0.940731402520201
451	PTPRG	ENSG00000144724	hsa-miR-122-5p	MIMAT0000421	0.940717905768121
452	RFXAP	ENSG00000133111	hsa-miR-122-5p	MIMAT0000421	0.940513199541817
453	MAPK8	ENSG00000107643	hsa-miR-16-5p	MIMAT0000069	0.940167025203005
454	CDC27	ENSG00000004897	hsa-miR-16-5p	MIMAT0000069	0.939874909730025
455	ZNF423	ENSG00000102935	hsa-miR-16-5p	MIMAT0000069	0.939770390676688
456	PELI1	ENSG00000197329	hsa-miR-122-5p	MIMAT0000421	0.939704846467702
457	PAFAH1B1	ENSG00000007168	hsa-miR-16-5p	MIMAT0000069	0.939687637848513
458	IMPG1	ENSG00000112706	hsa-miR-16-5p	MIMAT0000069	0.939541149612753
459	CBFA2T3	ENSG00000129993	hsa-miR-16-5p	MIMAT0000069	0.939378216532349
460	SNRK	ENSG00000163788	hsa-miR-16-5p	MIMAT0000069	0.939370239325436
461	NUP50	ENSG00000093000	hsa-miR-16-5p	MIMAT0000069	0.939102453489224
462	CASR	ENSG00000036828	hsa-miR-16-5p	MIMAT0000069	0.938807723603414
463	CSF2RA	ENSG00000198223	hsa-miR-122-5p	MIMAT0000421	0.938698021138559
464	RBM41	ENSG00000089682	hsa-miR-486-5p	MIMAT0002177	0.93803523448114
465	SMAD2	ENSG00000175387	hsa-miR-16-5p	MIMAT0000069	0.937860881622774
466	PIP4K2A	ENSG00000150867	hsa-miR-122-5p	MIMAT0000421	0.937095537712586
467	C10orf67	ENSG00000179133	hsa-miR-16-5p	MIMAT0000069	0.937013615888256
468	VEGFA	ENSG00000112715	hsa-miR-16-5p	MIMAT0000069	0.935887218298073
469	PDZRN3	ENSG00000121440	hsa-miR-486-5p	MIMAT0002177	0.935800020064738
470	ZNF213	ENSG00000085644	hsa-miR-122-5p	MIMAT0000421	0.935063347961682
471	ARFGEF3	ENSG00000112379	hsa-miR-122-5p	MIMAT0000421	0.934835566552559
472	FAM193B	ENSG00000146067	hsa-miR-16-5p	MIMAT0000069	0.934798499668455
473	ZNF181	ENSG00000197841	hsa-miR-486-5p	MIMAT0002177	0.934229158351959
474	CD40LG	ENSG00000102245	hsa-miR-122-5p	MIMAT0000421	0.93393867448001
475	AMER1	ENSG00000184675	hsa-miR-16-5p	MIMAT0000069	0.933866028460154
476	WWC1	ENSG00000113645	hsa-miR-16-5p	MIMAT0000069	0.933712225288468
477	METTL9	ENSG00000197006	hsa-miR-122-5p	MIMAT0000421	0.93353798202817
478	AHCYL2	ENSG00000158467	hsa-miR-16-5p	MIMAT0000069	0.933166411490492
479	STYX	ENSG00000198252	hsa-miR-16-5p	MIMAT0000069	0.933022929948347
480	TRAPPC6B	ENSG00000182400	hsa-miR-486-5p	MIMAT0002177	0.933020203011006
481	ZBTB20	ENSG00000181722	hsa-miR-16-5p	MIMAT0000069	0.932140496210067
482	CHD7	ENSG00000171316	hsa-miR-16-5p	MIMAT0000069	0.932063724131638
483	FOXO1	ENSG00000150907	hsa-miR-16-5p	MIMAT0000069	0.93198357149124
484	POLR1A	ENSG00000068654	hsa-miR-16-5p	MIMAT0000069	0.931692527657077
485	ZNF367	ENSG00000165244	hsa-miR-486-5p	MIMAT0002177	0.931574685021132
486	CENPJ	ENSG00000151849	hsa-miR-486-5p	MIMAT0002177	0.931420900164373
487	PLEKHG4	ENSG00000196155	hsa-miR-16-5p	MIMAT0000069	0.931378629155977
488	NEGR1	ENSG00000172260	hsa-miR-122-5p	MIMAT0000421	0.930707029385793
489	DPH5	ENSG00000117543	hsa-miR-16-5p	MIMAT0000069	0.930697373742735
490	INF2	ENSG00000203485	hsa-miR-16-5p	MIMAT0000069	0.93069152676052
491	FUBP1	ENSG00000162613	hsa-miR-16-5p	MIMAT0000069	0.930619405479673
492	UHMK1	ENSG00000152332	hsa-miR-16-5p	MIMAT0000069	0.930475682216825
493	TRAM1	ENSG00000067167	hsa-miR-16-5p	MIMAT0000069	0.929879810013631
494	CC2D1B	ENSG00000154222	hsa-miR-16-5p	MIMAT0000069	0.929479921947846
495	CCND3	ENSG00000112576	hsa-miR-16-5p	MIMAT0000069	0.928832005946824
496	UBE2K	ENSG00000078140	hsa-miR-16-5p	MIMAT0000069	0.92851761185842
497	NCR3LG1	ENSG00000188211	hsa-miR-16-5p	MIMAT0000069	0.928007593385253
498	DCP1A	ENSG00000272886	hsa-miR-16-5p	MIMAT0000069	0.92792365022215
499	GIT1	ENSG00000108262	hsa-miR-122-5p	MIMAT0000421	0.927752438211425
500	SPRYD3	ENSG00000167778	hsa-miR-16-5p	MIMAT0000069	0.927363905705432
501	SPTLC1	ENSG00000090054	hsa-miR-16-5p	MIMAT0000069	0.927270868055466
502	AVL9	ENSG00000105778	hsa-miR-16-5p	MIMAT0000069	0.92715995107183
503	CDH7	ENSG00000081138	hsa-miR-486-5p	MIMAT0002177	0.927095985997792
504	SIRT4	ENSG00000089163	hsa-miR-16-5p	MIMAT0000069	0.927076550612348
505	LARGE2	ENSG00000165905	hsa-miR-16-5p	MIMAT0000069	0.927056993503712
506	C10orf143	ENSG00000237489	hsa-miR-486-5p	MIMAT0002177	0.926764446122094
507	COL6A6	ENSG00000206384	hsa-miR-486-5p	MIMAT0002177	0.926630443010413
508	FAM83F	ENSG00000133477	hsa-miR-16-5p	MIMAT0000069	0.926585127573034
509	GOLGA1	ENSG00000136935	hsa-miR-122-5p	MIMAT0000421	0.926482219298248
510	SLC9A8	ENSG00000197818	hsa-miR-16-5p	MIMAT0000069	0.926111079495308
511	PIM1	ENSG00000137193	hsa-miR-486-5p	MIMAT0002177	0.9259348401138
512	RBM12	ENSG00000244462	hsa-miR-486-5p	MIMAT0002177	0.925821175428138
513	AC078815.1	ENSG00000288591	hsa-miR-122-5p	MIMAT0000421	0.925707724481555
514	SRSF7	ENSG00000115875	hsa-miR-122-5p	MIMAT0000421	0.925366272921517
515	CNKSR3	ENSG00000153721	hsa-miR-16-5p	MIMAT0000069	0.925171623451011
516	USP14	ENSG00000101557	hsa-miR-16-5p	MIMAT0000069	0.925065918046121
517	CCDC150	ENSG00000144395	hsa-miR-122-5p	MIMAT0000421	0.924559901339314
518	ACTR2	ENSG00000138071	hsa-miR-16-5p	MIMAT0000069	0.924309612783648
519	TMEM241	ENSG00000134490	hsa-miR-486-5p	MIMAT0002177	0.924280292216195
520	ZNF268	ENSG00000090612	hsa-miR-122-5p	MIMAT0000421	0.92419614007184
521	MAMSTR	ENSG00000176909	hsa-miR-16-5p	MIMAT0000069	0.923935464815408
522	PRDM11	ENSG00000019485	hsa-miR-16-5p	MIMAT0000069	0.92381139166289
523	FANCB	ENSG00000181544	hsa-miR-16-5p	MIMAT0000069	0.923799906353226
524	BOLL	ENSG00000152430	hsa-miR-486-5p	MIMAT0002177	0.923506928120916
525	CYP26B1	ENSG00000003137	hsa-miR-16-5p	MIMAT0000069	0.923491801967605
526	SLC9A1	ENSG00000090020	hsa-miR-122-5p	MIMAT0000421	0.923279784627783
527	GLT1D1	ENSG00000151948	hsa-miR-16-5p	MIMAT0000069	0.923045672731765
528	WIPF3	ENSG00000122574	hsa-miR-486-5p	MIMAT0002177	0.923001841809527
529	ELAC1	ENSG00000141642	hsa-miR-16-5p	MIMAT0000069	0.922975176711379
530	ZNF367	ENSG00000165244	hsa-miR-16-5p	MIMAT0000069	0.922794412346399
531	STK26	ENSG00000134602	hsa-miR-486-5p	MIMAT0002177	0.922579519537518
532	NBN	ENSG00000104320	hsa-miR-486-5p	MIMAT0002177	0.921845903637917
533	RICTOR	ENSG00000164327	hsa-miR-16-5p	MIMAT0000069	0.921694482578879
534	NLRP1	ENSG00000091592	hsa-miR-486-5p	MIMAT0002177	0.921485635443518
535	ZNF431	ENSG00000196705	hsa-miR-122-5p	MIMAT0000421	0.921479149368294
536	SLC7A14	ENSG00000013293	hsa-miR-122-5p	MIMAT0000421	0.921421551245791
537	MT1H	ENSG00000205358	hsa-miR-16-5p	MIMAT0000069	0.921264919176174
538	SHOC2	ENSG00000108061	hsa-miR-16-5p	MIMAT0000069	0.921167567122872
539	MFSD4B	ENSG00000173214	hsa-miR-486-5p	MIMAT0002177	0.921120203054754
540	TRIM66	ENSG00000166436	hsa-miR-16-5p	MIMAT0000069	0.920481462243357
541	TRIM10	ENSG00000204613	hsa-miR-486-5p	MIMAT0002177	0.920295489797607
542	ATP4B	ENSG00000186009	hsa-miR-16-5p	MIMAT0000069	0.920218191163593
543	CBX6	ENSG00000183741	hsa-miR-16-5p	MIMAT0000069	0.920167135948953
544	CLDN10	ENSG00000134873	hsa-miR-486-5p	MIMAT0002177	0.920120271516358
545	PIK3R1	ENSG00000145675	hsa-miR-486-5p	MIMAT0002177	0.919700300949351
546	PLCXD2	ENSG00000240891	hsa-miR-16-5p	MIMAT0000069	0.919346703603973
547	ADAMTS3	ENSG00000156140	hsa-miR-16-5p	MIMAT0000069	0.919261880827588
548	COLEC12	ENSG00000158270	hsa-miR-122-5p	MIMAT0000421	0.91918391105364
549	SEC22C	ENSG00000093183	hsa-miR-122-5p	MIMAT0000421	0.919115634014505
550	ARL3	ENSG00000138175	hsa-miR-16-5p	MIMAT0000069	0.919009970026536
551	KDR	ENSG00000128052	hsa-miR-16-5p	MIMAT0000069	0.918745633983265
552	RNF125	ENSG00000101695	hsa-miR-16-5p	MIMAT0000069	0.918656329581724
553	CCDC85C	ENSG00000205476	hsa-miR-486-5p	MIMAT0002177	0.918503726545506
554	NEK2	ENSG00000117650	hsa-miR-486-5p	MIMAT0002177	0.918379788841813
555	MT2A	ENSG00000125148	hsa-miR-16-5p	MIMAT0000069	0.918260180395509
556	GPATCH8	ENSG00000186566	hsa-miR-16-5p	MIMAT0000069	0.91778714149989
557	SLC13A3	ENSG00000158296	hsa-miR-16-5p	MIMAT0000069	0.917711860919018
558	NCR3LG1	ENSG00000188211	hsa-miR-486-5p	MIMAT0002177	0.917434203034543
559	TTN	ENSG00000155657	hsa-miR-486-5p	MIMAT0002177	0.917313395129054
560	FAM227B	ENSG00000166262	hsa-miR-122-5p	MIMAT0000421	0.916444763395867
561	TTC30A	ENSG00000197557	hsa-miR-16-5p	MIMAT0000069	0.916339996022184
562	MYLK4	ENSG00000145949	hsa-miR-16-5p	MIMAT0000069	0.91623167879415
563	COBLL1	ENSG00000082438	hsa-miR-16-5p	MIMAT0000069	0.916210396471036
564	NISCH	ENSG00000010322	hsa-miR-16-5p	MIMAT0000069	0.916049904929026
565	CLIC4	ENSG00000169504	hsa-miR-122-5p	MIMAT0000421	0.916007692728806
566	AQP11	ENSG00000178301	hsa-miR-486-5p	MIMAT0002177	0.915882710053283
567	RFK	ENSG00000135002	hsa-miR-16-5p	MIMAT0000069	0.915763714978872
568	ABHD17B	ENSG00000107362	hsa-miR-486-5p	MIMAT0002177	0.915703381278921
569	NUDT11	ENSG00000196368	hsa-miR-486-5p	MIMAT0002177	0.915592220143521
570	NAV1	ENSG00000134369	hsa-miR-16-5p	MIMAT0000069	0.915557407160814
571	WDR47	ENSG00000085433	hsa-miR-122-5p	MIMAT0000421	0.915551712978577
572	TBRG1	ENSG00000154144	hsa-miR-16-5p	MIMAT0000069	0.915224160985645
573	GALC	ENSG00000054983	hsa-miR-122-5p	MIMAT0000421	0.915217681410416
574	ATP5MC3	ENSG00000154518	hsa-miR-16-5p	MIMAT0000069	0.914766291392751
575	MYL6	ENSG00000092841	hsa-miR-16-5p	MIMAT0000069	0.914675445904313
576	DDR2	ENSG00000162733	hsa-miR-122-5p	MIMAT0000421	0.914571841722593
577	PLXNA2	ENSG00000076356	hsa-miR-122-5p	MIMAT0000421	0.914416542561823
578	MYRIP	ENSG00000170011	hsa-miR-16-5p	MIMAT0000069	0.914311871775133
579	ID4	ENSG00000172201	hsa-miR-486-5p	MIMAT0002177	0.913610341220655
580	SMURF2	ENSG00000108854	hsa-miR-16-5p	MIMAT0000069	0.913551455742811
581	PCDHGA6	ENSG00000253731	hsa-miR-486-5p	MIMAT0002177	0.913232704555976
582	CCDC6	ENSG00000108091	hsa-miR-16-5p	MIMAT0000069	0.912958725687558
583	MAP4K2	ENSG00000168067	hsa-miR-16-5p	MIMAT0000069	0.912735166598571
584	AKAP10	ENSG00000108599	hsa-miR-122-5p	MIMAT0000421	0.912726815983681
585	OTUD4	ENSG00000164164	hsa-miR-16-5p	MIMAT0000069	0.912721643993382
586	HPSE2	ENSG00000172987	hsa-miR-122-5p	MIMAT0000421	0.912556106739393
587	CDKN3	ENSG00000100526	hsa-miR-486-5p	MIMAT0002177	0.911744872144205
588	MYO9A	ENSG00000066933	hsa-miR-122-5p	MIMAT0000421	0.911696849899349
589	RNF41	ENSG00000181852	hsa-miR-16-5p	MIMAT0000069	0.911695911614502
590	BEND5	ENSG00000162373	hsa-miR-122-5p	MIMAT0000421	0.911586123197729
591	EZH1	ENSG00000108799	hsa-miR-16-5p	MIMAT0000069	0.91155129516262
592	SLC38A6	ENSG00000139974	hsa-miR-16-5p	MIMAT0000069	0.911468383291301
593	RIPOR2	ENSG00000111913	hsa-miR-16-5p	MIMAT0000069	0.911455485987333
594	HIPK2	ENSG00000064393	hsa-miR-16-5p	MIMAT0000069	0.911205344075908
595	CACNA1E	ENSG00000198216	hsa-miR-16-5p	MIMAT0000069	0.911130233143665
596	NTRK3	ENSG00000140538	hsa-miR-16-5p	MIMAT0000069	0.910977090362508
597	CCAR1	ENSG00000060339	hsa-miR-122-5p	MIMAT0000421	0.910861464601042
598	MT1G	ENSG00000125144	hsa-miR-16-5p	MIMAT0000069	0.910744721441096
599	CCDC186	ENSG00000165813	hsa-miR-122-5p	MIMAT0000421	0.910649583559829
600	HAUS3	ENSG00000214367	hsa-miR-16-5p	MIMAT0000069	0.910190722272383
601	FGF9	ENSG00000102678	hsa-miR-486-5p	MIMAT0002177	0.910046011653585
602	ARHGAP5	ENSG00000100852	hsa-miR-16-5p	MIMAT0000069	0.909691788827435
603	TBC1D22B	ENSG00000065491	hsa-miR-122-5p	MIMAT0000421	0.909544598097034
604	PDPR	ENSG00000090857	hsa-miR-122-5p	MIMAT0000421	0.909524944283303
605	SMOC1	ENSG00000198732	hsa-miR-486-5p	MIMAT0002177	0.909485139128588
606	ZNF81	ENSG00000197779	hsa-miR-16-5p	MIMAT0000069	0.909285793630901
607	SCN2A	ENSG00000136531	hsa-miR-16-5p	MIMAT0000069	0.909168605569767
608	CMTM4	ENSG00000183723	hsa-miR-16-5p	MIMAT0000069	0.909014898557435
609	AC010547.4	ENSG00000261611	hsa-miR-486-5p	MIMAT0002177	0.908771429976476
610	FPGT-TNNI3K	ENSG00000259030	hsa-miR-122-5p	MIMAT0000421	0.908391380267723
611	PDCD4	ENSG00000150593	hsa-miR-16-5p	MIMAT0000069	0.908250349979414
612	CHD2	ENSG00000173575	hsa-miR-16-5p	MIMAT0000069	0.90817783033577
613	NAA15	ENSG00000164134	hsa-miR-16-5p	MIMAT0000069	0.907785699509943
614	TRHDE	ENSG00000072657	hsa-miR-486-5p	MIMAT0002177	0.907695551345105
615	STRIP1	ENSG00000143093	hsa-miR-16-5p	MIMAT0000069	0.907629901619827
616	ETNK1	ENSG00000139163	hsa-miR-16-5p	MIMAT0000069	0.907417184992721
617	PLXNC1	ENSG00000136040	hsa-miR-16-5p	MIMAT0000069	0.907264972820646
618	KPNA3	ENSG00000102753	hsa-miR-16-5p	MIMAT0000069	0.907078031330235
619	AGO1	ENSG00000092847	hsa-miR-16-5p	MIMAT0000069	0.906990325409185
620	BCL2L2	ENSG00000129473	hsa-miR-16-5p	MIMAT0000069	0.906911877061824
621	BPY2	ENSG00000183753	hsa-miR-122-5p	MIMAT0000421	0.906666906073075
622	DARS1	ENSG00000115866	hsa-miR-486-5p	MIMAT0002177	0.906599997698271
623	LRRC7	ENSG00000033122	hsa-miR-16-5p	MIMAT0000069	0.906553788841968
624	BPY2C	ENSG00000185894	hsa-miR-122-5p	MIMAT0000421	0.906503394913052
625	BPY2B	ENSG00000183795	hsa-miR-122-5p	MIMAT0000421	0.906405215625488
626	FSIP2	ENSG00000188738	hsa-miR-486-5p	MIMAT0002177	0.906252341426765
627	KIF5B	ENSG00000170759	hsa-miR-16-5p	MIMAT0000069	0.906228177130645
628	GYPA	ENSG00000170180	hsa-miR-122-5p	MIMAT0000421	0.906073569410693
629	ERCC6L2	ENSG00000182150	hsa-miR-122-5p	MIMAT0000421	0.905729666898155
630	OOEP	ENSG00000203907	hsa-miR-16-5p	MIMAT0000069	0.905532114213502
631	AC022400.5	ENSG00000272916	hsa-miR-16-5p	MIMAT0000069	0.905515474386365
632	VAMP3	ENSG00000049245	hsa-miR-122-5p	MIMAT0000421	0.905412236293159
633	TRIM36	ENSG00000152503	hsa-miR-486-5p	MIMAT0002177	0.905366907820854
634	NTRK2	ENSG00000148053	hsa-miR-122-5p	MIMAT0000421	0.905186237280961
635	PIAS2	ENSG00000078043	hsa-miR-16-5p	MIMAT0000069	0.90476339843154
636	ANKS1A	ENSG00000064999	hsa-miR-16-5p	MIMAT0000069	0.904749004100401
637	FASN	ENSG00000169710	hsa-miR-16-5p	MIMAT0000069	0.904726065400937
638	MEX3C	ENSG00000176624	hsa-miR-16-5p	MIMAT0000069	0.904554701381021
639	FCGRT	ENSG00000104870	hsa-miR-16-5p	MIMAT0000069	0.904520034070732
640	AL357673.1	ENSG00000256407	hsa-miR-16-5p	MIMAT0000069	0.904464856475322
641	EPN1	ENSG00000063245	hsa-miR-122-5p	MIMAT0000421	0.903763442729122
642	AC068946.2	ENSG00000284820	hsa-miR-486-5p	MIMAT0002177	0.903713573681777
643	ZNF181	ENSG00000197841	hsa-miR-122-5p	MIMAT0000421	0.90360574212431
644	PSAT1	ENSG00000135069	hsa-miR-16-5p	MIMAT0000069	0.903331116028357
645	HTR2A	ENSG00000102468	hsa-miR-16-5p	MIMAT0000069	0.903279833932139
646	LIN7A	ENSG00000111052	hsa-miR-16-5p	MIMAT0000069	0.903155822573946
647	STXBP3	ENSG00000116266	hsa-miR-16-5p	MIMAT0000069	0.902800570322449
648	PEX5	ENSG00000139197	hsa-miR-16-5p	MIMAT0000069	0.902614788218301
649	ENAH	ENSG00000154380	hsa-miR-16-5p	MIMAT0000069	0.90243352753358
650	KCNC2	ENSG00000166006	hsa-miR-16-5p	MIMAT0000069	0.901972399581648
651	PDK3	ENSG00000067992	hsa-miR-16-5p	MIMAT0000069	0.901899852521872
652	USP9X	ENSG00000124486	hsa-miR-16-5p	MIMAT0000069	0.901773328250465
653	SFXN2	ENSG00000156398	hsa-miR-486-5p	MIMAT0002177	0.901474520028594
654	MIB1	ENSG00000101752	hsa-miR-16-5p	MIMAT0000069	0.901461284493122
655	ADK	ENSG00000156110	hsa-miR-486-5p	MIMAT0002177	0.901417009896561
656	FGF7	ENSG00000140285	hsa-miR-486-5p	MIMAT0002177	0.901406220346114
657	ZNF827	ENSG00000151612	hsa-miR-486-5p	MIMAT0002177	0.901262860760044
658	PHF10	ENSG00000130024	hsa-miR-486-5p	MIMAT0002177	0.901195691499687
659	FAM133B	ENSG00000234545	hsa-miR-16-5p	MIMAT0000069	0.901194384581831
660	EXT2	ENSG00000151348	hsa-miR-16-5p	MIMAT0000069	0.901114978089443
661	TACC1	ENSG00000147526	hsa-miR-16-5p	MIMAT0000069	0.900918324122952
662	LSM8	ENSG00000128534	hsa-miR-486-5p	MIMAT0002177	0.90078029091319
663	ZNF548	ENSG00000188785	hsa-miR-16-5p	MIMAT0000069	0.900144873662924
664	COP1	ENSG00000143207	hsa-miR-16-5p	MIMAT0000069	0.899976274938183
665	GRM7	ENSG00000196277	hsa-miR-16-5p	MIMAT0000069	0.899718153750253
666	TSC22D2	ENSG00000196428	hsa-miR-16-5p	MIMAT0000069	0.89966276320669
667	CADM1	ENSG00000182985	hsa-miR-16-5p	MIMAT0000069	0.899631808143512
668	NUDCD1	ENSG00000120526	hsa-miR-486-5p	MIMAT0002177	0.899024618426034
669	ANKRD13B	ENSG00000198720	hsa-miR-16-5p	MIMAT0000069	0.898872280196556
670	PIGS	ENSG00000087111	hsa-miR-122-5p	MIMAT0000421	0.898860715879119
671	STXBP5	ENSG00000164506	hsa-miR-16-5p	MIMAT0000069	0.898858766005917
672	ADGRL1	ENSG00000072071	hsa-miR-16-5p	MIMAT0000069	0.898762828973003
673	WIF1	ENSG00000156076	hsa-miR-16-5p	MIMAT0000069	0.898555614053364
674	BTLA	ENSG00000186265	hsa-miR-16-5p	MIMAT0000069	0.898431291645391
675	DNAJC21	ENSG00000168724	hsa-miR-486-5p	MIMAT0002177	0.898327992905392
676	ADAMDEC1	ENSG00000134028	hsa-miR-122-5p	MIMAT0000421	0.898307439850515
677	C18orf32	ENSG00000177576	hsa-miR-122-5p	MIMAT0000421	0.897956121888946
678	MBNL1	ENSG00000152601	hsa-miR-122-5p	MIMAT0000421	0.897683651676347
679	TMTC2	ENSG00000179104	hsa-miR-122-5p	MIMAT0000421	0.897656259075506
680	PHC3	ENSG00000173889	hsa-miR-486-5p	MIMAT0002177	0.897591818152496
681	MACF1	ENSG00000127603	hsa-miR-16-5p	MIMAT0000069	0.897580821034737
682	TMEM178B	ENSG00000261115	hsa-miR-16-5p	MIMAT0000069	0.897409598840692
683	FLRT2	ENSG00000185070	hsa-miR-486-5p	MIMAT0002177	0.8972449793629
684	RBM46	ENSG00000151962	hsa-miR-486-5p	MIMAT0002177	0.896731411835553
685	PKM	ENSG00000067225	hsa-miR-122-5p	MIMAT0000421	0.896671581037071
686	TRPM3	ENSG00000083067	hsa-miR-16-5p	MIMAT0000069	0.896420663348263
687	ABI2	ENSG00000138443	hsa-miR-16-5p	MIMAT0000069	0.896406957064052
688	SPAST	ENSG00000021574	hsa-miR-486-5p	MIMAT0002177	0.896100334578048
689	DYRK1A	ENSG00000157540	hsa-miR-16-5p	MIMAT0000069	0.895859647662366
690	WBP11	ENSG00000084463	hsa-miR-16-5p	MIMAT0000069	0.895828141784352
691	PLEKHG3	ENSG00000126822	hsa-miR-486-5p	MIMAT0002177	0.895715724182371
692	SLC41A2	ENSG00000136052	hsa-miR-16-5p	MIMAT0000069	0.895689952638235
693	GNAT1	ENSG00000114349	hsa-miR-16-5p	MIMAT0000069	0.895688265746127
694	SNX21	ENSG00000124104	hsa-miR-486-5p	MIMAT0002177	0.894907011155229
695	THRB	ENSG00000151090	hsa-miR-486-5p	MIMAT0002177	0.894823543783959
696	LUZP1	ENSG00000169641	hsa-miR-16-5p	MIMAT0000069	0.894736673331363
697	BX664615.2	ENSG00000283886	hsa-miR-486-5p	MIMAT0002177	0.894624338820697
698	EMP1	ENSG00000134531	hsa-miR-486-5p	MIMAT0002177	0.894482475174817
699	HECTD1	ENSG00000092148	hsa-miR-16-5p	MIMAT0000069	0.894431140983017
700	PGLYRP2	ENSG00000161031	hsa-miR-122-5p	MIMAT0000421	0.894007988500065
701	ZNF714	ENSG00000160352	hsa-miR-486-5p	MIMAT0002177	0.893903412481438
702	ELP4	ENSG00000109911	hsa-miR-122-5p	MIMAT0000421	0.893539056503795
703	IKBKB	ENSG00000104365	hsa-miR-16-5p	MIMAT0000069	0.893240590398459
704	UTP25	ENSG00000117597	hsa-miR-16-5p	MIMAT0000069	0.893216979612986
705	PARD6B	ENSG00000124171	hsa-miR-16-5p	MIMAT0000069	0.893024389189357
706	CD180	ENSG00000134061	hsa-miR-16-5p	MIMAT0000069	0.892956798337394
707	SLC9A6	ENSG00000198689	hsa-miR-16-5p	MIMAT0000069	0.892763408194964
708	RAPGEFL1	ENSG00000108352	hsa-miR-16-5p	MIMAT0000069	0.892743017598383
709	GPIHBP1	ENSG00000277494	hsa-miR-122-5p	MIMAT0000421	0.892691120143195
710	GNRHR	ENSG00000109163	hsa-miR-486-5p	MIMAT0002177	0.892569210506386
711	ERV3-1	ENSG00000213462	hsa-miR-122-5p	MIMAT0000421	0.892423881392682
712	EIF4E	ENSG00000151247	hsa-miR-486-5p	MIMAT0002177	0.892375031108919
713	AC018362.3	ENSG00000285942	hsa-miR-486-5p	MIMAT0002177	0.891604894890329
714	PEG10	ENSG00000242265	hsa-miR-122-5p	MIMAT0000421	0.891587734368732
715	LTBP2	ENSG00000119681	hsa-miR-486-5p	MIMAT0002177	0.891405243719759
716	CBFB	ENSG00000067955	hsa-miR-486-5p	MIMAT0002177	0.891220761223997
717	WSB1	ENSG00000109046	hsa-miR-16-5p	MIMAT0000069	0.891070290196351
718	SP5	ENSG00000204335	hsa-miR-486-5p	MIMAT0002177	0.891010461705983
719	NOTCH2	ENSG00000134250	hsa-miR-16-5p	MIMAT0000069	0.890846865022214
720	ANKRD17	ENSG00000132466	hsa-miR-16-5p	MIMAT0000069	0.890843577757724
721	BMPR1A	ENSG00000107779	hsa-miR-16-5p	MIMAT0000069	0.890819546750337
722	PLPP3	ENSG00000162407	hsa-miR-16-5p	MIMAT0000069	0.890815654177137
723	ZSCAN26	ENSG00000197062	hsa-miR-486-5p	MIMAT0002177	0.890616159526065
724	SSR1	ENSG00000124783	hsa-miR-16-5p	MIMAT0000069	0.890527474528492
725	SYT10	ENSG00000110975	hsa-miR-16-5p	MIMAT0000069	0.890425242850277
726	MPHOSPH9	ENSG00000051825	hsa-miR-122-5p	MIMAT0000421	0.890298314544727
727	DMTF1	ENSG00000135164	hsa-miR-16-5p	MIMAT0000069	0.890198154851576
728	SESN1	ENSG00000080546	hsa-miR-16-5p	MIMAT0000069	0.890160883016956
729	ANKIB1	ENSG00000001629	hsa-miR-122-5p	MIMAT0000421	0.890091687464565
730	ESPL1	ENSG00000135476	hsa-miR-16-5p	MIMAT0000069	0.889801834201896
731	VPS52	ENSG00000223501	hsa-miR-486-5p	MIMAT0002177	0.889764752549719
732	PAK3	ENSG00000077264	hsa-miR-122-5p	MIMAT0000421	0.889758390614543
733	CLCN4	ENSG00000073464	hsa-miR-16-5p	MIMAT0000069	0.888758786809832
734	EOGT	ENSG00000163378	hsa-miR-122-5p	MIMAT0000421	0.888394290528696
735	FCRL2	ENSG00000132704	hsa-miR-16-5p	MIMAT0000069	0.88821062130036
736	ABL2	ENSG00000143322	hsa-miR-16-5p	MIMAT0000069	0.888064421826966
737	CDC25A	ENSG00000164045	hsa-miR-16-5p	MIMAT0000069	0.888029978779079
738	KCNN4	ENSG00000104783	hsa-miR-16-5p	MIMAT0000069	0.887992645309439
739	XKR4	ENSG00000206579	hsa-miR-16-5p	MIMAT0000069	0.887833222929824
740	NOD2	ENSG00000167207	hsa-miR-122-5p	MIMAT0000421	0.886716494483888
741	TMEM184B	ENSG00000198792	hsa-miR-16-5p	MIMAT0000069	0.886615207292647
742	OXA1L	ENSG00000155463	hsa-miR-16-5p	MIMAT0000069	0.886387423702006
743	RNF217	ENSG00000146373	hsa-miR-16-5p	MIMAT0000069	0.886360891763126
744	USP44	ENSG00000136014	hsa-miR-16-5p	MIMAT0000069	0.886164879354613
745	AKT3	ENSG00000117020	hsa-miR-122-5p	MIMAT0000421	0.886030291225859
746	FAM221A	ENSG00000188732	hsa-miR-16-5p	MIMAT0000069	0.885956106913587
747	CYB5R4	ENSG00000065615	hsa-miR-486-5p	MIMAT0002177	0.885912822712487
748	ZNF317	ENSG00000130803	hsa-miR-16-5p	MIMAT0000069	0.885678782360526
749	MKRN2	ENSG00000075975	hsa-miR-122-5p	MIMAT0000421	0.885639200082331
750	SLC25A22	ENSG00000177542	hsa-miR-16-5p	MIMAT0000069	0.885263878614293
751	GNAI3	ENSG00000065135	hsa-miR-16-5p	MIMAT0000069	0.885249431078009
752	EOLA1	ENSG00000197620	hsa-miR-16-5p	MIMAT0000069	0.88482032615972
753	NXPH1	ENSG00000122584	hsa-miR-16-5p	MIMAT0000069	0.884712539846283
754	LILRB4	ENSG00000186818	hsa-miR-486-5p	MIMAT0002177	0.884684478511101
755	ZNF257	ENSG00000197134	hsa-miR-486-5p	MIMAT0002177	0.884663288881992
756	AC005520.1	ENSG00000258653	hsa-miR-486-5p	MIMAT0002177	0.884596376792063
757	TPM3	ENSG00000143549	hsa-miR-486-5p	MIMAT0002177	0.884530293464629
758	CCNYL1	ENSG00000163249	hsa-miR-122-5p	MIMAT0000421	0.884460897778499
759	DEDD	ENSG00000158796	hsa-miR-16-5p	MIMAT0000069	0.884085425665451
760	RNF213	ENSG00000173821	hsa-miR-16-5p	MIMAT0000069	0.88408441752743
761	SEPTIN7	ENSG00000122545	hsa-miR-486-5p	MIMAT0002177	0.884074047688963
762	ISM2	ENSG00000100593	hsa-miR-16-5p	MIMAT0000069	0.883817225464674
763	IGF1R	ENSG00000140443	hsa-miR-16-5p	MIMAT0000069	0.883790874912495
764	SYDE2	ENSG00000097096	hsa-miR-16-5p	MIMAT0000069	0.883790844865207
765	CDC6	ENSG00000094804	hsa-miR-16-5p	MIMAT0000069	0.883700735139792
766	PPP2R1B	ENSG00000137713	hsa-miR-16-5p	MIMAT0000069	0.883685865804629
767	USP3	ENSG00000140455	hsa-miR-16-5p	MIMAT0000069	0.883563758037386
768	LRRC7	ENSG00000033122	hsa-miR-486-5p	MIMAT0002177	0.883465445162903
769	SPOCK2	ENSG00000107742	hsa-miR-122-5p	MIMAT0000421	0.8828822643576
770	AGO4	ENSG00000134698	hsa-miR-16-5p	MIMAT0000069	0.882852093646923
771	ZNF585A	ENSG00000196967	hsa-miR-16-5p	MIMAT0000069	0.882708586813883
772	GRAMD2B	ENSG00000155324	hsa-miR-122-5p	MIMAT0000421	0.882619419338975
773	FOXK2	ENSG00000141568	hsa-miR-122-5p	MIMAT0000421	0.882242729964574
774	CLOCK	ENSG00000134852	hsa-miR-16-5p	MIMAT0000069	0.882155557495178
775	ARHGAP31	ENSG00000031081	hsa-miR-122-5p	MIMAT0000421	0.881957333398245
776	CCDC80	ENSG00000091986	hsa-miR-16-5p	MIMAT0000069	0.881688722625942
777	FAM214A	ENSG00000047346	hsa-miR-16-5p	MIMAT0000069	0.881404942236517
778	CEMIP	ENSG00000103888	hsa-miR-486-5p	MIMAT0002177	0.881263167159709
779	ZACN	ENSG00000186919	hsa-miR-16-5p	MIMAT0000069	0.881117052637468
780	MRPL50	ENSG00000136897	hsa-miR-486-5p	MIMAT0002177	0.880754477719182
781	ACSL3	ENSG00000123983	hsa-miR-16-5p	MIMAT0000069	0.8807374221968
782	HNRNPA0	ENSG00000177733	hsa-miR-16-5p	MIMAT0000069	0.880578659776465
783	KCNQ5	ENSG00000185760	hsa-miR-16-5p	MIMAT0000069	0.880186838654445
784	FAM122A	ENSG00000187866	hsa-miR-16-5p	MIMAT0000069	0.880143404893024
785	ZNF124	ENSG00000196418	hsa-miR-122-5p	MIMAT0000421	0.880136367911654
786	SPDYE3	ENSG00000214300	hsa-miR-16-5p	MIMAT0000069	0.880118897020194
787	MTA3	ENSG00000057935	hsa-miR-486-5p	MIMAT0002177	0.880033276007385
788	DNAJC10	ENSG00000077232	hsa-miR-16-5p	MIMAT0000069	0.879561414407915
789	PSKH1	ENSG00000159792	hsa-miR-16-5p	MIMAT0000069	0.879181129789867
790	EIF2S3B	ENSG00000180574	hsa-miR-16-5p	MIMAT0000069	0.879141423376484
791	NOCT	ENSG00000151014	hsa-miR-122-5p	MIMAT0000421	0.879065567692856
792	NEGR1	ENSG00000172260	hsa-miR-486-5p	MIMAT0002177	0.878831396379217
793	ZNF615	ENSG00000197619	hsa-miR-486-5p	MIMAT0002177	0.878523947112195
794	ATG14	ENSG00000126775	hsa-miR-16-5p	MIMAT0000069	0.878507993434081
795	CCDC83	ENSG00000150676	hsa-miR-16-5p	MIMAT0000069	0.878414704422309
796	GAB3	ENSG00000160219	hsa-miR-486-5p	MIMAT0002177	0.878412670280224
797	SEMA3D	ENSG00000153993	hsa-miR-16-5p	MIMAT0000069	0.878352643874839
798	MT1X	ENSG00000187193	hsa-miR-16-5p	MIMAT0000069	0.878332088247409
799	AP5S1	ENSG00000125843	hsa-miR-16-5p	MIMAT0000069	0.878156393209239
800	ATF6	ENSG00000118217	hsa-miR-16-5p	MIMAT0000069	0.878086071633834
801	NHSL2	ENSG00000204131	hsa-miR-486-5p	MIMAT0002177	0.878069826971513
802	DEXI	ENSG00000182108	hsa-miR-16-5p	MIMAT0000069	0.877988197543785
803	KCNN3	ENSG00000143603	hsa-miR-486-5p	MIMAT0002177	0.877826769570945
804	LHFPL4	ENSG00000156959	hsa-miR-16-5p	MIMAT0000069	0.877677161303874
805	NPM1	ENSG00000181163	hsa-miR-16-5p	MIMAT0000069	0.877589829774479
806	AP1AR	ENSG00000138660	hsa-miR-122-5p	MIMAT0000421	0.877557418623731
807	C2orf42	ENSG00000115998	hsa-miR-16-5p	MIMAT0000069	0.877492284978186
808	EFNA1	ENSG00000169242	hsa-miR-122-5p	MIMAT0000421	0.877393353178028
809	PPP2R5C	ENSG00000078304	hsa-miR-16-5p	MIMAT0000069	0.877373371543419
810	TMEM253	ENSG00000232070	hsa-miR-122-5p	MIMAT0000421	0.877290759073943
811	TMEM216	ENSG00000187049	hsa-miR-122-5p	MIMAT0000421	0.877039006567213
812	PAG1	ENSG00000076641	hsa-miR-16-5p	MIMAT0000069	0.876599835963865
813	AP3B2	ENSG00000103723	hsa-miR-486-5p	MIMAT0002177	0.876590255048031
814	SFXN1	ENSG00000164466	hsa-miR-16-5p	MIMAT0000069	0.876462931867794
815	SOS2	ENSG00000100485	hsa-miR-16-5p	MIMAT0000069	0.87625466299325
816	EPN1	ENSG00000063245	hsa-miR-486-5p	MIMAT0002177	0.876148843066323
817	ATP13A3	ENSG00000133657	hsa-miR-16-5p	MIMAT0000069	0.876123686793074
818	THUMPD1	ENSG00000066654	hsa-miR-16-5p	MIMAT0000069	0.87570378501586
819	FRY	ENSG00000073910	hsa-miR-16-5p	MIMAT0000069	0.875599668731474
820	KIF1C	ENSG00000129250	hsa-miR-16-5p	MIMAT0000069	0.87552639443565
821	BCAS2	ENSG00000116752	hsa-miR-486-5p	MIMAT0002177	0.875426447744503
822	AIRE	ENSG00000160224	hsa-miR-16-5p	MIMAT0000069	0.87535745154404
823	MIXL1	ENSG00000185155	hsa-miR-122-5p	MIMAT0000421	0.875349865504834
824	SOX6	ENSG00000110693	hsa-miR-16-5p	MIMAT0000069	0.875126169677224
825	TBC1D7	ENSG00000145979	hsa-miR-16-5p	MIMAT0000069	0.875125025732494
826	CAAP1	ENSG00000120159	hsa-miR-16-5p	MIMAT0000069	0.875094704402507
827	ENTPD7	ENSG00000198018	hsa-miR-16-5p	MIMAT0000069	0.875032534100533
828	THRB	ENSG00000151090	hsa-miR-16-5p	MIMAT0000069	0.874961853621563
829	BHLHE41	ENSG00000123095	hsa-miR-122-5p	MIMAT0000421	0.874946674048437
830	MTERF3	ENSG00000156469	hsa-miR-486-5p	MIMAT0002177	0.874915459088078
831	GTDC1	ENSG00000121964	hsa-miR-16-5p	MIMAT0000069	0.874582411358017
832	PID1	ENSG00000153823	hsa-miR-16-5p	MIMAT0000069	0.874275191291637
833	SMIM13	ENSG00000224531	hsa-miR-16-5p	MIMAT0000069	0.873784037501155
834	SLC4A3	ENSG00000114923	hsa-miR-122-5p	MIMAT0000421	0.87358538181807
835	C3AR1	ENSG00000171860	hsa-miR-122-5p	MIMAT0000421	0.873579279269365
836	GRIN2A	ENSG00000183454	hsa-miR-486-5p	MIMAT0002177	0.873522476026441
837	RIMKLA	ENSG00000177181	hsa-miR-122-5p	MIMAT0000421	0.873307550017897
838	RAD9A	ENSG00000172613	hsa-miR-16-5p	MIMAT0000069	0.873150017177319
839	BRAF	ENSG00000157764	hsa-miR-16-5p	MIMAT0000069	0.873084229870626
840	UBE4A	ENSG00000110344	hsa-miR-16-5p	MIMAT0000069	0.87291903050421
841	NLGN1	ENSG00000169760	hsa-miR-16-5p	MIMAT0000069	0.872861390607266
842	CD80	ENSG00000121594	hsa-miR-16-5p	MIMAT0000069	0.872858526575365
843	ATP7A	ENSG00000165240	hsa-miR-16-5p	MIMAT0000069	0.872637285081126
844	NRN1	ENSG00000124785	hsa-miR-16-5p	MIMAT0000069	0.872455422194574
845	SKIL	ENSG00000136603	hsa-miR-16-5p	MIMAT0000069	0.872371743531244
846	ELMOD2	ENSG00000179387	hsa-miR-486-5p	MIMAT0002177	0.87222857363132
847	CNOT9	ENSG00000144580	hsa-miR-16-5p	MIMAT0000069	0.87222478852991
848	DLL4	ENSG00000128917	hsa-miR-16-5p	MIMAT0000069	0.871940640803387
849	IP6K1	ENSG00000176095	hsa-miR-16-5p	MIMAT0000069	0.871877917608663
850	KIF16B	ENSG00000089177	hsa-miR-16-5p	MIMAT0000069	0.871415170803705
851	FOXO3	ENSG00000118689	hsa-miR-122-5p	MIMAT0000421	0.871062905133728
852	AGO2	ENSG00000123908	hsa-miR-16-5p	MIMAT0000069	0.871009294844525
853	VAMP4	ENSG00000117533	hsa-miR-122-5p	MIMAT0000421	0.870350368647032
854	MSL3	ENSG00000005302	hsa-miR-122-5p	MIMAT0000421	0.869909953584099
855	TMPRSS15	ENSG00000154646	hsa-miR-16-5p	MIMAT0000069	0.869748154397192
856	CDC14B	ENSG00000081377	hsa-miR-16-5p	MIMAT0000069	0.869675043744503
857	SALL4	ENSG00000101115	hsa-miR-16-5p	MIMAT0000069	0.869459850791352
858	ARL8B	ENSG00000134108	hsa-miR-16-5p	MIMAT0000069	0.869007145455894
859	LMTK2	ENSG00000164715	hsa-miR-486-5p	MIMAT0002177	0.868807605923782
860	RAB3B	ENSG00000169213	hsa-miR-16-5p	MIMAT0000069	0.868715385160032
861	RNF144B	ENSG00000137393	hsa-miR-16-5p	MIMAT0000069	0.868528588629206
862	NPC1L1	ENSG00000015520	hsa-miR-122-5p	MIMAT0000421	0.868423387591608
863	SLC24A3	ENSG00000185052	hsa-miR-16-5p	MIMAT0000069	0.868386102155724
864	NF1	ENSG00000196712	hsa-miR-16-5p	MIMAT0000069	0.86834449180418
865	AC104452.1	ENSG00000283189	hsa-miR-122-5p	MIMAT0000421	0.868262847657551
866	MYEF2	ENSG00000104177	hsa-miR-16-5p	MIMAT0000069	0.868177273095046
867	KCNQ3	ENSG00000184156	hsa-miR-486-5p	MIMAT0002177	0.868042814406877
868	INPP5K	ENSG00000132376	hsa-miR-486-5p	MIMAT0002177	0.867946515470598
869	GRHL2	ENSG00000083307	hsa-miR-486-5p	MIMAT0002177	0.867931444750949
870	CFAP92	ENSG00000114656	hsa-miR-486-5p	MIMAT0002177	0.867730992884794
871	MAPKAP1	ENSG00000119487	hsa-miR-486-5p	MIMAT0002177	0.867659256810942
872	CSF1	ENSG00000184371	hsa-miR-16-5p	MIMAT0000069	0.867557849576068
873	SLIT2	ENSG00000145147	hsa-miR-16-5p	MIMAT0000069	0.867354742198426
874	ZNRF3	ENSG00000183579	hsa-miR-16-5p	MIMAT0000069	0.867348486398903
875	ARL6IP6	ENSG00000177917	hsa-miR-486-5p	MIMAT0002177	0.866935854924576
876	SLC4A7	ENSG00000033867	hsa-miR-16-5p	MIMAT0000069	0.866873684168021
877	TRMT61B	ENSG00000171103	hsa-miR-122-5p	MIMAT0000421	0.8666933259552
878	AGBL1	ENSG00000273540	hsa-miR-16-5p	MIMAT0000069	0.866565303453219
879	LHX3	ENSG00000107187	hsa-miR-16-5p	MIMAT0000069	0.866501371751214
880	SEC22C	ENSG00000093183	hsa-miR-486-5p	MIMAT0002177	0.866038946588948
881	HMGA1	ENSG00000137309	hsa-miR-16-5p	MIMAT0000069	0.865967877818571
882	RNF123	ENSG00000164068	hsa-miR-16-5p	MIMAT0000069	0.865890630790582
883	GSTO2	ENSG00000065621	hsa-miR-122-5p	MIMAT0000421	0.865782264810783
884	CPEB4	ENSG00000113742	hsa-miR-16-5p	MIMAT0000069	0.865631239872802
885	LURAP1L	ENSG00000153714	hsa-miR-16-5p	MIMAT0000069	0.865281981871212
886	NAT8L	ENSG00000185818	hsa-miR-16-5p	MIMAT0000069	0.865266514405474
887	ELMOD1	ENSG00000110675	hsa-miR-16-5p	MIMAT0000069	0.865211361523068
888	KCNMB1	ENSG00000145936	hsa-miR-16-5p	MIMAT0000069	0.864788775749884
889	DNAI4	ENSG00000152763	hsa-miR-16-5p	MIMAT0000069	0.864504965355422
890	TBPL1	ENSG00000028839	hsa-miR-16-5p	MIMAT0000069	0.864426947554479
891	NUFIP2	ENSG00000108256	hsa-miR-16-5p	MIMAT0000069	0.864354570948589
892	FNTA	ENSG00000168522	hsa-miR-16-5p	MIMAT0000069	0.864345887987056
893	RASSF5	ENSG00000266094	hsa-miR-16-5p	MIMAT0000069	0.864295728324268
894	DCAF7	ENSG00000136485	hsa-miR-16-5p	MIMAT0000069	0.863825836576369
895	GRIN2B	ENSG00000273079	hsa-miR-16-5p	MIMAT0000069	0.863721962553044
896	LINGO4	ENSG00000213171	hsa-miR-486-5p	MIMAT0002177	0.86345996629869
897	RBM43	ENSG00000184898	hsa-miR-122-5p	MIMAT0000421	0.863409029421076
898	SLC7A1	ENSG00000139514	hsa-miR-122-5p	MIMAT0000421	0.863385212991466
899	HPSE2	ENSG00000172987	hsa-miR-16-5p	MIMAT0000069	0.863376131570337
900	LRRK1	ENSG00000154237	hsa-miR-16-5p	MIMAT0000069	0.863299161395707
901	FCHSD2	ENSG00000137478	hsa-miR-16-5p	MIMAT0000069	0.863199643468603
902	WDTC1	ENSG00000142784	hsa-miR-16-5p	MIMAT0000069	0.863143064434648
903	BZW1	ENSG00000082153	hsa-miR-486-5p	MIMAT0002177	0.862712875091703
904	KCTD7	ENSG00000243335	hsa-miR-122-5p	MIMAT0000421	0.862486660934423
905	VAMP1	ENSG00000139190	hsa-miR-16-5p	MIMAT0000069	0.862451597604004
906	PDZD8	ENSG00000165650	hsa-miR-16-5p	MIMAT0000069	0.862293759087431
907	UBASH3B	ENSG00000154127	hsa-miR-486-5p	MIMAT0002177	0.862251117425849
908	SH3BGRL2	ENSG00000198478	hsa-miR-16-5p	MIMAT0000069	0.862155948351507
909	BTBD11	ENSG00000151136	hsa-miR-486-5p	MIMAT0002177	0.861973469922314
910	FBXL20	ENSG00000108306	hsa-miR-16-5p	MIMAT0000069	0.861922730251406
911	TSC22D2	ENSG00000196428	hsa-miR-486-5p	MIMAT0002177	0.861658069812559
912	RBSN	ENSG00000131381	hsa-miR-16-5p	MIMAT0000069	0.861305891920837
913	OR10H1	ENSG00000186723	hsa-miR-16-5p	MIMAT0000069	0.86110932785427
914	ZYX	ENSG00000159840	hsa-miR-16-5p	MIMAT0000069	0.861062882712998
915	RBM24	ENSG00000112183	hsa-miR-16-5p	MIMAT0000069	0.86099753904976
916	NCKIPSD	ENSG00000213672	hsa-miR-16-5p	MIMAT0000069	0.860823162773074
917	MOV10	ENSG00000155363	hsa-miR-16-5p	MIMAT0000069	0.860601464435124
918	RPS6KA5	ENSG00000100784	hsa-miR-16-5p	MIMAT0000069	0.860559244750443
919	VPS37C	ENSG00000167987	hsa-miR-16-5p	MIMAT0000069	0.860249782379314
920	FKBP1B	ENSG00000119782	hsa-miR-16-5p	MIMAT0000069	0.860165905528649
921	SRF	ENSG00000112658	hsa-miR-122-5p	MIMAT0000421	0.859802671233048
922	CD247	ENSG00000198821	hsa-miR-486-5p	MIMAT0002177	0.859501504168632
923	HIF1AN	ENSG00000166135	hsa-miR-122-5p	MIMAT0000421	0.85947667239509
924	SMIM10L1	ENSG00000256537	hsa-miR-486-5p	MIMAT0002177	0.859209074141832
925	LYPLAL1	ENSG00000143353	hsa-miR-16-5p	MIMAT0000069	0.859192153023068
926	ARFGAP2	ENSG00000149182	hsa-miR-16-5p	MIMAT0000069	0.859026292196566
927	TAF15	ENSG00000270647	hsa-miR-16-5p	MIMAT0000069	0.858631178069915
928	ZBTB46	ENSG00000130584	hsa-miR-16-5p	MIMAT0000069	0.858610875973495
929	GSTCD	ENSG00000138780	hsa-miR-16-5p	MIMAT0000069	0.858240454543055
930	BFAR	ENSG00000103429	hsa-miR-16-5p	MIMAT0000069	0.858076747242138
931	HEATR5A	ENSG00000129493	hsa-miR-16-5p	MIMAT0000069	0.857896154246129
932	ANXA11	ENSG00000122359	hsa-miR-16-5p	MIMAT0000069	0.857842760940037
933	SLC39A10	ENSG00000196950	hsa-miR-16-5p	MIMAT0000069	0.857652534527527
934	RS1	ENSG00000102104	hsa-miR-16-5p	MIMAT0000069	0.857609081633697
935	RIMS1	ENSG00000079841	hsa-miR-122-5p	MIMAT0000421	0.857127292402433
936	YOD1	ENSG00000180667	hsa-miR-16-5p	MIMAT0000069	0.857051736362285
937	FAM155A	ENSG00000204442	hsa-miR-486-5p	MIMAT0002177	0.856693895260108
938	PFKFB2	ENSG00000123836	hsa-miR-122-5p	MIMAT0000421	0.856531739366863
939	GRK3	ENSG00000100077	hsa-miR-122-5p	MIMAT0000421	0.856384003829076
940	ZNF25	ENSG00000175395	hsa-miR-16-5p	MIMAT0000069	0.856359312952223
941	STK38L	ENSG00000211455	hsa-miR-486-5p	MIMAT0002177	0.856335379887608
942	NFE2L1	ENSG00000082641	hsa-miR-16-5p	MIMAT0000069	0.856224401984997
943	G2E3	ENSG00000092140	hsa-miR-16-5p	MIMAT0000069	0.856029222748246
944	APBB1IP	ENSG00000077420	hsa-miR-486-5p	MIMAT0002177	0.855899324075971
945	GUCY1A2	ENSG00000152402	hsa-miR-486-5p	MIMAT0002177	0.855492257301346
946	CCND1	ENSG00000110092	hsa-miR-16-5p	MIMAT0000069	0.855004899865699
947	ATG2B	ENSG00000066739	hsa-miR-486-5p	MIMAT0002177	0.854948884289013
948	CD47	ENSG00000196776	hsa-miR-16-5p	MIMAT0000069	0.854849030235207
949	CYP2S1	ENSG00000167600	hsa-miR-16-5p	MIMAT0000069	0.854815306140094
950	COL24A1	ENSG00000171502	hsa-miR-16-5p	MIMAT0000069	0.854634684405588
951	C4orf50	ENSG00000181215	hsa-miR-16-5p	MIMAT0000069	0.854602574650941
952	THAP6	ENSG00000174796	hsa-miR-16-5p	MIMAT0000069	0.854381628621139
953	RNF8	ENSG00000112130	hsa-miR-16-5p	MIMAT0000069	0.854283000497408
954	KHNYN	ENSG00000100441	hsa-miR-16-5p	MIMAT0000069	0.854281738305841
955	TUT1	ENSG00000149016	hsa-miR-16-5p	MIMAT0000069	0.854276636357262
956	DBF4	ENSG00000006634	hsa-miR-486-5p	MIMAT0002177	0.853887259912628
957	ERICH3	ENSG00000178965	hsa-miR-122-5p	MIMAT0000421	0.853814677477649
958	GNA12	ENSG00000146535	hsa-miR-16-5p	MIMAT0000069	0.853729215461112
959	PAM	ENSG00000145730	hsa-miR-16-5p	MIMAT0000069	0.853686625472247
960	TMEM255A	ENSG00000125355	hsa-miR-16-5p	MIMAT0000069	0.853479114985193
961	DENND2B	ENSG00000166444	hsa-miR-486-5p	MIMAT0002177	0.853353971259041
962	NUDT16	ENSG00000198585	hsa-miR-486-5p	MIMAT0002177	0.853309525753911
963	SPDYE6	ENSG00000260097	hsa-miR-16-5p	MIMAT0000069	0.853084275097868
964	DYNC1I1	ENSG00000158560	hsa-miR-16-5p	MIMAT0000069	0.853039406152818
965	ZNF697	ENSG00000143067	hsa-miR-16-5p	MIMAT0000069	0.852951004329338
966	RAVER1	ENSG00000161847	hsa-miR-122-5p	MIMAT0000421	0.852899571069783
967	SEC24A	ENSG00000113615	hsa-miR-16-5p	MIMAT0000069	0.852849493608761
968	PDK1	ENSG00000152256	hsa-miR-122-5p	MIMAT0000421	0.852764835591037
969	VCL	ENSG00000035403	hsa-miR-16-5p	MIMAT0000069	0.852762438923441
970	CNTN5	ENSG00000149972	hsa-miR-486-5p	MIMAT0002177	0.852735974920797
971	RELCH	ENSG00000134444	hsa-miR-486-5p	MIMAT0002177	0.852722427345686
972	NFKB1	ENSG00000109320	hsa-miR-16-5p	MIMAT0000069	0.852688026414829
973	NFE2L1	ENSG00000082641	hsa-miR-486-5p	MIMAT0002177	0.852104987372747
974	BTG2	ENSG00000159388	hsa-miR-16-5p	MIMAT0000069	0.852055437753107
975	FAM47E-STBD1	ENSG00000272414	hsa-miR-486-5p	MIMAT0002177	0.851940782367104
976	NBEA	ENSG00000172915	hsa-miR-16-5p	MIMAT0000069	0.851710340173697
977	MYLK2	ENSG00000101306	hsa-miR-486-5p	MIMAT0002177	0.851480120405616
978	ENKUR	ENSG00000151023	hsa-miR-122-5p	MIMAT0000421	0.851235584958317
979	U2SURP	ENSG00000163714	hsa-miR-16-5p	MIMAT0000069	0.851134083074821
980	IL10RA	ENSG00000110324	hsa-miR-16-5p	MIMAT0000069	0.851033238673968
981	DEFB112	ENSG00000180872	hsa-miR-16-5p	MIMAT0000069	0.850891103193018
982	TMX4	ENSG00000125827	hsa-miR-486-5p	MIMAT0002177	0.850680707481056
983	FNDC3B	ENSG00000075420	hsa-miR-16-5p	MIMAT0000069	0.850575524766351
984	HUNK	ENSG00000142149	hsa-miR-486-5p	MIMAT0002177	0.850561246650096
985	BDNF	ENSG00000176697	hsa-miR-16-5p	MIMAT0000069	0.850522477488853
986	CCDC38	ENSG00000165972	hsa-miR-16-5p	MIMAT0000069	0.850303464118376
987	TEX19	ENSG00000182459	hsa-miR-16-5p	MIMAT0000069	0.850291529715775
988	EXT1	ENSG00000182197	hsa-miR-16-5p	MIMAT0000069	0.850290767618021
989	IFT172	ENSG00000138002	hsa-miR-16-5p	MIMAT0000069	0.85028729565797
990	RICTOR	ENSG00000164327	hsa-miR-486-5p	MIMAT0002177	0.849815850136607
991	VTI1B	ENSG00000100568	hsa-miR-16-5p	MIMAT0000069	0.849731361188254
992	WAPL	ENSG00000062650	hsa-miR-16-5p	MIMAT0000069	0.849682661699982
993	OTOF	ENSG00000115155	hsa-miR-486-5p	MIMAT0002177	0.849204491727616
994	OPRD1	ENSG00000116329	hsa-miR-122-5p	MIMAT0000421	0.848895594297082
995	ADD2	ENSG00000075340	hsa-miR-16-5p	MIMAT0000069	0.84876103903016
996	OR2L2	ENSG00000203663	hsa-miR-16-5p	MIMAT0000069	0.848749132341747
997	RAB30	ENSG00000137502	hsa-miR-16-5p	MIMAT0000069	0.848616800781684
998	MOSPD1	ENSG00000101928	hsa-miR-122-5p	MIMAT0000421	0.84849362347158
999	PYCR2	ENSG00000143811	hsa-miR-486-5p	MIMAT0002177	0.84838905441359
1000	TMEM221	ENSG00000188051	hsa-miR-16-5p	MIMAT0000069	0.848144769438922
1001	CLIC1	ENSG00000213719	hsa-miR-122-5p	MIMAT0000421	0.848114573288918
1002	OR2M3	ENSG00000228198	hsa-miR-16-5p	MIMAT0000069	0.847505403682911
1003	CUL2	ENSG00000108094	hsa-miR-16-5p	MIMAT0000069	0.847007351929342
1004	JRKL	ENSG00000183340	hsa-miR-486-5p	MIMAT0002177	0.846887479034023
1005	SH3RF2	ENSG00000156463	hsa-miR-16-5p	MIMAT0000069	0.846558765870375
1006	NPHS1	ENSG00000161270	hsa-miR-122-5p	MIMAT0000421	0.846466547528289
1007	KCTD14	ENSG00000151364	hsa-miR-122-5p	MIMAT0000421	0.846246177313596
1008	PLXNA4	ENSG00000221866	hsa-miR-16-5p	MIMAT0000069	0.846187124586369
1009	WDFY3	ENSG00000163625	hsa-miR-486-5p	MIMAT0002177	0.845719891244716
1010	DCAF17	ENSG00000115827	hsa-miR-16-5p	MIMAT0000069	0.845601103448953
1011	KLHL2	ENSG00000109466	hsa-miR-16-5p	MIMAT0000069	0.845406222481056
1012	GPR63	ENSG00000112218	hsa-miR-16-5p	MIMAT0000069	0.845397568912797
1013	BCL7A	ENSG00000110987	hsa-miR-16-5p	MIMAT0000069	0.845221169601269
1014	CAND1	ENSG00000111530	hsa-miR-16-5p	MIMAT0000069	0.845132229238515
1015	ISG20	ENSG00000172183	hsa-miR-486-5p	MIMAT0002177	0.844993401986218
1016	LHX1	ENSG00000273706	hsa-miR-16-5p	MIMAT0000069	0.844931530410776
1017	AADACL2	ENSG00000197953	hsa-miR-16-5p	MIMAT0000069	0.844837413464153
1018	ARL10	ENSG00000175414	hsa-miR-16-5p	MIMAT0000069	0.844517604320619
1019	ARFGEF1	ENSG00000066777	hsa-miR-122-5p	MIMAT0000421	0.844338698106743
1020	AXIN2	ENSG00000168646	hsa-miR-16-5p	MIMAT0000069	0.844060633535242
1021	KIF18B	ENSG00000186185	hsa-miR-16-5p	MIMAT0000069	0.843922047690332
1022	RPS6KA5	ENSG00000100784	hsa-miR-122-5p	MIMAT0000421	0.84381703812815
1023	CSDE1	ENSG00000009307	hsa-miR-16-5p	MIMAT0000069	0.843694536778886
1024	PPP6C	ENSG00000119414	hsa-miR-16-5p	MIMAT0000069	0.843612722262771
1025	RORB	ENSG00000198963	hsa-miR-16-5p	MIMAT0000069	0.843529842961553
1026	PRPH2	ENSG00000112619	hsa-miR-16-5p	MIMAT0000069	0.843333003940886
1027	RNF10	ENSG00000022840	hsa-miR-16-5p	MIMAT0000069	0.842971224920577
1028	BNC2	ENSG00000173068	hsa-miR-16-5p	MIMAT0000069	0.842848859104424
1029	TRIM37	ENSG00000108395	hsa-miR-16-5p	MIMAT0000069	0.84253951250521
1030	KCNJ16	ENSG00000153822	hsa-miR-122-5p	MIMAT0000421	0.842346668608235
1031	ODAPH	ENSG00000174792	hsa-miR-16-5p	MIMAT0000069	0.842255686932184
1032	DHRS7	ENSG00000100612	hsa-miR-16-5p	MIMAT0000069	0.842120785859306
1033	ZNF614	ENSG00000142556	hsa-miR-122-5p	MIMAT0000421	0.842090594045215
1034	GPAT4	ENSG00000158669	hsa-miR-16-5p	MIMAT0000069	0.842058350532557
1035	C19orf54	ENSG00000188493	hsa-miR-122-5p	MIMAT0000421	0.841675173843422
1036	CCNH	ENSG00000134480	hsa-miR-486-5p	MIMAT0002177	0.841644934316609
1037	RAPGEF2	ENSG00000109756	hsa-miR-16-5p	MIMAT0000069	0.841611450521468
1038	ENY2	ENSG00000120533	hsa-miR-122-5p	MIMAT0000421	0.841122090719054
1039	LAMC1	ENSG00000135862	hsa-miR-122-5p	MIMAT0000421	0.841121619369392
1040	ZNF346	ENSG00000113761	hsa-miR-122-5p	MIMAT0000421	0.84105930337938
1041	HLA-DOA	ENSG00000204252	hsa-miR-486-5p	MIMAT0002177	0.84098729423334
1042	SPIB	ENSG00000269404	hsa-miR-486-5p	MIMAT0002177	0.840820757059958
1043	RAD51D	ENSG00000185379	hsa-miR-16-5p	MIMAT0000069	0.840781130936384
1044	SNTB2	ENSG00000168807	hsa-miR-16-5p	MIMAT0000069	0.840773162938485
1045	GPLD1	ENSG00000112293	hsa-miR-122-5p	MIMAT0000421	0.840773077550789
1046	PPP1R12B	ENSG00000077157	hsa-miR-16-5p	MIMAT0000069	0.840625109409007
1047	TTC12	ENSG00000149292	hsa-miR-16-5p	MIMAT0000069	0.840595793200781
1048	SLC6A4	ENSG00000108576	hsa-miR-16-5p	MIMAT0000069	0.840558685461322
1049	DYM	ENSG00000141627	hsa-miR-122-5p	MIMAT0000421	0.840415614991743
1050	TTC38	ENSG00000075234	hsa-miR-16-5p	MIMAT0000069	0.840300683301616
1051	SIPA1L1	ENSG00000197555	hsa-miR-16-5p	MIMAT0000069	0.840253780857186
1052	CLDN2	ENSG00000165376	hsa-miR-16-5p	MIMAT0000069	0.840239478363483
1053	PLPP6	ENSG00000205808	hsa-miR-16-5p	MIMAT0000069	0.840044671022183
1054	CLSTN1	ENSG00000171603	hsa-miR-122-5p	MIMAT0000421	0.840022825026263
1055	KCTD8	ENSG00000183783	hsa-miR-16-5p	MIMAT0000069	0.839949784167476
1056	MYOT	ENSG00000120729	hsa-miR-486-5p	MIMAT0002177	0.839846978961481
1057	SPTA1	ENSG00000163554	hsa-miR-486-5p	MIMAT0002177	0.839455230850892
1058	DEPDC5	ENSG00000100150	hsa-miR-16-5p	MIMAT0000069	0.839387701749329
1059	CDK6	ENSG00000105810	hsa-miR-16-5p	MIMAT0000069	0.83936317155712
1060	YWHAH	ENSG00000128245	hsa-miR-16-5p	MIMAT0000069	0.83932868039752
1061	FBXO33	ENSG00000165355	hsa-miR-16-5p	MIMAT0000069	0.839321191390403
1062	CYLD	ENSG00000083799	hsa-miR-16-5p	MIMAT0000069	0.839018525023228
1063	TK2	ENSG00000166548	hsa-miR-16-5p	MIMAT0000069	0.838642166381106
1064	ENTPD1	ENSG00000138185	hsa-miR-16-5p	MIMAT0000069	0.838611697510514
1065	AMOTL1	ENSG00000166025	hsa-miR-16-5p	MIMAT0000069	0.838468534653215
1066	AL157935.2	ENSG00000257524	hsa-miR-486-5p	MIMAT0002177	0.838238702408544
1067	SUCO	ENSG00000094975	hsa-miR-16-5p	MIMAT0000069	0.838026113360218
1068	KATNAL1	ENSG00000102781	hsa-miR-16-5p	MIMAT0000069	0.837893472640544
1069	PDIK1L	ENSG00000175087	hsa-miR-16-5p	MIMAT0000069	0.83788099271587
1070	ANOS1	ENSG00000011201	hsa-miR-16-5p	MIMAT0000069	0.83783867437115
1071	OR5A2	ENSG00000172324	hsa-miR-486-5p	MIMAT0002177	0.837809038481371
1072	OCRL	ENSG00000122126	hsa-miR-16-5p	MIMAT0000069	0.837678351516286
1073	AC025165.6	ENSG00000287908	hsa-miR-16-5p	MIMAT0000069	0.837654289701417
1074	PPARGC1B	ENSG00000155846	hsa-miR-16-5p	MIMAT0000069	0.837576193758436
1075	CCDC88C	ENSG00000015133	hsa-miR-16-5p	MIMAT0000069	0.837460968510136
1076	EIF4E	ENSG00000151247	hsa-miR-16-5p	MIMAT0000069	0.837355120586045
1077	HECTD3	ENSG00000126107	hsa-miR-122-5p	MIMAT0000421	0.837343861045488
1078	HIF3A	ENSG00000124440	hsa-miR-122-5p	MIMAT0000421	0.837104837855113
1079	MAP11	ENSG00000146826	hsa-miR-122-5p	MIMAT0000421	0.836952210407764
1080	DENND2C	ENSG00000175984	hsa-miR-122-5p	MIMAT0000421	0.836735844672034
1081	ZNF740	ENSG00000139651	hsa-miR-486-5p	MIMAT0002177	0.836651191229729
1082	NKD1	ENSG00000140807	hsa-miR-16-5p	MIMAT0000069	0.836467429564854
1083	ETFRF1	ENSG00000205707	hsa-miR-16-5p	MIMAT0000069	0.83618503561937
1084	LATS1	ENSG00000131023	hsa-miR-16-5p	MIMAT0000069	0.83589012392024
1085	ARL5B	ENSG00000165997	hsa-miR-16-5p	MIMAT0000069	0.835881409952845
1086	HMBOX1	ENSG00000147421	hsa-miR-16-5p	MIMAT0000069	0.835750607046253
1087	AGPAT3	ENSG00000160216	hsa-miR-16-5p	MIMAT0000069	0.835483332585779
1088	AL662899.1	ENSG00000204422	hsa-miR-486-5p	MIMAT0002177	0.835173155222025
1089	BICC1	ENSG00000122870	hsa-miR-486-5p	MIMAT0002177	0.835159545595429
1090	U2AF1L4	ENSG00000161265	hsa-miR-16-5p	MIMAT0000069	0.835092282850548
1091	SLITRK3	ENSG00000121871	hsa-miR-122-5p	MIMAT0000421	0.835085150242428
1092	BATF2	ENSG00000168062	hsa-miR-122-5p	MIMAT0000421	0.834886378216055
1093	DKK2	ENSG00000155011	hsa-miR-486-5p	MIMAT0002177	0.834808393182325
1094	AR	ENSG00000169083	hsa-miR-16-5p	MIMAT0000069	0.834739644953745
1095	FBXO3	ENSG00000110429	hsa-miR-16-5p	MIMAT0000069	0.834706013913704
1096	COPS7A	ENSG00000111652	hsa-miR-16-5p	MIMAT0000069	0.834432992010207
1097	CYB561D1	ENSG00000174151	hsa-miR-16-5p	MIMAT0000069	0.834232933012302
1098	ASB1	ENSG00000065802	hsa-miR-16-5p	MIMAT0000069	0.834176693495647
1099	AC001226.2	ENSG00000283208	hsa-miR-122-5p	MIMAT0000421	0.834167181229942
1100	RTRAF	ENSG00000087302	hsa-miR-122-5p	MIMAT0000421	0.834118701546793
1101	SLC5A3	ENSG00000198743	hsa-miR-16-5p	MIMAT0000069	0.834056318758714
1102	DNASE1	ENSG00000213918	hsa-miR-122-5p	MIMAT0000421	0.83380782684155
1103	SRPRB	ENSG00000144867	hsa-miR-16-5p	MIMAT0000069	0.833744128754985
1104	ERCC1	ENSG00000012061	hsa-miR-122-5p	MIMAT0000421	0.833684389946404
1105	UBE2J1	ENSG00000198833	hsa-miR-16-5p	MIMAT0000069	0.833665641767475
1106	BMP1	ENSG00000168487	hsa-miR-122-5p	MIMAT0000421	0.833569301509365
1107	RAB19	ENSG00000146955	hsa-miR-16-5p	MIMAT0000069	0.833396410348612
1108	PPFIA1	ENSG00000131626	hsa-miR-16-5p	MIMAT0000069	0.833305418715261
1109	NOS1	ENSG00000089250	hsa-miR-122-5p	MIMAT0000421	0.833236863315223
1110	HSPA9	ENSG00000113013	hsa-miR-16-5p	MIMAT0000069	0.833180850323105
1111	RBPJ	ENSG00000168214	hsa-miR-486-5p	MIMAT0002177	0.833173408223607
1112	MYLK	ENSG00000065534	hsa-miR-16-5p	MIMAT0000069	0.83307081892316
1113	CRB1	ENSG00000134376	hsa-miR-486-5p	MIMAT0002177	0.833056609259046
1114	IYD	ENSG00000009765	hsa-miR-16-5p	MIMAT0000069	0.832728383148886
1115	ZNF705E	ENSG00000214534	hsa-miR-16-5p	MIMAT0000069	0.832668222724028
1116	LDOC1	ENSG00000182195	hsa-miR-16-5p	MIMAT0000069	0.832383319072644
1117	TCIM	ENSG00000176907	hsa-miR-16-5p	MIMAT0000069	0.832164520834117
1118	SEMA3A	ENSG00000075213	hsa-miR-16-5p	MIMAT0000069	0.832111555597982
1119	POLG	ENSG00000140521	hsa-miR-486-5p	MIMAT0002177	0.832069684440346
1120	MYO5B	ENSG00000167306	hsa-miR-16-5p	MIMAT0000069	0.831935878006208
1121	NRARP	ENSG00000198435	hsa-miR-16-5p	MIMAT0000069	0.831626346298894
1122	TMEM245	ENSG00000106771	hsa-miR-16-5p	MIMAT0000069	0.831452421172422
1123	NCBP3	ENSG00000074356	hsa-miR-122-5p	MIMAT0000421	0.831107233185764
1124	SERPINE1	ENSG00000106366	hsa-miR-486-5p	MIMAT0002177	0.831102796464117
1125	STARD13	ENSG00000133121	hsa-miR-16-5p	MIMAT0000069	0.831000885389786
1126	CUL3	ENSG00000036257	hsa-miR-16-5p	MIMAT0000069	0.830837405093651
1127	GPR174	ENSG00000147138	hsa-miR-16-5p	MIMAT0000069	0.830719442058885
1128	TANC2	ENSG00000170921	hsa-miR-486-5p	MIMAT0002177	0.830510479892697
1129	NANOG	ENSG00000111704	hsa-miR-486-5p	MIMAT0002177	0.830488038739692
1130	LRP1B	ENSG00000168702	hsa-miR-16-5p	MIMAT0000069	0.830416162001418
1131	SRGAP2B	ENSG00000196369	hsa-miR-16-5p	MIMAT0000069	0.830391622598436
1132	SUSD6	ENSG00000100647	hsa-miR-16-5p	MIMAT0000069	0.83029279968605
1133	FECH	ENSG00000066926	hsa-miR-16-5p	MIMAT0000069	0.830285915481343
1134	OR2A5	ENSG00000221836	hsa-miR-16-5p	MIMAT0000069	0.830038488869255
1135	ITGB8	ENSG00000105855	hsa-miR-486-5p	MIMAT0002177	0.830027851950537
1136	FAM117B	ENSG00000138439	hsa-miR-122-5p	MIMAT0000421	0.829652123500596
1137	ZSCAN31	ENSG00000235109	hsa-miR-16-5p	MIMAT0000069	0.829649455734251
1138	CPD	ENSG00000108582	hsa-miR-16-5p	MIMAT0000069	0.829580121343599
1139	BCL11B	ENSG00000127152	hsa-miR-16-5p	MIMAT0000069	0.829517159827693
1140	NNT	ENSG00000112992	hsa-miR-16-5p	MIMAT0000069	0.829380945407658
1141	AGA	ENSG00000038002	hsa-miR-16-5p	MIMAT0000069	0.829376460040636
1142	ZNF436	ENSG00000125945	hsa-miR-16-5p	MIMAT0000069	0.829193912103435
1143	CAPN6	ENSG00000077274	hsa-miR-16-5p	MIMAT0000069	0.829082567245048
1144	TRIM9	ENSG00000100505	hsa-miR-16-5p	MIMAT0000069	0.828967288552264
1145	SOX5	ENSG00000134532	hsa-miR-16-5p	MIMAT0000069	0.828738393555875
1146	PFKFB4	ENSG00000114268	hsa-miR-16-5p	MIMAT0000069	0.828729907793586
1147	PHLDA1	ENSG00000139289	hsa-miR-486-5p	MIMAT0002177	0.828725371700327
1148	ZNF808	ENSG00000198482	hsa-miR-486-5p	MIMAT0002177	0.828715189233451
1149	CEP89	ENSG00000121289	hsa-miR-16-5p	MIMAT0000069	0.82866466404514
1150	PRKAR2A	ENSG00000114302	hsa-miR-16-5p	MIMAT0000069	0.82860083177141
1151	SYT4	ENSG00000132872	hsa-miR-16-5p	MIMAT0000069	0.828572943406629
1152	AKAP12	ENSG00000131016	hsa-miR-16-5p	MIMAT0000069	0.828562940378744
1153	TMCO5A	ENSG00000166069	hsa-miR-122-5p	MIMAT0000421	0.828251472922983
1154	DCC	ENSG00000187323	hsa-miR-486-5p	MIMAT0002177	0.828146517512894
1155	C1QL3	ENSG00000165985	hsa-miR-16-5p	MIMAT0000069	0.828054391255994
1156	INTS6L	ENSG00000165359	hsa-miR-16-5p	MIMAT0000069	0.827633863548571
1157	C19orf73	ENSG00000221916	hsa-miR-486-5p	MIMAT0002177	0.827590002573593
1158	NR2F1	ENSG00000175745	hsa-miR-486-5p	MIMAT0002177	0.827332086466317
1159	STXBP4	ENSG00000166263	hsa-miR-16-5p	MIMAT0000069	0.827316622525759
1160	PRRC2C	ENSG00000117523	hsa-miR-486-5p	MIMAT0002177	0.827131636387562
1161	NDEL1	ENSG00000166579	hsa-miR-486-5p	MIMAT0002177	0.827123795975688
1162	NT5C3A	ENSG00000122643	hsa-miR-122-5p	MIMAT0000421	0.827006814808801
1163	SCN3A	ENSG00000153253	hsa-miR-16-5p	MIMAT0000069	0.82686446493814
1164	SEL1L	ENSG00000071537	hsa-miR-16-5p	MIMAT0000069	0.826862282193405
1165	G3BP2	ENSG00000138757	hsa-miR-486-5p	MIMAT0002177	0.826796184067447
1166	EZH2	ENSG00000106462	hsa-miR-16-5p	MIMAT0000069	0.826768426726993
1167	RNF43	ENSG00000108375	hsa-miR-16-5p	MIMAT0000069	0.826523061525915
1168	SLC36A1	ENSG00000123643	hsa-miR-16-5p	MIMAT0000069	0.82647511980926
1169	GXYLT1	ENSG00000151233	hsa-miR-486-5p	MIMAT0002177	0.82637587032593
1170	HTR1B	ENSG00000135312	hsa-miR-16-5p	MIMAT0000069	0.826263294946493
1171	XKR8	ENSG00000158156	hsa-miR-16-5p	MIMAT0000069	0.826002474219696
1172	TTC33	ENSG00000113638	hsa-miR-16-5p	MIMAT0000069	0.825909468055048
1173	BTF3	ENSG00000145741	hsa-miR-16-5p	MIMAT0000069	0.825908103313374
1174	INO80E	ENSG00000169592	hsa-miR-486-5p	MIMAT0002177	0.825611414605299
1175	ZNF142	ENSG00000115568	hsa-miR-122-5p	MIMAT0000421	0.825480572710945
1176	TMEM143	ENSG00000161558	hsa-miR-16-5p	MIMAT0000069	0.825452616844507
1177	SOX12	ENSG00000177732	hsa-miR-486-5p	MIMAT0002177	0.825353391659476
1178	NSL1	ENSG00000117697	hsa-miR-486-5p	MIMAT0002177	0.825121285904612
1179	RIF1	ENSG00000080345	hsa-miR-16-5p	MIMAT0000069	0.825036704899347
1180	OR5V1	ENSG00000243729	hsa-miR-122-5p	MIMAT0000421	0.824851793439025
1181	KBTBD2	ENSG00000170852	hsa-miR-16-5p	MIMAT0000069	0.824839359117086
1182	ADAMTSL1	ENSG00000178031	hsa-miR-486-5p	MIMAT0002177	0.824831590520636
1183	IST1	ENSG00000182149	hsa-miR-16-5p	MIMAT0000069	0.824653749430543
1184	SF3B1	ENSG00000115524	hsa-miR-122-5p	MIMAT0000421	0.824583879769004
1185	DECR1	ENSG00000104325	hsa-miR-16-5p	MIMAT0000069	0.824298512001099
1186	LRP10	ENSG00000197324	hsa-miR-122-5p	MIMAT0000421	0.824241105676735
1187	B3GALT1	ENSG00000172318	hsa-miR-16-5p	MIMAT0000069	0.824228078634678
1188	SIAH1	ENSG00000196470	hsa-miR-16-5p	MIMAT0000069	0.823965323512789
1189	ALG14	ENSG00000172339	hsa-miR-122-5p	MIMAT0000421	0.82381474801219
1190	PEX12	ENSG00000108733	hsa-miR-16-5p	MIMAT0000069	0.823775053692678
1191	SHANK1	ENSG00000161681	hsa-miR-122-5p	MIMAT0000421	0.823591872088193
1192	KALRN	ENSG00000160145	hsa-miR-122-5p	MIMAT0000421	0.823431792695647
1193	LRP2	ENSG00000081479	hsa-miR-16-5p	MIMAT0000069	0.823418085854045
1194	EFCAB5	ENSG00000176927	hsa-miR-16-5p	MIMAT0000069	0.822994272362422
1195	PUS1	ENSG00000177192	hsa-miR-486-5p	MIMAT0002177	0.822930372728514
1196	RETREG2	ENSG00000144567	hsa-miR-486-5p	MIMAT0002177	0.822706388189994
1197	AGO1	ENSG00000092847	hsa-miR-122-5p	MIMAT0000421	0.822677380724223
1198	ABL2	ENSG00000143322	hsa-miR-486-5p	MIMAT0002177	0.822623893504111
1199	NRBP1	ENSG00000115216	hsa-miR-16-5p	MIMAT0000069	0.822228241697727
1200	MIGA1	ENSG00000180488	hsa-miR-16-5p	MIMAT0000069	0.822176680129894
1201	EIF4B	ENSG00000063046	hsa-miR-16-5p	MIMAT0000069	0.822111003310329
1202	MLYCD	ENSG00000103150	hsa-miR-486-5p	MIMAT0002177	0.822060632237888
1203	CANX	ENSG00000127022	hsa-miR-122-5p	MIMAT0000421	0.821817803587463
1204	ENSA	ENSG00000143420	hsa-miR-16-5p	MIMAT0000069	0.821716301260664
1205	ZCCHC3	ENSG00000247315	hsa-miR-16-5p	MIMAT0000069	0.821653198020556
1206	VTCN1	ENSG00000134258	hsa-miR-16-5p	MIMAT0000069	0.821652538877887
1207	P3H2	ENSG00000090530	hsa-miR-16-5p	MIMAT0000069	0.821626339437374
1208	RNF152	ENSG00000176641	hsa-miR-16-5p	MIMAT0000069	0.821618802326108
1209	NSG1	ENSG00000168824	hsa-miR-16-5p	MIMAT0000069	0.821599912033747
1210	ADNP	ENSG00000101126	hsa-miR-486-5p	MIMAT0002177	0.821591675541163
1211	GLUL	ENSG00000135821	hsa-miR-122-5p	MIMAT0000421	0.821309676974987
1212	SPECC1L-ADORA2A	ENSG00000258555	hsa-miR-16-5p	MIMAT0000069	0.821068304815924
1213	FAM189A1	ENSG00000104059	hsa-miR-16-5p	MIMAT0000069	0.820960709983494
1214	KCNK15	ENSG00000124249	hsa-miR-16-5p	MIMAT0000069	0.820629765892182
1215	AMER2	ENSG00000165566	hsa-miR-486-5p	MIMAT0002177	0.820566255567858
1216	FAM189B	ENSG00000160767	hsa-miR-486-5p	MIMAT0002177	0.820457553981015
1217	ROR1	ENSG00000185483	hsa-miR-16-5p	MIMAT0000069	0.82029467777338
1218	CAPN7	ENSG00000131375	hsa-miR-486-5p	MIMAT0002177	0.820276460968135
1219	SNX11	ENSG00000002919	hsa-miR-16-5p	MIMAT0000069	0.82024549886485
1220	ZNRF2	ENSG00000180233	hsa-miR-486-5p	MIMAT0002177	0.820171827282258
1221	HOOK3	ENSG00000168172	hsa-miR-486-5p	MIMAT0002177	0.819898680816359
1222	LATS2	ENSG00000150457	hsa-miR-16-5p	MIMAT0000069	0.819844786092363
1223	CD34	ENSG00000174059	hsa-miR-122-5p	MIMAT0000421	0.819794218543683
1224	SRGAP2C	ENSG00000171943	hsa-miR-16-5p	MIMAT0000069	0.81907734325235
1225	WARS2	ENSG00000116874	hsa-miR-122-5p	MIMAT0000421	0.818949191600963
1226	UBA52	ENSG00000221983	hsa-miR-122-5p	MIMAT0000421	0.818931654571705
1227	MSANTD1	ENSG00000188981	hsa-miR-486-5p	MIMAT0002177	0.818859604769946
1228	UMOD	ENSG00000169344	hsa-miR-16-5p	MIMAT0000069	0.818706504513675
1229	ADAM33	ENSG00000149451	hsa-miR-122-5p	MIMAT0000421	0.818624465564977
1230	KIAA0408	ENSG00000189367	hsa-miR-16-5p	MIMAT0000069	0.818480749561258
1231	BACE1	ENSG00000186318	hsa-miR-16-5p	MIMAT0000069	0.818439960933905
1232	AC067968.1	ENSG00000267022	hsa-miR-486-5p	MIMAT0002177	0.818385819817518
1233	ITPRIPL1	ENSG00000198885	hsa-miR-16-5p	MIMAT0000069	0.818368704047252
1234	FXR1	ENSG00000114416	hsa-miR-16-5p	MIMAT0000069	0.818347962102881
1235	F9	ENSG00000101981	hsa-miR-486-5p	MIMAT0002177	0.818291076492813
1236	LTBP2	ENSG00000119681	hsa-miR-122-5p	MIMAT0000421	0.818262137905464
1237	FAM161B	ENSG00000156050	hsa-miR-486-5p	MIMAT0002177	0.818031365553868
1238	UPK2	ENSG00000110375	hsa-miR-122-5p	MIMAT0000421	0.817951646590156
1239	TRIM36	ENSG00000152503	hsa-miR-16-5p	MIMAT0000069	0.817747892885774
1240	CHD6	ENSG00000124177	hsa-miR-16-5p	MIMAT0000069	0.817485898475711
1241	LRRTM2	ENSG00000146006	hsa-miR-486-5p	MIMAT0002177	0.817474483614424
1242	POU5F2	ENSG00000248483	hsa-miR-122-5p	MIMAT0000421	0.81738662950185
1243	SFXN2	ENSG00000156398	hsa-miR-16-5p	MIMAT0000069	0.817370965643589
1244	ZC3H6	ENSG00000188177	hsa-miR-16-5p	MIMAT0000069	0.817363327654601
1245	TBC1D19	ENSG00000109680	hsa-miR-16-5p	MIMAT0000069	0.817248299426745
1246	TMEM115	ENSG00000126062	hsa-miR-486-5p	MIMAT0002177	0.817063047446992
1247	RUNX2	ENSG00000124813	hsa-miR-122-5p	MIMAT0000421	0.81700379192164
1248	RNF24	ENSG00000101236	hsa-miR-16-5p	MIMAT0000069	0.81693801274028
1249	CYB561	ENSG00000008283	hsa-miR-16-5p	MIMAT0000069	0.816781991250265
1250	ZNF724	ENSG00000196081	hsa-miR-122-5p	MIMAT0000421	0.816723043990681
1251	ELP1	ENSG00000070061	hsa-miR-16-5p	MIMAT0000069	0.81657534716314
1252	AC007731.4	ENSG00000277971	hsa-miR-16-5p	MIMAT0000069	0.816139959693531
1253	PXMP4	ENSG00000101417	hsa-miR-16-5p	MIMAT0000069	0.815931407977323
1254	APPL2	ENSG00000136044	hsa-miR-122-5p	MIMAT0000421	0.81572338699653
1255	SYNRG	ENSG00000275066	hsa-miR-16-5p	MIMAT0000069	0.815612413620369
1256	SLC30A8	ENSG00000164756	hsa-miR-16-5p	MIMAT0000069	0.815593324918833
1257	ZSWIM3	ENSG00000132801	hsa-miR-16-5p	MIMAT0000069	0.815542065108926
1258	ALDH1A3	ENSG00000184254	hsa-miR-16-5p	MIMAT0000069	0.815096509389293
1259	ELL	ENSG00000105656	hsa-miR-16-5p	MIMAT0000069	0.81492980280857
1260	DAAM1	ENSG00000100592	hsa-miR-486-5p	MIMAT0002177	0.814917881411723
1261	ST3GAL5	ENSG00000115525	hsa-miR-16-5p	MIMAT0000069	0.814893517858545
1262	HIPK3	ENSG00000110422	hsa-miR-16-5p	MIMAT0000069	0.814792567637025
1263	USP2	ENSG00000036672	hsa-miR-16-5p	MIMAT0000069	0.814305054127107
1264	COL12A1	ENSG00000111799	hsa-miR-16-5p	MIMAT0000069	0.813968039305368
1265	ESRRG	ENSG00000196482	hsa-miR-16-5p	MIMAT0000069	0.813935372483515
1266	ZSCAN30	ENSG00000186814	hsa-miR-122-5p	MIMAT0000421	0.813788285708718
1267	ABCG4	ENSG00000172350	hsa-miR-16-5p	MIMAT0000069	0.813731058824717
1268	CRLS1	ENSG00000088766	hsa-miR-486-5p	MIMAT0002177	0.813705268138102
1269	HSPA8	ENSG00000109971	hsa-miR-16-5p	MIMAT0000069	0.813189899463727
1270	TBP	ENSG00000112592	hsa-miR-16-5p	MIMAT0000069	0.812807438116559
1271	ANXA13	ENSG00000104537	hsa-miR-486-5p	MIMAT0002177	0.812801050271141
1272	RIC8B	ENSG00000111785	hsa-miR-16-5p	MIMAT0000069	0.812773879301896
1273	ANKRD52	ENSG00000139645	hsa-miR-16-5p	MIMAT0000069	0.812701007382448
1274	LIPG	ENSG00000101670	hsa-miR-486-5p	MIMAT0002177	0.812537420872449
1275	ZDHHC20	ENSG00000180776	hsa-miR-122-5p	MIMAT0000421	0.812483413796542
1276	LRSAM1	ENSG00000148356	hsa-miR-16-5p	MIMAT0000069	0.812435127665633
1277	SLC7A2	ENSG00000003989	hsa-miR-16-5p	MIMAT0000069	0.812298624542877
1278	MIA-RAB4B	ENSG00000268975	hsa-miR-16-5p	MIMAT0000069	0.812088443148462
1279	AMOT	ENSG00000126016	hsa-miR-16-5p	MIMAT0000069	0.811938927428298
1280	RAB3GAP1	ENSG00000115839	hsa-miR-122-5p	MIMAT0000421	0.811936318455753
1281	TSG101	ENSG00000074319	hsa-miR-122-5p	MIMAT0000421	0.811807501572648
1282	AC137834.1	ENSG00000258830	hsa-miR-122-5p	MIMAT0000421	0.811681754314653
1283	SERP1	ENSG00000120742	hsa-miR-122-5p	MIMAT0000421	0.811606538360815
1284	TFAM	ENSG00000108064	hsa-miR-486-5p	MIMAT0002177	0.811570575377844
1285	LNPEP	ENSG00000113441	hsa-miR-122-5p	MIMAT0000421	0.811446439648754
1286	PURB	ENSG00000146676	hsa-miR-122-5p	MIMAT0000421	0.811095457605417
1287	AL096711.2	ENSG00000255330	hsa-miR-16-5p	MIMAT0000069	0.810965125104512
1288	TAOK1	ENSG00000160551	hsa-miR-16-5p	MIMAT0000069	0.810893403233318
1289	PRELID3A	ENSG00000141391	hsa-miR-486-5p	MIMAT0002177	0.81087250056631
1290	KCNJ15	ENSG00000157551	hsa-miR-486-5p	MIMAT0002177	0.810855710891403
1291	ABCF2	ENSG00000033050	hsa-miR-16-5p	MIMAT0000069	0.810662601252969
1292	TAX1BP1	ENSG00000106052	hsa-miR-16-5p	MIMAT0000069	0.810614832006157
1293	FAM160A1	ENSG00000164142	hsa-miR-16-5p	MIMAT0000069	0.810537357564872
1294	HSDL2	ENSG00000119471	hsa-miR-16-5p	MIMAT0000069	0.810305357608301
1295	MOXD1	ENSG00000079931	hsa-miR-486-5p	MIMAT0002177	0.81029281856958
1296	CMPK1	ENSG00000162368	hsa-miR-16-5p	MIMAT0000069	0.810200210480698
1297	DSG2	ENSG00000046604	hsa-miR-122-5p	MIMAT0000421	0.809981229323416
1298	NTRK2	ENSG00000148053	hsa-miR-16-5p	MIMAT0000069	0.809977299754038
1299	SIAH1	ENSG00000196470	hsa-miR-486-5p	MIMAT0002177	0.809949643643987
1300	NUDT10	ENSG00000122824	hsa-miR-122-5p	MIMAT0000421	0.809870955434866
1301	ELOVL7	ENSG00000164181	hsa-miR-16-5p	MIMAT0000069	0.80965333503552
1302	CDH6	ENSG00000113361	hsa-miR-122-5p	MIMAT0000421	0.809494493360912
1303	FSD2	ENSG00000186628	hsa-miR-16-5p	MIMAT0000069	0.809471994309996
1304	BCL2L10	ENSG00000137875	hsa-miR-16-5p	MIMAT0000069	0.809470723692615
1305	RTN4	ENSG00000115310	hsa-miR-16-5p	MIMAT0000069	0.809344801356958
1306	PRR11	ENSG00000068489	hsa-miR-16-5p	MIMAT0000069	0.809341396315086
1307	PLXDC2	ENSG00000120594	hsa-miR-16-5p	MIMAT0000069	0.809239652075567
1308	AATK	ENSG00000181409	hsa-miR-16-5p	MIMAT0000069	0.809050260779439
1309	MATN2	ENSG00000132561	hsa-miR-486-5p	MIMAT0002177	0.808933343059396
1310	GABARAPL1	ENSG00000139112	hsa-miR-16-5p	MIMAT0000069	0.808844162031525
1311	MRPL47	ENSG00000136522	hsa-miR-486-5p	MIMAT0002177	0.808624854499412
1312	PGAP1	ENSG00000197121	hsa-miR-486-5p	MIMAT0002177	0.808614724972259
1313	ANKRD34C	ENSG00000235711	hsa-miR-16-5p	MIMAT0000069	0.808461950926234
1314	DPH6	ENSG00000134146	hsa-miR-16-5p	MIMAT0000069	0.808424031600466
1315	ASZ1	ENSG00000154438	hsa-miR-486-5p	MIMAT0002177	0.808396062763322
1316	PPT2	ENSG00000221988	hsa-miR-16-5p	MIMAT0000069	0.80823405431279
1317	C14orf119	ENSG00000179933	hsa-miR-486-5p	MIMAT0002177	0.808107766342728
1318	PDK4	ENSG00000004799	hsa-miR-16-5p	MIMAT0000069	0.80801740503122
1319	TMEM170B	ENSG00000205269	hsa-miR-486-5p	MIMAT0002177	0.807946606909405
1320	TXNDC17	ENSG00000129235	hsa-miR-16-5p	MIMAT0000069	0.807922263774457
1321	PPARGC1A	ENSG00000109819	hsa-miR-16-5p	MIMAT0000069	0.80788336842793
1322	GPD1L	ENSG00000152642	hsa-miR-122-5p	MIMAT0000421	0.807807261821899
1323	AC114490.2	ENSG00000271741	hsa-miR-16-5p	MIMAT0000069	0.807511332121089
1324	VWC2L	ENSG00000174453	hsa-miR-16-5p	MIMAT0000069	0.807313682390465
1325	SCOC	ENSG00000153130	hsa-miR-16-5p	MIMAT0000069	0.80717978543875
1326	OR2T1	ENSG00000175143	hsa-miR-486-5p	MIMAT0002177	0.807081596973332
1327	NR2C2	ENSG00000177463	hsa-miR-486-5p	MIMAT0002177	0.806847342034102
1328	TFAP2A	ENSG00000137203	hsa-miR-16-5p	MIMAT0000069	0.806790242705676
1329	STT3B	ENSG00000163527	hsa-miR-486-5p	MIMAT0002177	0.806662993078565
1330	CEP85L	ENSG00000111860	hsa-miR-16-5p	MIMAT0000069	0.806662888179389
1331	LRRTM3	ENSG00000198739	hsa-miR-486-5p	MIMAT0002177	0.806620850919947
1332	ULK2	ENSG00000083290	hsa-miR-486-5p	MIMAT0002177	0.806579694051626
1333	INO80B-WBP1	ENSG00000274049	hsa-miR-16-5p	MIMAT0000069	0.806558589880539
1334	ZNF268	ENSG00000090612	hsa-miR-486-5p	MIMAT0002177	0.805935193589516
1335	FAM217B	ENSG00000196227	hsa-miR-486-5p	MIMAT0002177	0.805820135754853
1336	GVQW3	ENSG00000179240	hsa-miR-16-5p	MIMAT0000069	0.80577395826572
1337	ZDHHC16	ENSG00000171307	hsa-miR-16-5p	MIMAT0000069	0.80546889420837
1338	MFAP3L	ENSG00000198948	hsa-miR-16-5p	MIMAT0000069	0.805461253174659
1339	RBM47	ENSG00000163694	hsa-miR-122-5p	MIMAT0000421	0.805400578210191
1340	OPRM1	ENSG00000112038	hsa-miR-16-5p	MIMAT0000069	0.804919990177275
1341	AC006064.6	ENSG00000285238	hsa-miR-16-5p	MIMAT0000069	0.804690941692086
1342	NAB2	ENSG00000166886	hsa-miR-122-5p	MIMAT0000421	0.804458796452016
1343	AZIN2	ENSG00000142920	hsa-miR-122-5p	MIMAT0000421	0.804410373223439
1344	FERMT2	ENSG00000073712	hsa-miR-16-5p	MIMAT0000069	0.804288219692589
1345	EML6	ENSG00000214595	hsa-miR-16-5p	MIMAT0000069	0.804249637861779
1346	TMED8	ENSG00000100580	hsa-miR-122-5p	MIMAT0000421	0.804247530787952
1347	SLC1A2	ENSG00000110436	hsa-miR-16-5p	MIMAT0000069	0.803870393078892
1348	PAQR3	ENSG00000163291	hsa-miR-16-5p	MIMAT0000069	0.803676974242987
1349	NKAIN3	ENSG00000185942	hsa-miR-122-5p	MIMAT0000421	0.803580230538135
1350	RUNX1T1	ENSG00000079102	hsa-miR-16-5p	MIMAT0000069	0.803332760044856
1351	ANKRD46	ENSG00000186106	hsa-miR-16-5p	MIMAT0000069	0.803330948394916
1352	AL358472.7	ENSG00000285779	hsa-miR-16-5p	MIMAT0000069	0.803185213709263
1353	USP24	ENSG00000162402	hsa-miR-16-5p	MIMAT0000069	0.803172891955764
1354	GIGYF1	ENSG00000146830	hsa-miR-16-5p	MIMAT0000069	0.802972624541782
1355	LRCH1	ENSG00000136141	hsa-miR-16-5p	MIMAT0000069	0.802772057660151
1356	NCKAP1	ENSG00000061676	hsa-miR-122-5p	MIMAT0000421	0.80257399236443
1357	RBL1	ENSG00000080839	hsa-miR-122-5p	MIMAT0000421	0.802543931050676
1358	GID8	ENSG00000101193	hsa-miR-16-5p	MIMAT0000069	0.802516273902493
1359	ATXN7L3B	ENSG00000253719	hsa-miR-16-5p	MIMAT0000069	0.802286661775438
1360	BRD3OS	ENSG00000235106	hsa-miR-486-5p	MIMAT0002177	0.802158163498362
1361	AC005520.1	ENSG00000258653	hsa-miR-16-5p	MIMAT0000069	0.802095702112762
1362	WASHC4	ENSG00000136051	hsa-miR-486-5p	MIMAT0002177	0.801933056361213
1363	PAPPA2	ENSG00000116183	hsa-miR-16-5p	MIMAT0000069	0.80191243590285
1364	MAML2	ENSG00000184384	hsa-miR-486-5p	MIMAT0002177	0.80180596288942
1365	ADAMTS6	ENSG00000049192	hsa-miR-16-5p	MIMAT0000069	0.801585390219849
1366	CADM1	ENSG00000182985	hsa-miR-486-5p	MIMAT0002177	0.801578204532343
1367	FAT3	ENSG00000165323	hsa-miR-486-5p	MIMAT0002177	0.801537700797114
1368	OCRL	ENSG00000122126	hsa-miR-122-5p	MIMAT0000421	0.801074092834477
1369	ABHD16A	ENSG00000204427	hsa-miR-16-5p	MIMAT0000069	0.801018092343356
1370	RTP4	ENSG00000136514	hsa-miR-486-5p	MIMAT0002177	0.800988510199861
1371	MEF2C	ENSG00000081189	hsa-miR-486-5p	MIMAT0002177	0.800979093855186
1372	STRADA	ENSG00000266173	hsa-miR-16-5p	MIMAT0000069	0.800854972936294
1373	SMPD1	ENSG00000166311	hsa-miR-16-5p	MIMAT0000069	0.800829281747402
1374	SNCG	ENSG00000173267	hsa-miR-16-5p	MIMAT0000069	0.800806814866688
1375	VAPB	ENSG00000124164	hsa-miR-16-5p	MIMAT0000069	0.800555834235798
1376	RNF141	ENSG00000110315	hsa-miR-16-5p	MIMAT0000069	0.800469743640451
1377	DRAM1	ENSG00000136048	hsa-miR-16-5p	MIMAT0000069	0.800432381115492
1378	RORA	ENSG00000069667	hsa-miR-16-5p	MIMAT0000069	0.800353506839571
1379	RELN	ENSG00000189056	hsa-miR-16-5p	MIMAT0000069	0.800320354849824
1380	CWC27	ENSG00000153015	hsa-miR-122-5p	MIMAT0000421	0.800039614487236
1381	ZIC5	ENSG00000139800	hsa-miR-486-5p	MIMAT0002177	0.800028297975462
1382	SNRNP48	ENSG00000168566	hsa-miR-16-5p	MIMAT0000069	0.799770460458841
1383	SPDYE1	ENSG00000136206	hsa-miR-16-5p	MIMAT0000069	0.799767074344487
1384	BVES	ENSG00000112276	hsa-miR-16-5p	MIMAT0000069	0.79972281032412
1385	RRAGA	ENSG00000155876	hsa-miR-16-5p	MIMAT0000069	0.799693132904098
1386	ZNF347	ENSG00000197937	hsa-miR-122-5p	MIMAT0000421	0.79953624225168
1387	DCTN5	ENSG00000166847	hsa-miR-16-5p	MIMAT0000069	0.799436499543525
1388	DCC	ENSG00000187323	hsa-miR-16-5p	MIMAT0000069	0.799373214426804
1389	MAF1	ENSG00000179632	hsa-miR-122-5p	MIMAT0000421	0.799229522598878
1390	DTWD1	ENSG00000104047	hsa-miR-486-5p	MIMAT0002177	0.799140011470034
1391	AMER1	ENSG00000184675	hsa-miR-122-5p	MIMAT0000421	0.799109712821511
1392	USP31	ENSG00000103404	hsa-miR-16-5p	MIMAT0000069	0.799049749433336
1393	GPR78	ENSG00000155269	hsa-miR-16-5p	MIMAT0000069	0.798987875729858
1394	ATP2A2	ENSG00000174437	hsa-miR-16-5p	MIMAT0000069	0.798926734631349
1395	LRRC49	ENSG00000137821	hsa-miR-16-5p	MIMAT0000069	0.79859650610315
1396	AP2B1	ENSG00000006125	hsa-miR-16-5p	MIMAT0000069	0.798591856590503
1397	MKLN1	ENSG00000128585	hsa-miR-486-5p	MIMAT0002177	0.79825882159588
1398	RLIM	ENSG00000131263	hsa-miR-16-5p	MIMAT0000069	0.798214084944767
1399	AC015802.6	ENSG00000284526	hsa-miR-16-5p	MIMAT0000069	0.798017080635817
1400	STAG1	ENSG00000118007	hsa-miR-16-5p	MIMAT0000069	0.79794125339414
1401	MEIS1	ENSG00000143995	hsa-miR-486-5p	MIMAT0002177	0.797898132626974
1402	NSD1	ENSG00000165671	hsa-miR-16-5p	MIMAT0000069	0.797816482287115
1403	SUPT20H	ENSG00000102710	hsa-miR-122-5p	MIMAT0000421	0.797745276047038
1404	CCNI2	ENSG00000205089	hsa-miR-16-5p	MIMAT0000069	0.79769512432774
1405	CAB39	ENSG00000135932	hsa-miR-16-5p	MIMAT0000069	0.797491367233447
1406	SAMD12	ENSG00000177570	hsa-miR-122-5p	MIMAT0000421	0.79746107697895
1407	KYNU	ENSG00000115919	hsa-miR-16-5p	MIMAT0000069	0.797329912941436
1408	TFCP2L1	ENSG00000115112	hsa-miR-16-5p	MIMAT0000069	0.797191190187108
1409	INO80C	ENSG00000153391	hsa-miR-16-5p	MIMAT0000069	0.796976479664968
1410	SNIP1	ENSG00000163877	hsa-miR-16-5p	MIMAT0000069	0.796888871476685
1411	TEDDM1	ENSG00000203730	hsa-miR-486-5p	MIMAT0002177	0.796884660997693
1412	CACNA1E	ENSG00000198216	hsa-miR-122-5p	MIMAT0000421	0.796588096631904
1413	RPS6KB1	ENSG00000108443	hsa-miR-486-5p	MIMAT0002177	0.796542153628559
1414	PWWP2B	ENSG00000171813	hsa-miR-16-5p	MIMAT0000069	0.796539616669976
1415	C2CD2L	ENSG00000172375	hsa-miR-486-5p	MIMAT0002177	0.796535958546015
1416	GRIN2B	ENSG00000273079	hsa-miR-122-5p	MIMAT0000421	0.796469365976461
1417	CELF1	ENSG00000149187	hsa-miR-16-5p	MIMAT0000069	0.796256600577367
1418	ZNF326	ENSG00000162664	hsa-miR-16-5p	MIMAT0000069	0.796033058462568
1419	CLDN2	ENSG00000165376	hsa-miR-122-5p	MIMAT0000421	0.795804747664251
1420	SENP2	ENSG00000163904	hsa-miR-16-5p	MIMAT0000069	0.795607153743443
1421	FARP1	ENSG00000152767	hsa-miR-16-5p	MIMAT0000069	0.795600933808869
1422	FOSL1	ENSG00000175592	hsa-miR-16-5p	MIMAT0000069	0.795506242289091
1423	MMD	ENSG00000108960	hsa-miR-16-5p	MIMAT0000069	0.79547090917412
1424	NDRG3	ENSG00000101079	hsa-miR-122-5p	MIMAT0000421	0.795453265653888
1425	ABHD2	ENSG00000140526	hsa-miR-16-5p	MIMAT0000069	0.795362005828029
1426	NSMF	ENSG00000165802	hsa-miR-16-5p	MIMAT0000069	0.795323142871198
1427	DSTYK	ENSG00000133059	hsa-miR-122-5p	MIMAT0000421	0.795125142731722
1428	DSEL	ENSG00000171451	hsa-miR-16-5p	MIMAT0000069	0.795045144173473
1429	TM7SF3	ENSG00000064115	hsa-miR-16-5p	MIMAT0000069	0.795024534823605
1430	KCNC4	ENSG00000116396	hsa-miR-16-5p	MIMAT0000069	0.794918976048231
1431	PAPPA	ENSG00000182752	hsa-miR-122-5p	MIMAT0000421	0.794847567865571
1432	GP2	ENSG00000169347	hsa-miR-122-5p	MIMAT0000421	0.794671117026067
1433	ARHGDIA	ENSG00000141522	hsa-miR-16-5p	MIMAT0000069	0.794647150338104
1434	C19orf12	ENSG00000131943	hsa-miR-486-5p	MIMAT0002177	0.794623983320678
1435	RBM14-RBM4	ENSG00000248643	hsa-miR-16-5p	MIMAT0000069	0.794073752532369
1436	MFN1	ENSG00000171109	hsa-miR-486-5p	MIMAT0002177	0.793994095156475
1437	CD40	ENSG00000101017	hsa-miR-16-5p	MIMAT0000069	0.793960709352056
1438	RAB3IP	ENSG00000127328	hsa-miR-16-5p	MIMAT0000069	0.793880718295321
1439	SH3TC2	ENSG00000169247	hsa-miR-486-5p	MIMAT0002177	0.793855870140918
1440	KMT2D	ENSG00000167548	hsa-miR-16-5p	MIMAT0000069	0.793799840301107
1441	FAM234B	ENSG00000084444	hsa-miR-486-5p	MIMAT0002177	0.793789605029511
1442	SETD3	ENSG00000183576	hsa-miR-16-5p	MIMAT0000069	0.793773970348436
1443	SEC14L6	ENSG00000214491	hsa-miR-122-5p	MIMAT0000421	0.793717086196519
1444	LURAP1	ENSG00000171357	hsa-miR-16-5p	MIMAT0000069	0.793698871875296
1445	CSRNP2	ENSG00000110925	hsa-miR-16-5p	MIMAT0000069	0.793650497687235
1446	UNC5B	ENSG00000107731	hsa-miR-16-5p	MIMAT0000069	0.793644417304365
1447	GSK3B	ENSG00000082701	hsa-miR-16-5p	MIMAT0000069	0.793541717968085
1448	KSR1	ENSG00000141068	hsa-miR-16-5p	MIMAT0000069	0.793392621511015
1449	ENTPD4	ENSG00000197217	hsa-miR-16-5p	MIMAT0000069	0.793372273031878
1450	CBX6	ENSG00000183741	hsa-miR-122-5p	MIMAT0000421	0.793158375062433
1451	GALNT7	ENSG00000109586	hsa-miR-16-5p	MIMAT0000069	0.793139017440968
1452	ESRRA	ENSG00000173153	hsa-miR-16-5p	MIMAT0000069	0.793132575246176
1453	CMC4	ENSG00000182712	hsa-miR-16-5p	MIMAT0000069	0.793109135853908
1454	NSMAF	ENSG00000035681	hsa-miR-122-5p	MIMAT0000421	0.793058855805854
1455	ILDR2	ENSG00000143195	hsa-miR-16-5p	MIMAT0000069	0.793024508800204
1456	XDH	ENSG00000158125	hsa-miR-16-5p	MIMAT0000069	0.792924974259766
1457	PROK2	ENSG00000163421	hsa-miR-122-5p	MIMAT0000421	0.792846676860076
1458	LRIG2	ENSG00000198799	hsa-miR-16-5p	MIMAT0000069	0.792738509106121
1459	DPEP2	ENSG00000167261	hsa-miR-486-5p	MIMAT0002177	0.792358536688911
1460	SCN1A	ENSG00000144285	hsa-miR-16-5p	MIMAT0000069	0.79230702088275
1461	PARVA	ENSG00000197702	hsa-miR-16-5p	MIMAT0000069	0.79224151979255
1462	ATP6V1H	ENSG00000047249	hsa-miR-122-5p	MIMAT0000421	0.792209085409097
1463	TOGARAM1	ENSG00000198718	hsa-miR-16-5p	MIMAT0000069	0.792158908520187
1464	TAF7L	ENSG00000102387	hsa-miR-16-5p	MIMAT0000069	0.792132606277385
1465	SLC36A4	ENSG00000180773	hsa-miR-122-5p	MIMAT0000421	0.792022934751412
1466	SLC12A6	ENSG00000140199	hsa-miR-122-5p	MIMAT0000421	0.791959093421859
1467	PDK3	ENSG00000067992	hsa-miR-486-5p	MIMAT0002177	0.791726928186281
1468	PPFIA3	ENSG00000177380	hsa-miR-16-5p	MIMAT0000069	0.791639386531342
1469	ZDHHC22	ENSG00000177108	hsa-miR-16-5p	MIMAT0000069	0.791626788665963
1470	CBL	ENSG00000110395	hsa-miR-122-5p	MIMAT0000421	0.791427978352245
1471	RB1CC1	ENSG00000023287	hsa-miR-122-5p	MIMAT0000421	0.791339325665491
1472	RIMBP2	ENSG00000060709	hsa-miR-122-5p	MIMAT0000421	0.791131607918548
1473	MRPS11	ENSG00000181991	hsa-miR-122-5p	MIMAT0000421	0.791108094667922
1474	BPTF	ENSG00000171634	hsa-miR-16-5p	MIMAT0000069	0.790981575889626
1475	GPRIN3	ENSG00000185477	hsa-miR-16-5p	MIMAT0000069	0.790903915415335
1476	HERC4	ENSG00000148634	hsa-miR-16-5p	MIMAT0000069	0.790825255097628
1477	PDCD11	ENSG00000148843	hsa-miR-16-5p	MIMAT0000069	0.790730721335079
1478	EXOC8	ENSG00000116903	hsa-miR-486-5p	MIMAT0002177	0.790168432972033
1479	UTP15	ENSG00000164338	hsa-miR-486-5p	MIMAT0002177	0.790083575391751
1480	ATXN1	ENSG00000124788	hsa-miR-486-5p	MIMAT0002177	0.790082186989221
1481	DLD	ENSG00000091140	hsa-miR-16-5p	MIMAT0000069	0.789982601659513
1482	ZKSCAN8	ENSG00000198315	hsa-miR-122-5p	MIMAT0000421	0.789908885623603
1483	RBFA	ENSG00000101546	hsa-miR-16-5p	MIMAT0000069	0.789753625367134
1484	GIMAP6	ENSG00000133561	hsa-miR-122-5p	MIMAT0000421	0.789682907695773
1485	CNKSR3	ENSG00000153721	hsa-miR-122-5p	MIMAT0000421	0.78961308943003
1486	HYDIN	ENSG00000157423	hsa-miR-122-5p	MIMAT0000421	0.789509779829754
1487	USP42	ENSG00000106346	hsa-miR-16-5p	MIMAT0000069	0.789474613706308
1488	LRRC25	ENSG00000175489	hsa-miR-486-5p	MIMAT0002177	0.789305196016413
1489	BAHCC1	ENSG00000266074	hsa-miR-486-5p	MIMAT0002177	0.789298198087121
1490	NLRP2B	ENSG00000215174	hsa-miR-16-5p	MIMAT0000069	0.789238544591695
1491	TLL1	ENSG00000038295	hsa-miR-16-5p	MIMAT0000069	0.78916307329527
1492	KLHDC1	ENSG00000197776	hsa-miR-122-5p	MIMAT0000421	0.789112124789569
1493	RAB44	ENSG00000255587	hsa-miR-122-5p	MIMAT0000421	0.78898094314189
1494	H3-3A	ENSG00000163041	hsa-miR-16-5p	MIMAT0000069	0.788794184107554
1495	FAM102A	ENSG00000167106	hsa-miR-122-5p	MIMAT0000421	0.78874481749308
1496	CLUH	ENSG00000132361	hsa-miR-16-5p	MIMAT0000069	0.788439979430668
1497	OSBP2	ENSG00000184792	hsa-miR-122-5p	MIMAT0000421	0.788344171713577
1498	MARK1	ENSG00000116141	hsa-miR-486-5p	MIMAT0002177	0.788254014391652
1499	CNTN3	ENSG00000113805	hsa-miR-16-5p	MIMAT0000069	0.788231272690721
1500	CEACAM6	ENSG00000086548	hsa-miR-16-5p	MIMAT0000069	0.788195050707229
1501	ROCK2	ENSG00000134318	hsa-miR-16-5p	MIMAT0000069	0.788194111112155
1502	ERCC6L2	ENSG00000182150	hsa-miR-486-5p	MIMAT0002177	0.788079968095681
1503	PREP	ENSG00000085377	hsa-miR-486-5p	MIMAT0002177	0.78788767808755
1504	RYBP	ENSG00000163602	hsa-miR-16-5p	MIMAT0000069	0.78772000876644
1505	C12orf45	ENSG00000151131	hsa-miR-122-5p	MIMAT0000421	0.787669168487909
1506	PDP1	ENSG00000164951	hsa-miR-486-5p	MIMAT0002177	0.78764747267729
1507	SMIM12	ENSG00000163866	hsa-miR-486-5p	MIMAT0002177	0.787541956046123
1508	DENND2C	ENSG00000175984	hsa-miR-16-5p	MIMAT0000069	0.787485043001803
1509	FSTL4	ENSG00000053108	hsa-miR-16-5p	MIMAT0000069	0.787380885070771
1510	ZCCHC2	ENSG00000141664	hsa-miR-16-5p	MIMAT0000069	0.787069383868347
1511	ZNF705D	ENSG00000215343	hsa-miR-16-5p	MIMAT0000069	0.786990075238396
1512	PPP2R1A	ENSG00000105568	hsa-miR-16-5p	MIMAT0000069	0.786807661339803
1513	GSG1	ENSG00000111305	hsa-miR-16-5p	MIMAT0000069	0.786352442311935
1514	HHIP	ENSG00000164161	hsa-miR-122-5p	MIMAT0000421	0.786121089894774
1515	SLC22A10	ENSG00000184999	hsa-miR-486-5p	MIMAT0002177	0.786079322468449
1516	GLCE	ENSG00000138604	hsa-miR-16-5p	MIMAT0000069	0.786033289197808
1517	DVL1	ENSG00000107404	hsa-miR-16-5p	MIMAT0000069	0.78588441235639
1518	KLHL3	ENSG00000146021	hsa-miR-16-5p	MIMAT0000069	0.785881668222298
1519	SRSF11	ENSG00000116754	hsa-miR-16-5p	MIMAT0000069	0.785857619989314
1520	ITGBL1	ENSG00000198542	hsa-miR-16-5p	MIMAT0000069	0.785827637601293
1521	C11orf42	ENSG00000180878	hsa-miR-16-5p	MIMAT0000069	0.785762140230905
1522	CRK	ENSG00000167193	hsa-miR-16-5p	MIMAT0000069	0.785717711208993
1523	CADM2	ENSG00000175161	hsa-miR-486-5p	MIMAT0002177	0.785659008692973
1524	PPP2R5E	ENSG00000154001	hsa-miR-16-5p	MIMAT0000069	0.785652864021553
1525	ZNF101	ENSG00000181896	hsa-miR-486-5p	MIMAT0002177	0.785646295913395
1526	ALG9	ENSG00000086848	hsa-miR-486-5p	MIMAT0002177	0.785604619358717
1527	TRIM35	ENSG00000104228	hsa-miR-16-5p	MIMAT0000069	0.785270117554858
1528	PTBP2	ENSG00000117569	hsa-miR-16-5p	MIMAT0000069	0.785254627394456
1529	NAA25	ENSG00000111300	hsa-miR-16-5p	MIMAT0000069	0.785188842606455
1530	KRTAP4-4	ENSG00000171396	hsa-miR-16-5p	MIMAT0000069	0.785157397206383
1531	SINHCAF	ENSG00000139146	hsa-miR-16-5p	MIMAT0000069	0.784952603918123
1532	HHAT	ENSG00000054392	hsa-miR-486-5p	MIMAT0002177	0.784829621861381
1533	YIF1B	ENSG00000167645	hsa-miR-16-5p	MIMAT0000069	0.784643985900718
1534	ADCY4	ENSG00000129467	hsa-miR-486-5p	MIMAT0002177	0.78461641325214
1535	MARCHF5	ENSG00000198060	hsa-miR-16-5p	MIMAT0000069	0.784580164188303
1536	GALNT5	ENSG00000136542	hsa-miR-16-5p	MIMAT0000069	0.784544665345724
1537	RET	ENSG00000165731	hsa-miR-16-5p	MIMAT0000069	0.784477198317095
1538	DLK1	ENSG00000185559	hsa-miR-16-5p	MIMAT0000069	0.784462679895744
1539	DPP8	ENSG00000074603	hsa-miR-16-5p	MIMAT0000069	0.784430470521851
1540	WDR75	ENSG00000115368	hsa-miR-16-5p	MIMAT0000069	0.784383548520605
1541	TTC39B	ENSG00000155158	hsa-miR-16-5p	MIMAT0000069	0.784360275224032
1542	PNRC2	ENSG00000189266	hsa-miR-486-5p	MIMAT0002177	0.784334742615235
1543	FGFR1	ENSG00000077782	hsa-miR-16-5p	MIMAT0000069	0.784257251061155
1544	EMC4	ENSG00000128463	hsa-miR-16-5p	MIMAT0000069	0.784213572421733
1545	CCNT2	ENSG00000082258	hsa-miR-486-5p	MIMAT0002177	0.784177443267821
1546	BACE2	ENSG00000182240	hsa-miR-486-5p	MIMAT0002177	0.784160079883025
1547	SH3TC2	ENSG00000169247	hsa-miR-122-5p	MIMAT0000421	0.784123297136472
1548	OR51A4	ENSG00000205497	hsa-miR-486-5p	MIMAT0002177	0.784106424113919
1549	RABEP1	ENSG00000029725	hsa-miR-16-5p	MIMAT0000069	0.784033105929884
1550	CAMKV	ENSG00000164076	hsa-miR-16-5p	MIMAT0000069	0.783973154538309
1551	SYNM	ENSG00000182253	hsa-miR-486-5p	MIMAT0002177	0.78361214188298
1552	CNKSR2	ENSG00000149970	hsa-miR-486-5p	MIMAT0002177	0.783541793770052
1553	VPS4A	ENSG00000132612	hsa-miR-16-5p	MIMAT0000069	0.783483567672445
1554	ZNF418	ENSG00000196724	hsa-miR-486-5p	MIMAT0002177	0.783404202140891
1555	PRKAB2	ENSG00000131791	hsa-miR-16-5p	MIMAT0000069	0.783329744303539
1556	DNAJA2	ENSG00000069345	hsa-miR-16-5p	MIMAT0000069	0.783280458280598
1557	PRKRA	ENSG00000180228	hsa-miR-16-5p	MIMAT0000069	0.782807120645405
1558	MAPK1IP1L	ENSG00000168175	hsa-miR-16-5p	MIMAT0000069	0.782786909588606
1559	TTPAL	ENSG00000124120	hsa-miR-16-5p	MIMAT0000069	0.782680061948647
1560	PFN4	ENSG00000176732	hsa-miR-122-5p	MIMAT0000421	0.782659916340563
1561	OR10K1	ENSG00000173285	hsa-miR-16-5p	MIMAT0000069	0.782644236271111
1562	NXPE3	ENSG00000144815	hsa-miR-16-5p	MIMAT0000069	0.782399908929175
1563	ZDHHC21	ENSG00000175893	hsa-miR-16-5p	MIMAT0000069	0.782269146812855
1564	USP6NL	ENSG00000148429	hsa-miR-16-5p	MIMAT0000069	0.782136978972011
1565	SCN3B	ENSG00000166257	hsa-miR-122-5p	MIMAT0000421	0.78208688351835
1566	ZNF273	ENSG00000198039	hsa-miR-486-5p	MIMAT0002177	0.781881193053985
1567	RC3H2	ENSG00000056586	hsa-miR-486-5p	MIMAT0002177	0.781852502529582
1568	TNXB	ENSG00000168477	hsa-miR-486-5p	MIMAT0002177	0.781793030550967
1569	HOXB9	ENSG00000170689	hsa-miR-122-5p	MIMAT0000421	0.78176983986625
1570	CCNJL	ENSG00000135083	hsa-miR-16-5p	MIMAT0000069	0.781660881714669
1571	CXCL10	ENSG00000169245	hsa-miR-16-5p	MIMAT0000069	0.781532492875557
1572	ATG13	ENSG00000175224	hsa-miR-16-5p	MIMAT0000069	0.781469872221291
1573	ATP1A2	ENSG00000018625	hsa-miR-486-5p	MIMAT0002177	0.781426319889236
1574	TRPC1	ENSG00000144935	hsa-miR-16-5p	MIMAT0000069	0.781416661318717
1575	TSPAN14	ENSG00000108219	hsa-miR-122-5p	MIMAT0000421	0.781416151395386
1576	ZNF609	ENSG00000180357	hsa-miR-16-5p	MIMAT0000069	0.781253179133305
1577	POU4F2	ENSG00000151615	hsa-miR-16-5p	MIMAT0000069	0.781154385638452
1578	CLSPN	ENSG00000092853	hsa-miR-16-5p	MIMAT0000069	0.781008750762513
1579	TMEM268	ENSG00000157693	hsa-miR-16-5p	MIMAT0000069	0.780891519906709
1580	UBE2N	ENSG00000177889	hsa-miR-486-5p	MIMAT0002177	0.780863933810151
1581	VCPIP1	ENSG00000175073	hsa-miR-486-5p	MIMAT0002177	0.780804503525953
1582	RAB11FIP4	ENSG00000131242	hsa-miR-486-5p	MIMAT0002177	0.780715060664695
1583	CTDSPL	ENSG00000144677	hsa-miR-16-5p	MIMAT0000069	0.780657643749663
1584	MANSC1	ENSG00000111261	hsa-miR-486-5p	MIMAT0002177	0.780534623658729
1585	TIMM21	ENSG00000075336	hsa-miR-122-5p	MIMAT0000421	0.780531200398035
1586	RASSF8	ENSG00000123094	hsa-miR-16-5p	MIMAT0000069	0.780505468844934
1587	ZCCHC3	ENSG00000247315	hsa-miR-122-5p	MIMAT0000421	0.780312101282635
1588	RBM12B	ENSG00000183808	hsa-miR-486-5p	MIMAT0002177	0.7802317101679
1589	TPRG1	ENSG00000188001	hsa-miR-16-5p	MIMAT0000069	0.780218471408504
1590	AGK	ENSG00000006530	hsa-miR-486-5p	MIMAT0002177	0.78008632098957
1591	EZH1	ENSG00000108799	hsa-miR-486-5p	MIMAT0002177	0.78004739172867
1592	PTPRB	ENSG00000127329	hsa-miR-122-5p	MIMAT0000421	0.77996690317769
1593	MKI67	ENSG00000148773	hsa-miR-486-5p	MIMAT0002177	0.779946554719697
1594	MINDY2	ENSG00000128923	hsa-miR-16-5p	MIMAT0000069	0.779418113707257
1595	SLK	ENSG00000065613	hsa-miR-16-5p	MIMAT0000069	0.779355527539499
1596	OTX1	ENSG00000115507	hsa-miR-16-5p	MIMAT0000069	0.779344258238229
1597	EIF2B5	ENSG00000145191	hsa-miR-16-5p	MIMAT0000069	0.779274871842091
1598	IL7R	ENSG00000168685	hsa-miR-16-5p	MIMAT0000069	0.779250941619392
1599	AEBP2	ENSG00000139154	hsa-miR-16-5p	MIMAT0000069	0.779018287383704
1600	ATP10B	ENSG00000118322	hsa-miR-16-5p	MIMAT0000069	0.778951448700625
1601	KCNT2	ENSG00000162687	hsa-miR-486-5p	MIMAT0002177	0.778932481058853
1602	STK4	ENSG00000101109	hsa-miR-486-5p	MIMAT0002177	0.778753291227681
1603	CNN1	ENSG00000130176	hsa-miR-16-5p	MIMAT0000069	0.778684213583763
1604	GPC3	ENSG00000147257	hsa-miR-16-5p	MIMAT0000069	0.778580132539962
1605	GPATCH2	ENSG00000092978	hsa-miR-122-5p	MIMAT0000421	0.778450835727653
1606	SYNJ1	ENSG00000159082	hsa-miR-16-5p	MIMAT0000069	0.778301287717883
1607	GALNT7	ENSG00000109586	hsa-miR-486-5p	MIMAT0002177	0.777867509092449
1608	C8orf58	ENSG00000241852	hsa-miR-16-5p	MIMAT0000069	0.777639450759206
1609	GNPDA1	ENSG00000113552	hsa-miR-122-5p	MIMAT0000421	0.777510100388309
1610	HOXC8	ENSG00000037965	hsa-miR-16-5p	MIMAT0000069	0.777493461947826
1611	LIMD1	ENSG00000144791	hsa-miR-16-5p	MIMAT0000069	0.777480982370641
1612	CLTC	ENSG00000141367	hsa-miR-16-5p	MIMAT0000069	0.777433449192252
1613	CPSF2	ENSG00000165934	hsa-miR-122-5p	MIMAT0000421	0.777431036121629
1614	ZNF596	ENSG00000172748	hsa-miR-486-5p	MIMAT0002177	0.777352998255614
1615	MFAP5	ENSG00000197614	hsa-miR-16-5p	MIMAT0000069	0.777222288676206
1616	LYNX1	ENSG00000180155	hsa-miR-16-5p	MIMAT0000069	0.777212084429557
1617	HOMER2	ENSG00000103942	hsa-miR-16-5p	MIMAT0000069	0.777045181002849
1618	FAM171A2	ENSG00000161682	hsa-miR-16-5p	MIMAT0000069	0.777004368821094
1619	TIFAB	ENSG00000255833	hsa-miR-16-5p	MIMAT0000069	0.776982933926799
1620	PPT1	ENSG00000131238	hsa-miR-16-5p	MIMAT0000069	0.776927835786719
1621	FBXO10	ENSG00000147912	hsa-miR-16-5p	MIMAT0000069	0.776910595944557
1622	SEC14L4	ENSG00000133488	hsa-miR-16-5p	MIMAT0000069	0.776838651710318
1623	IGFBP5	ENSG00000115461	hsa-miR-122-5p	MIMAT0000421	0.776819824557709
1624	ATOH1	ENSG00000172238	hsa-miR-16-5p	MIMAT0000069	0.776626661726078
1625	MRC1	ENSG00000260314	hsa-miR-122-5p	MIMAT0000421	0.776576894808818
1626	MAP1A	ENSG00000166963	hsa-miR-16-5p	MIMAT0000069	0.776521687419989
1627	AK2	ENSG00000004455	hsa-miR-486-5p	MIMAT0002177	0.776472643831094
1628	AOPEP	ENSG00000148120	hsa-miR-16-5p	MIMAT0000069	0.776360337519649
1629	NHEJ1	ENSG00000187736	hsa-miR-16-5p	MIMAT0000069	0.776313594420923
1630	PDE3B	ENSG00000152270	hsa-miR-16-5p	MIMAT0000069	0.776311384686026
1631	GRM1	ENSG00000152822	hsa-miR-16-5p	MIMAT0000069	0.776229570933252
1632	CIITA	ENSG00000179583	hsa-miR-486-5p	MIMAT0002177	0.776150855415096
1633	NARF	ENSG00000141562	hsa-miR-16-5p	MIMAT0000069	0.776027463638352
1634	SOAT1	ENSG00000057252	hsa-miR-122-5p	MIMAT0000421	0.775986327171016
1635	ADAMTS2	ENSG00000087116	hsa-miR-122-5p	MIMAT0000421	0.775736615732687
1636	CDK8	ENSG00000132964	hsa-miR-16-5p	MIMAT0000069	0.775680190212248
1637	ZNHIT6	ENSG00000117174	hsa-miR-16-5p	MIMAT0000069	0.775633878167889
1638	KIR3DL1	ENSG00000167633	hsa-miR-122-5p	MIMAT0000421	0.775543864866195
1639	CARM1	ENSG00000142453	hsa-miR-16-5p	MIMAT0000069	0.775532471705326
1640	SERBP1	ENSG00000142864	hsa-miR-16-5p	MIMAT0000069	0.775504085564458
1641	HERC4	ENSG00000148634	hsa-miR-486-5p	MIMAT0002177	0.775392464211952
1642	TIMM10B	ENSG00000132286	hsa-miR-16-5p	MIMAT0000069	0.775331349299875
1643	LRRC1	ENSG00000137269	hsa-miR-16-5p	MIMAT0000069	0.775219901566991
1644	EPHB2	ENSG00000133216	hsa-miR-122-5p	MIMAT0000421	0.775184710348603
1645	NLGN1	ENSG00000169760	hsa-miR-486-5p	MIMAT0002177	0.775039447822431
1646	GATAD2B	ENSG00000143614	hsa-miR-122-5p	MIMAT0000421	0.7750004961295
1647	CA10	ENSG00000154975	hsa-miR-122-5p	MIMAT0000421	0.774965995397013
1648	ZNF345	ENSG00000251247	hsa-miR-486-5p	MIMAT0002177	0.774751467213967
1649	KMT2A	ENSG00000118058	hsa-miR-16-5p	MIMAT0000069	0.774676837136487
1650	CACNA2D2	ENSG00000007402	hsa-miR-122-5p	MIMAT0000421	0.774394531622468
1651	ZNF488	ENSG00000265763	hsa-miR-16-5p	MIMAT0000069	0.774252800134541
1652	AL136295.4	ENSG00000259522	hsa-miR-16-5p	MIMAT0000069	0.774242543387624
1653	MRPL32	ENSG00000106591	hsa-miR-486-5p	MIMAT0002177	0.774208032598582
1654	NSD2	ENSG00000109685	hsa-miR-16-5p	MIMAT0000069	0.774067973737113
1655	TLR4	ENSG00000136869	hsa-miR-16-5p	MIMAT0000069	0.773981205564194
1656	TPPP3	ENSG00000159713	hsa-miR-16-5p	MIMAT0000069	0.773933119471939
1657	TMEM161B	ENSG00000164180	hsa-miR-16-5p	MIMAT0000069	0.773623606359538
1658	RHBG	ENSG00000132677	hsa-miR-16-5p	MIMAT0000069	0.773449013165524
1659	GOLPH3	ENSG00000113384	hsa-miR-486-5p	MIMAT0002177	0.773377726006629
1660	CD163	ENSG00000177575	hsa-miR-16-5p	MIMAT0000069	0.77334905642627
1661	TFAP2D	ENSG00000008197	hsa-miR-16-5p	MIMAT0000069	0.773264009964326
1662	SCFD2	ENSG00000184178	hsa-miR-122-5p	MIMAT0000421	0.773263931178534
1663	SH2D2A	ENSG00000027869	hsa-miR-16-5p	MIMAT0000069	0.773051434657431
1664	TCAF2	ENSG00000170379	hsa-miR-122-5p	MIMAT0000421	0.772887602709698
1665	ASCL1	ENSG00000139352	hsa-miR-122-5p	MIMAT0000421	0.772800182116591
1666	WDR3	ENSG00000065183	hsa-miR-16-5p	MIMAT0000069	0.772790789722982
1667	OR4N5	ENSG00000184394	hsa-miR-16-5p	MIMAT0000069	0.772786101904877
1668	ITPR1	ENSG00000150995	hsa-miR-16-5p	MIMAT0000069	0.772777841240786
1669	CCNY	ENSG00000108100	hsa-miR-16-5p	MIMAT0000069	0.772576329562898
1670	LHFPL2	ENSG00000145685	hsa-miR-486-5p	MIMAT0002177	0.772518610287471
1671	NRM	ENSG00000137404	hsa-miR-122-5p	MIMAT0000421	0.772398420883433
1672	ITGA10	ENSG00000143127	hsa-miR-16-5p	MIMAT0000069	0.772388982971877
1673	ZBTB41	ENSG00000177888	hsa-miR-16-5p	MIMAT0000069	0.772256018054346
1674	PCNX1	ENSG00000100731	hsa-miR-16-5p	MIMAT0000069	0.772201011495116
1675	REEP1	ENSG00000068615	hsa-miR-486-5p	MIMAT0002177	0.772130969232177
1676	TRIM35	ENSG00000104228	hsa-miR-486-5p	MIMAT0002177	0.771917642311633
1677	FRMPD1	ENSG00000070601	hsa-miR-16-5p	MIMAT0000069	0.771575845098461
1678	TSC1	ENSG00000165699	hsa-miR-16-5p	MIMAT0000069	0.771510743589788
1679	FRS2	ENSG00000166225	hsa-miR-16-5p	MIMAT0000069	0.771422196031983
1680	PPP4R3B	ENSG00000275052	hsa-miR-486-5p	MIMAT0002177	0.77129068041253
1681	LILRA2	ENSG00000239998	hsa-miR-122-5p	MIMAT0000421	0.771166968293079
1682	CCDC32	ENSG00000128891	hsa-miR-16-5p	MIMAT0000069	0.771066008587832
1683	RBBP6	ENSG00000122257	hsa-miR-16-5p	MIMAT0000069	0.770973898932387
1684	TIGAR	ENSG00000078237	hsa-miR-16-5p	MIMAT0000069	0.770852443956433
1685	ABCC8	ENSG00000006071	hsa-miR-16-5p	MIMAT0000069	0.770851917316609
1686	DPY19L2	ENSG00000177990	hsa-miR-486-5p	MIMAT0002177	0.770665866332379
1687	SESN3	ENSG00000149212	hsa-miR-16-5p	MIMAT0000069	0.770482955181187
1688	RALGAPB	ENSG00000170471	hsa-miR-122-5p	MIMAT0000421	0.770382037703876
1689	NKD1	ENSG00000140807	hsa-miR-122-5p	MIMAT0000421	0.770333243832601
1690	MTM1	ENSG00000171100	hsa-miR-122-5p	MIMAT0000421	0.770125967969961
1691	RNF213	ENSG00000173821	hsa-miR-122-5p	MIMAT0000421	0.770028027663827
1692	CNTNAP4	ENSG00000152910	hsa-miR-486-5p	MIMAT0002177	0.769990336111985
1693	CAMK2N1	ENSG00000162545	hsa-miR-486-5p	MIMAT0002177	0.769954266442176
1694	ODC1	ENSG00000115758	hsa-miR-16-5p	MIMAT0000069	0.769836477655815
1695	PNRC2	ENSG00000189266	hsa-miR-16-5p	MIMAT0000069	0.769814799109213
1696	BCL11B	ENSG00000127152	hsa-miR-486-5p	MIMAT0002177	0.769725884619264
1697	TMEM178B	ENSG00000261115	hsa-miR-486-5p	MIMAT0002177	0.7696623076595
1698	PAX7	ENSG00000009709	hsa-miR-16-5p	MIMAT0000069	0.769287217623693
1699	PSRC1	ENSG00000134222	hsa-miR-486-5p	MIMAT0002177	0.769274521251418
1700	C5orf63	ENSG00000164241	hsa-miR-16-5p	MIMAT0000069	0.769251426619442
1701	BPIFA1	ENSG00000198183	hsa-miR-16-5p	MIMAT0000069	0.769245490496048
1702	ZBTB37	ENSG00000185278	hsa-miR-122-5p	MIMAT0000421	0.769223995469394
1703	GGPS1	ENSG00000152904	hsa-miR-122-5p	MIMAT0000421	0.769122708761564
1704	KIF21B	ENSG00000116852	hsa-miR-16-5p	MIMAT0000069	0.769111928849653
1705	ZBTB43	ENSG00000169155	hsa-miR-16-5p	MIMAT0000069	0.768906955534784
1706	MYO5A	ENSG00000197535	hsa-miR-16-5p	MIMAT0000069	0.768879377690118
1707	MAP7	ENSG00000135525	hsa-miR-16-5p	MIMAT0000069	0.768806996405957
1708	SYNDIG1	ENSG00000101463	hsa-miR-16-5p	MIMAT0000069	0.768800540724747
1709	TRMT9B	ENSG00000250305	hsa-miR-486-5p	MIMAT0002177	0.768774174766698
1710	XIRP2	ENSG00000163092	hsa-miR-16-5p	MIMAT0000069	0.76846863206827
1711	AL035461.3	ENSG00000286235	hsa-miR-486-5p	MIMAT0002177	0.768428947552952
1712	CD84	ENSG00000066294	hsa-miR-122-5p	MIMAT0000421	0.76827973831535
1713	VPS13A	ENSG00000197969	hsa-miR-16-5p	MIMAT0000069	0.768236353045622
1714	ANKRD28	ENSG00000206560	hsa-miR-16-5p	MIMAT0000069	0.768228805413332
1715	CTNND2	ENSG00000169862	hsa-miR-122-5p	MIMAT0000421	0.767933186350301
1716	ZC3H12C	ENSG00000149289	hsa-miR-16-5p	MIMAT0000069	0.767890350477416
1717	KLRD1	ENSG00000134539	hsa-miR-16-5p	MIMAT0000069	0.767808433917058
1718	SBNO1	ENSG00000139697	hsa-miR-16-5p	MIMAT0000069	0.767743707648185
1719	PAK4	ENSG00000130669	hsa-miR-122-5p	MIMAT0000421	0.76744499759045
1720	EYA4	ENSG00000112319	hsa-miR-16-5p	MIMAT0000069	0.767373260636371
1721	ZC3H14	ENSG00000100722	hsa-miR-486-5p	MIMAT0002177	0.767244086474802
1722	ZBTB44	ENSG00000196323	hsa-miR-486-5p	MIMAT0002177	0.767161213563025
1723	PXMP4	ENSG00000101417	hsa-miR-122-5p	MIMAT0000421	0.767095554446194
1724	ARPP21	ENSG00000172995	hsa-miR-16-5p	MIMAT0000069	0.766995232391685
1725	EPB41	ENSG00000159023	hsa-miR-486-5p	MIMAT0002177	0.766898063503734
1726	CHIC1	ENSG00000204116	hsa-miR-16-5p	MIMAT0000069	0.766768045150394
1727	SLC6A11	ENSG00000132164	hsa-miR-16-5p	MIMAT0000069	0.766734050421931
1728	PPM1H	ENSG00000111110	hsa-miR-16-5p	MIMAT0000069	0.766716665954782
1729	DICER1	ENSG00000100697	hsa-miR-16-5p	MIMAT0000069	0.766703144731884
1730	SLMAP	ENSG00000163681	hsa-miR-122-5p	MIMAT0000421	0.766699167271361
1731	C4orf19	ENSG00000154274	hsa-miR-16-5p	MIMAT0000069	0.766686237343972
1732	MUC3A	ENSG00000169894	hsa-miR-122-5p	MIMAT0000421	0.766679152086658
1733	CCDC171	ENSG00000164989	hsa-miR-486-5p	MIMAT0002177	0.766631815708224
1734	EIF3F	ENSG00000175390	hsa-miR-486-5p	MIMAT0002177	0.766587126210996
1735	CAPRIN1	ENSG00000135387	hsa-miR-16-5p	MIMAT0000069	0.766549322487182
1736	RPS6KC1	ENSG00000136643	hsa-miR-122-5p	MIMAT0000421	0.766509522929636
1737	HRK	ENSG00000135116	hsa-miR-16-5p	MIMAT0000069	0.766507283994717
1738	SALL3	ENSG00000256463	hsa-miR-16-5p	MIMAT0000069	0.766360879179598
1739	ENPP4	ENSG00000001561	hsa-miR-16-5p	MIMAT0000069	0.766328251415291
1740	MTF2	ENSG00000143033	hsa-miR-122-5p	MIMAT0000421	0.766131257437214
1741	MAP3K3	ENSG00000198909	hsa-miR-16-5p	MIMAT0000069	0.766089741443743
1742	RRAGC	ENSG00000116954	hsa-miR-122-5p	MIMAT0000421	0.766071030104716
1743	PAX8	ENSG00000125618	hsa-miR-122-5p	MIMAT0000421	0.766008806770259
1744	FKBP5	ENSG00000096060	hsa-miR-486-5p	MIMAT0002177	0.765963457045348
1745	SF3B1	ENSG00000115524	hsa-miR-16-5p	MIMAT0000069	0.765763791561878
1746	NEO1	ENSG00000067141	hsa-miR-16-5p	MIMAT0000069	0.765714902946682
1747	NRXN3	ENSG00000021645	hsa-miR-16-5p	MIMAT0000069	0.765654960907251
1748	RIMKLA	ENSG00000177181	hsa-miR-16-5p	MIMAT0000069	0.765639609513633
1749	SLC29A4	ENSG00000164638	hsa-miR-122-5p	MIMAT0000421	0.765287629776557
1750	CD320	ENSG00000167775	hsa-miR-122-5p	MIMAT0000421	0.765270150526812
1751	ANXA4	ENSG00000196975	hsa-miR-486-5p	MIMAT0002177	0.765256088687723
1752	MICU3	ENSG00000155970	hsa-miR-122-5p	MIMAT0000421	0.765211388124291
1753	SLC9B1	ENSG00000164037	hsa-miR-486-5p	MIMAT0002177	0.765166445264914
1754	ACTR3	ENSG00000115091	hsa-miR-486-5p	MIMAT0002177	0.765022463069617
1755	PDE1C	ENSG00000154678	hsa-miR-16-5p	MIMAT0000069	0.764984836597525
1756	SELENOI	ENSG00000138018	hsa-miR-16-5p	MIMAT0000069	0.764643166489663
1757	COPS2	ENSG00000166200	hsa-miR-16-5p	MIMAT0000069	0.764615625974483
1758	HEBP1	ENSG00000013583	hsa-miR-122-5p	MIMAT0000421	0.764593816352453
1759	FGF11	ENSG00000161958	hsa-miR-122-5p	MIMAT0000421	0.764518956214126
1760	ENDOV	ENSG00000173818	hsa-miR-16-5p	MIMAT0000069	0.764398695053255
1761	YES1	ENSG00000176105	hsa-miR-486-5p	MIMAT0002177	0.764207528202581
1762	SENP5	ENSG00000119231	hsa-miR-16-5p	MIMAT0000069	0.764145609878897
1763	NAPEPLD	ENSG00000161048	hsa-miR-16-5p	MIMAT0000069	0.764070735169033
1764	PLAT	ENSG00000104368	hsa-miR-486-5p	MIMAT0002177	0.764017845544986
1765	CACNA1I	ENSG00000100346	hsa-miR-16-5p	MIMAT0000069	0.763983541811712
1766	ADCY4	ENSG00000129467	hsa-miR-16-5p	MIMAT0000069	0.763871253603006
1767	PFKM	ENSG00000152556	hsa-miR-16-5p	MIMAT0000069	0.763841226985171
1768	FAM135A	ENSG00000082269	hsa-miR-16-5p	MIMAT0000069	0.763824188707587
1769	GRIA2	ENSG00000120251	hsa-miR-486-5p	MIMAT0002177	0.763718242702486
1770	AC006254.1	ENSG00000243696	hsa-miR-16-5p	MIMAT0000069	0.763701619726585
1771	CALCOCO1	ENSG00000012822	hsa-miR-122-5p	MIMAT0000421	0.763700635785726
1772	AFF2	ENSG00000155966	hsa-miR-122-5p	MIMAT0000421	0.763622953244743
1773	DR1	ENSG00000117505	hsa-miR-122-5p	MIMAT0000421	0.76324158856634
1774	COL25A1	ENSG00000188517	hsa-miR-16-5p	MIMAT0000069	0.763172667126259
1775	HLA-DQB2	ENSG00000232629	hsa-miR-16-5p	MIMAT0000069	0.763121896057177
1776	LHFPL3	ENSG00000187416	hsa-miR-486-5p	MIMAT0002177	0.763089466020149
1777	RAP1A	ENSG00000116473	hsa-miR-486-5p	MIMAT0002177	0.763032127899253
1778	PRR11	ENSG00000068489	hsa-miR-122-5p	MIMAT0000421	0.762975798556153
1779	PLA2G15	ENSG00000103066	hsa-miR-16-5p	MIMAT0000069	0.762596073465402
1780	CHRND	ENSG00000135902	hsa-miR-16-5p	MIMAT0000069	0.762547087277516
1781	IGF1	ENSG00000017427	hsa-miR-486-5p	MIMAT0002177	0.76248767547692
1782	EN2	ENSG00000164778	hsa-miR-16-5p	MIMAT0000069	0.762452599840665
1783	ZNF280D	ENSG00000137871	hsa-miR-16-5p	MIMAT0000069	0.762426916927749
1784	DOCK3	ENSG00000088538	hsa-miR-122-5p	MIMAT0000421	0.762415518563249
1785	STRBP	ENSG00000165209	hsa-miR-16-5p	MIMAT0000069	0.76234641424297
1786	CSTF1	ENSG00000101138	hsa-miR-486-5p	MIMAT0002177	0.762279324247478
1787	BCORL1	ENSG00000085185	hsa-miR-486-5p	MIMAT0002177	0.762265694663222
1788	JRK	ENSG00000234616	hsa-miR-16-5p	MIMAT0000069	0.762246576826226
1789	ITGA2	ENSG00000164171	hsa-miR-16-5p	MIMAT0000069	0.761948073875466
1790	DIAPH1	ENSG00000131504	hsa-miR-16-5p	MIMAT0000069	0.761629947560198
1791	ZNF691	ENSG00000164011	hsa-miR-16-5p	MIMAT0000069	0.761448980556396
1792	PIK3C2A	ENSG00000011405	hsa-miR-16-5p	MIMAT0000069	0.761295324533749
1793	TUBA4A	ENSG00000127824	hsa-miR-16-5p	MIMAT0000069	0.761243785310948
1794	LRP11	ENSG00000120256	hsa-miR-122-5p	MIMAT0000421	0.761079837068612
1795	MAPK9	ENSG00000050748	hsa-miR-16-5p	MIMAT0000069	0.760906841913233
1796	PRKRA	ENSG00000180228	hsa-miR-122-5p	MIMAT0000421	0.760477038481181
1797	RAP2C	ENSG00000123728	hsa-miR-16-5p	MIMAT0000069	0.76046894020115
1798	MARCHF3	ENSG00000173926	hsa-miR-122-5p	MIMAT0000421	0.760468698899467
1799	C12orf42	ENSG00000179088	hsa-miR-122-5p	MIMAT0000421	0.76035786540202
1800	CCT5	ENSG00000150753	hsa-miR-486-5p	MIMAT0002177	0.760338181083041
1801	IPO9	ENSG00000198700	hsa-miR-16-5p	MIMAT0000069	0.760334605181891
1802	YAP1	ENSG00000137693	hsa-miR-16-5p	MIMAT0000069	0.760314612724919
1803	ZNF652	ENSG00000198740	hsa-miR-486-5p	MIMAT0002177	0.760286535430713
1804	GPM6B	ENSG00000046653	hsa-miR-122-5p	MIMAT0000421	0.759806416595234
1805	GCC2	ENSG00000135968	hsa-miR-16-5p	MIMAT0000069	0.7596281773792
1806	RDH12	ENSG00000139988	hsa-miR-122-5p	MIMAT0000421	0.759598376416837
1807	XKR6	ENSG00000171044	hsa-miR-122-5p	MIMAT0000421	0.759554304960836
1808	GRPR	ENSG00000126010	hsa-miR-16-5p	MIMAT0000069	0.759545282148056
1809	MAN2A2	ENSG00000196547	hsa-miR-16-5p	MIMAT0000069	0.759425830791431
1810	KDM1B	ENSG00000165097	hsa-miR-486-5p	MIMAT0002177	0.759392559351066
1811	TEKT1	ENSG00000167858	hsa-miR-16-5p	MIMAT0000069	0.759341318110211
1812	TF	ENSG00000091513	hsa-miR-122-5p	MIMAT0000421	0.759242131388607
1813	HAS2	ENSG00000170961	hsa-miR-16-5p	MIMAT0000069	0.759180511081661
1814	ABCB5	ENSG00000004846	hsa-miR-16-5p	MIMAT0000069	0.759147615664319
1815	HEBP2	ENSG00000051620	hsa-miR-16-5p	MIMAT0000069	0.759094303604926
1816	KY	ENSG00000174611	hsa-miR-16-5p	MIMAT0000069	0.759013142863837
1817	RBKS	ENSG00000171174	hsa-miR-16-5p	MIMAT0000069	0.758992071941852
1818	CCDC62	ENSG00000130783	hsa-miR-486-5p	MIMAT0002177	0.758839075320132
1819	PDCD1	ENSG00000188389	hsa-miR-16-5p	MIMAT0000069	0.758789454869109
1820	AC010615.4	ENSG00000269237	hsa-miR-122-5p	MIMAT0000421	0.758780902729062
1821	GMPR2	ENSG00000100938	hsa-miR-16-5p	MIMAT0000069	0.758778037437113
1822	PRCD	ENSG00000214140	hsa-miR-16-5p	MIMAT0000069	0.758740766790935
1823	AL590560.2	ENSG00000256029	hsa-miR-16-5p	MIMAT0000069	0.758395646261374
1824	DNAJC25	ENSG00000059769	hsa-miR-486-5p	MIMAT0002177	0.758371675861008
1825	MAPKAPK2	ENSG00000162889	hsa-miR-486-5p	MIMAT0002177	0.758370281068286
1826	TMEM199	ENSG00000244045	hsa-miR-16-5p	MIMAT0000069	0.75827656947645
1827	GORASP2	ENSG00000115806	hsa-miR-16-5p	MIMAT0000069	0.75825846923364
1828	PCDH9	ENSG00000184226	hsa-miR-16-5p	MIMAT0000069	0.758094848164872
1829	C3orf62	ENSG00000188315	hsa-miR-486-5p	MIMAT0002177	0.757957341379945
1830	USE1	ENSG00000053501	hsa-miR-122-5p	MIMAT0000421	0.757813160489169
1831	PCDHA11	ENSG00000249158	hsa-miR-16-5p	MIMAT0000069	0.757715320664981
1832	BCR	ENSG00000186716	hsa-miR-122-5p	MIMAT0000421	0.75770949925183
1833	PEDS1-UBE2V1	ENSG00000124208	hsa-miR-16-5p	MIMAT0000069	0.757600083150021
1834	CDA	ENSG00000158825	hsa-miR-122-5p	MIMAT0000421	0.757584533364145
1835	TRIM29	ENSG00000137699	hsa-miR-122-5p	MIMAT0000421	0.757559417493269
1836	DOLPP1	ENSG00000167130	hsa-miR-16-5p	MIMAT0000069	0.757418927551282
1837	OTUD4	ENSG00000164164	hsa-miR-486-5p	MIMAT0002177	0.757258316718965
1838	WNT2B	ENSG00000134245	hsa-miR-16-5p	MIMAT0000069	0.757238473548263
1839	ZNF654	ENSG00000175105	hsa-miR-16-5p	MIMAT0000069	0.757021457665418
1840	TMOD1	ENSG00000136842	hsa-miR-486-5p	MIMAT0002177	0.756989846346295
1841	GSTO2	ENSG00000065621	hsa-miR-16-5p	MIMAT0000069	0.756855968987323
1842	DLG2	ENSG00000150672	hsa-miR-122-5p	MIMAT0000421	0.756755845865629
1843	FAXC	ENSG00000146267	hsa-miR-486-5p	MIMAT0002177	0.756751462627024
1844	SIX3	ENSG00000138083	hsa-miR-122-5p	MIMAT0000421	0.756660709289114
1845	EIF3L	ENSG00000100129	hsa-miR-486-5p	MIMAT0002177	0.75658038099477
1846	FAM199X	ENSG00000123575	hsa-miR-16-5p	MIMAT0000069	0.756544120509374
1847	LRCOL1	ENSG00000204583	hsa-miR-16-5p	MIMAT0000069	0.756540173182252
1848	UTP15	ENSG00000164338	hsa-miR-16-5p	MIMAT0000069	0.756488004458308
1849	SLAIN1	ENSG00000139737	hsa-miR-486-5p	MIMAT0002177	0.75636255476687
1850	TBC1D8B	ENSG00000133138	hsa-miR-16-5p	MIMAT0000069	0.75632455520502
1851	THADA	ENSG00000115970	hsa-miR-486-5p	MIMAT0002177	0.756235400056349
1852	PLEKHB2	ENSG00000115762	hsa-miR-122-5p	MIMAT0000421	0.756218744093852
1853	STRADB	ENSG00000082146	hsa-miR-16-5p	MIMAT0000069	0.756147707686258
1854	ZBTB16	ENSG00000109906	hsa-miR-16-5p	MIMAT0000069	0.756020364295378
1855	OAS1	ENSG00000089127	hsa-miR-122-5p	MIMAT0000421	0.755826379089333
1856	NABP1	ENSG00000173559	hsa-miR-16-5p	MIMAT0000069	0.755825827126525
1857	SLC41A1	ENSG00000133065	hsa-miR-122-5p	MIMAT0000421	0.75581408146316
1858	DOCK4	ENSG00000128512	hsa-miR-16-5p	MIMAT0000069	0.755812996450431
1859	ZFP91	ENSG00000186660	hsa-miR-16-5p	MIMAT0000069	0.75576544617625
1860	NAA15	ENSG00000164134	hsa-miR-486-5p	MIMAT0002177	0.755580495026033
1861	EPC1	ENSG00000120616	hsa-miR-16-5p	MIMAT0000069	0.755270646031149
1862	RAD23B	ENSG00000119318	hsa-miR-16-5p	MIMAT0000069	0.75526050574421
1863	STX18	ENSG00000168818	hsa-miR-486-5p	MIMAT0002177	0.755217164189568
1864	SLC19A2	ENSG00000117479	hsa-miR-16-5p	MIMAT0000069	0.755076260481498
1865	IRF4	ENSG00000137265	hsa-miR-486-5p	MIMAT0002177	0.755047660967938
1866	KRTAP2-1	ENSG00000212725	hsa-miR-122-5p	MIMAT0000421	0.755015647716358
1867	BTN1A1	ENSG00000124557	hsa-miR-16-5p	MIMAT0000069	0.754770646590302
1868	HDHD2	ENSG00000167220	hsa-miR-16-5p	MIMAT0000069	0.754751465074086
1869	TSPAN5	ENSG00000168785	hsa-miR-16-5p	MIMAT0000069	0.754724293251643
1870	WT1	ENSG00000184937	hsa-miR-16-5p	MIMAT0000069	0.754717931530008
1871	KIF2A	ENSG00000068796	hsa-miR-486-5p	MIMAT0002177	0.754660904066255
1872	CCN4	ENSG00000104415	hsa-miR-486-5p	MIMAT0002177	0.754594520424995
1873	CWC15	ENSG00000150316	hsa-miR-16-5p	MIMAT0000069	0.754575329382396
1874	ESR2	ENSG00000140009	hsa-miR-486-5p	MIMAT0002177	0.754560066363158
1875	UBE2L3	ENSG00000185651	hsa-miR-122-5p	MIMAT0000421	0.754470014035618
1876	ZSWIM1	ENSG00000168612	hsa-miR-122-5p	MIMAT0000421	0.754248976082294
1877	GCNT2	ENSG00000111846	hsa-miR-486-5p	MIMAT0002177	0.75420584696227
1878	ACOX1	ENSG00000161533	hsa-miR-16-5p	MIMAT0000069	0.754184896843986
1879	PIEZO1	ENSG00000103335	hsa-miR-16-5p	MIMAT0000069	0.754179237288659
1880	FUBP3	ENSG00000107164	hsa-miR-486-5p	MIMAT0002177	0.754111582714471
1881	KLC1	ENSG00000126214	hsa-miR-16-5p	MIMAT0000069	0.754041383340125
1882	CORO1B	ENSG00000172725	hsa-miR-16-5p	MIMAT0000069	0.754035701431906
1883	COL4A1	ENSG00000187498	hsa-miR-16-5p	MIMAT0000069	0.754021639592021
1884	PEAK1	ENSG00000173517	hsa-miR-122-5p	MIMAT0000421	0.753971630068385
1885	ZNF483	ENSG00000173258	hsa-miR-486-5p	MIMAT0002177	0.753917595895981
1886	ISOC1	ENSG00000066583	hsa-miR-16-5p	MIMAT0000069	0.753905759703936
1887	GALNT3	ENSG00000115339	hsa-miR-122-5p	MIMAT0000421	0.7538623610098
1888	TPD52L2	ENSG00000101150	hsa-miR-122-5p	MIMAT0000421	0.753861949629428
1889	ADSS2	ENSG00000035687	hsa-miR-122-5p	MIMAT0000421	0.753824898359115
1890	HOXD10	ENSG00000128710	hsa-miR-16-5p	MIMAT0000069	0.75375802192408
1891	ANKRD12	ENSG00000101745	hsa-miR-486-5p	MIMAT0002177	0.753623474694333
1892	WWP1	ENSG00000123124	hsa-miR-16-5p	MIMAT0000069	0.753621939158058
1893	PURG	ENSG00000172733	hsa-miR-16-5p	MIMAT0000069	0.753542153784893
1894	TMEM167B	ENSG00000215717	hsa-miR-16-5p	MIMAT0000069	0.753407574216038
1895	CLPB	ENSG00000162129	hsa-miR-122-5p	MIMAT0000421	0.753331203321969
1896	POTEB3	ENSG00000278522	hsa-miR-486-5p	MIMAT0002177	0.753326339630879
1897	PTPN1	ENSG00000196396	hsa-miR-122-5p	MIMAT0000421	0.753257523689825
1898	TOB2	ENSG00000183864	hsa-miR-122-5p	MIMAT0000421	0.753207249063965
1899	LIPE	ENSG00000079435	hsa-miR-16-5p	MIMAT0000069	0.752941598315952
1900	ECHDC1	ENSG00000093144	hsa-miR-16-5p	MIMAT0000069	0.752921459510913
1901	FAM186A	ENSG00000185958	hsa-miR-122-5p	MIMAT0000421	0.752888545289806
1902	MEF2D	ENSG00000116604	hsa-miR-122-5p	MIMAT0000421	0.752834361472163
1903	ADAM10	ENSG00000137845	hsa-miR-16-5p	MIMAT0000069	0.752820056109744
1904	AC013717.1	ENSG00000285542	hsa-miR-122-5p	MIMAT0000421	0.752803225295058
1905	ORC4	ENSG00000115947	hsa-miR-16-5p	MIMAT0000069	0.752756685638831
1906	GAB2	ENSG00000033327	hsa-miR-486-5p	MIMAT0002177	0.752675928083383
1907	PPP2R2D	ENSG00000175470	hsa-miR-16-5p	MIMAT0000069	0.752404024495728
1908	CERT1	ENSG00000113163	hsa-miR-122-5p	MIMAT0000421	0.752371388666191
1909	RYR2	ENSG00000198626	hsa-miR-122-5p	MIMAT0000421	0.752293414534604
1910	AP001453.3	ENSG00000286264	hsa-miR-16-5p	MIMAT0000069	0.752249691855686
1911	SIK1B	ENSG00000275993	hsa-miR-16-5p	MIMAT0000069	0.752228090197792
1912	PLEKHA6	ENSG00000143850	hsa-miR-122-5p	MIMAT0000421	0.752077485683978
1913	PSMC6	ENSG00000100519	hsa-miR-486-5p	MIMAT0002177	0.752014558355731
1914	ABI2	ENSG00000138443	hsa-miR-486-5p	MIMAT0002177	0.75186708888548
1915	NMNAT3	ENSG00000163864	hsa-miR-122-5p	MIMAT0000421	0.751807098901358
1916	ZNF589	ENSG00000164048	hsa-miR-122-5p	MIMAT0000421	0.75145034248532
1917	SYT16	ENSG00000139973	hsa-miR-486-5p	MIMAT0002177	0.751373487378862
1918	SMARCAD1	ENSG00000163104	hsa-miR-486-5p	MIMAT0002177	0.751316185484218
1919	SPTBN2	ENSG00000173898	hsa-miR-122-5p	MIMAT0000421	0.751129420415849
1920	TAMM41	ENSG00000144559	hsa-miR-486-5p	MIMAT0002177	0.751031009143705
1921	MYO18A	ENSG00000196535	hsa-miR-16-5p	MIMAT0000069	0.7507852060405
1922	TMEM213	ENSG00000214128	hsa-miR-122-5p	MIMAT0000421	0.750428074883536
1923	SORCS1	ENSG00000108018	hsa-miR-486-5p	MIMAT0002177	0.750295078335303
1924	PPARGC1B	ENSG00000155846	hsa-miR-122-5p	MIMAT0000421	0.750010574159914
1925	ACSBG1	ENSG00000103740	hsa-miR-16-5p	MIMAT0000069	0.749991602135169
1926	ABCB4	ENSG00000005471	hsa-miR-486-5p	MIMAT0002177	0.749955890784563
1927	COPB2	ENSG00000184432	hsa-miR-486-5p	MIMAT0002177	0.749869401531235
1928	TBC1D32	ENSG00000146350	hsa-miR-16-5p	MIMAT0000069	0.749695769590659
1929	SHTN1	ENSG00000187164	hsa-miR-486-5p	MIMAT0002177	0.749634949133602
1930	ADCY5	ENSG00000173175	hsa-miR-16-5p	MIMAT0000069	0.749466724617426
1931	ADRB2	ENSG00000169252	hsa-miR-16-5p	MIMAT0000069	0.7493431705871
1932	SLC25A19	ENSG00000125454	hsa-miR-122-5p	MIMAT0000421	0.749326059929218
1933	C5orf47	ENSG00000185056	hsa-miR-16-5p	MIMAT0000069	0.749192749339987
1934	NTRK3	ENSG00000140538	hsa-miR-486-5p	MIMAT0002177	0.749029733060007
1935	GIMAP2	ENSG00000106560	hsa-miR-122-5p	MIMAT0000421	0.748999865658115
1936	FCHSD1	ENSG00000197948	hsa-miR-16-5p	MIMAT0000069	0.748855558223455
1937	CYP20A1	ENSG00000119004	hsa-miR-122-5p	MIMAT0000421	0.748608953863942
1938	PPM1K	ENSG00000163644	hsa-miR-16-5p	MIMAT0000069	0.748589559960381
1939	ANLN	ENSG00000011426	hsa-miR-16-5p	MIMAT0000069	0.748453913237
1940	LAMTOR3	ENSG00000109270	hsa-miR-16-5p	MIMAT0000069	0.748450162665858
1941	RPP14	ENSG00000163684	hsa-miR-16-5p	MIMAT0000069	0.748397445152719
1942	SPRYD4	ENSG00000176422	hsa-miR-16-5p	MIMAT0000069	0.748314041972908
1943	SLC1A5	ENSG00000105281	hsa-miR-122-5p	MIMAT0000421	0.748290323244815
1944	ZNF331	ENSG00000130844	hsa-miR-122-5p	MIMAT0000421	0.748216016348381
1945	PTCH1	ENSG00000185920	hsa-miR-16-5p	MIMAT0000069	0.748208232691334
1946	SLC9A6	ENSG00000198689	hsa-miR-486-5p	MIMAT0002177	0.748155083658461
1947	SYNE1	ENSG00000131018	hsa-miR-16-5p	MIMAT0000069	0.748137262007381
1948	DDX10	ENSG00000178105	hsa-miR-16-5p	MIMAT0000069	0.748087631745291
1949	SLC9B2	ENSG00000164038	hsa-miR-16-5p	MIMAT0000069	0.748051337253762
1950	KCTD16	ENSG00000183775	hsa-miR-16-5p	MIMAT0000069	0.747900011246439
1951	UNC13A	ENSG00000130477	hsa-miR-16-5p	MIMAT0000069	0.747888276381473
1952	KPNA5	ENSG00000196911	hsa-miR-16-5p	MIMAT0000069	0.747801306432671
1953	ATP6V0A2	ENSG00000185344	hsa-miR-486-5p	MIMAT0002177	0.747754110222367
1954	SMAD3	ENSG00000166949	hsa-miR-16-5p	MIMAT0000069	0.747639826459342
1955	SCAI	ENSG00000173611	hsa-miR-486-5p	MIMAT0002177	0.747513536433916
1956	ZNF518B	ENSG00000178163	hsa-miR-16-5p	MIMAT0000069	0.747466965774464
1957	NR4A1	ENSG00000123358	hsa-miR-486-5p	MIMAT0002177	0.747338274154482
1958	CCDC81	ENSG00000149201	hsa-miR-16-5p	MIMAT0000069	0.747263409255168
1959	MAVS	ENSG00000088888	hsa-miR-16-5p	MIMAT0000069	0.747239461763993
1960	SMAD5	ENSG00000113658	hsa-miR-16-5p	MIMAT0000069	0.747239461415706
1961	RGPD5	ENSG00000015568	hsa-miR-16-5p	MIMAT0000069	0.747230246685914
1962	SLC45A2	ENSG00000164175	hsa-miR-16-5p	MIMAT0000069	0.747228298619972
1963	TFPI2	ENSG00000105825	hsa-miR-16-5p	MIMAT0000069	0.747186393021364
1964	GABRG2	ENSG00000113327	hsa-miR-16-5p	MIMAT0000069	0.747137048988196
1965	MCFD2	ENSG00000180398	hsa-miR-16-5p	MIMAT0000069	0.747100462611097
1966	NUP43	ENSG00000120253	hsa-miR-122-5p	MIMAT0000421	0.747077464314643
1967	GLB1L	ENSG00000163521	hsa-miR-122-5p	MIMAT0000421	0.746998638951571
1968	NKAIN2	ENSG00000188580	hsa-miR-122-5p	MIMAT0000421	0.746930222589855
1969	MRRF	ENSG00000148187	hsa-miR-16-5p	MIMAT0000069	0.746926262031999
1970	BHLHE22	ENSG00000180828	hsa-miR-486-5p	MIMAT0002177	0.746720155420725
1971	PEAK1	ENSG00000173517	hsa-miR-486-5p	MIMAT0002177	0.746705964344571
1972	ZBTB20	ENSG00000181722	hsa-miR-486-5p	MIMAT0002177	0.746680860216391
1973	PCDH9	ENSG00000184226	hsa-miR-486-5p	MIMAT0002177	0.74654601049911
1974	CCNYL1	ENSG00000163249	hsa-miR-16-5p	MIMAT0000069	0.746523911295443
1975	IL1RAPL1	ENSG00000169306	hsa-miR-16-5p	MIMAT0000069	0.746494296174442
1976	PTBP3	ENSG00000119314	hsa-miR-122-5p	MIMAT0000421	0.746469671076425
1977	PLEKHA5	ENSG00000052126	hsa-miR-16-5p	MIMAT0000069	0.746351631566959
1978	POMT2	ENSG00000009830	hsa-miR-122-5p	MIMAT0000421	0.746303959197709
1979	ZNF208	ENSG00000160321	hsa-miR-486-5p	MIMAT0002177	0.746127779574779
1980	IRAK3	ENSG00000090376	hsa-miR-486-5p	MIMAT0002177	0.746117490791202
1981	HSPA9	ENSG00000113013	hsa-miR-486-5p	MIMAT0002177	0.746114629208111
1982	ZNF264	ENSG00000083844	hsa-miR-122-5p	MIMAT0000421	0.746036128311474
1983	SMURF2	ENSG00000108854	hsa-miR-486-5p	MIMAT0002177	0.74603369150253
1984	C1orf226	ENSG00000239887	hsa-miR-16-5p	MIMAT0000069	0.745974881467564
1985	IGF2BP1	ENSG00000159217	hsa-miR-122-5p	MIMAT0000421	0.745930357600252
1986	AL451062.2	ENSG00000284989	hsa-miR-16-5p	MIMAT0000069	0.745877359342658
1987	SLC43A1	ENSG00000149150	hsa-miR-16-5p	MIMAT0000069	0.745855076815039
1988	CDK5RAP1	ENSG00000101391	hsa-miR-16-5p	MIMAT0000069	0.745828536610959
1989	SMIM27	ENSG00000235453	hsa-miR-486-5p	MIMAT0002177	0.745745760846641
1990	RASEF	ENSG00000165105	hsa-miR-16-5p	MIMAT0000069	0.745437410563643
1991	SFXN1	ENSG00000164466	hsa-miR-122-5p	MIMAT0000421	0.745376293793146
1992	HEBP2	ENSG00000051620	hsa-miR-486-5p	MIMAT0002177	0.745346494024257
1993	WDR31	ENSG00000148225	hsa-miR-486-5p	MIMAT0002177	0.745163534858427
1994	ZBTB37	ENSG00000185278	hsa-miR-486-5p	MIMAT0002177	0.745074212108053
1995	JDP2	ENSG00000140044	hsa-miR-486-5p	MIMAT0002177	0.744921210705005
1996	MSH6	ENSG00000116062	hsa-miR-486-5p	MIMAT0002177	0.744888553150296
1997	STC1	ENSG00000159167	hsa-miR-16-5p	MIMAT0000069	0.744601826992717
1998	ITGAL	ENSG00000005844	hsa-miR-122-5p	MIMAT0000421	0.744592373891345
1999	ZNF426	ENSG00000130818	hsa-miR-122-5p	MIMAT0000421	0.744552596877273
2000	RGPD8	ENSG00000169629	hsa-miR-16-5p	MIMAT0000069	0.74437934536262
2001	CNTN4	ENSG00000144619	hsa-miR-486-5p	MIMAT0002177	0.744345430369899
2002	UBFD1	ENSG00000103353	hsa-miR-16-5p	MIMAT0000069	0.744282947439827
2003	STX17	ENSG00000136874	hsa-miR-16-5p	MIMAT0000069	0.744188826517159
2004	AAK1	ENSG00000115977	hsa-miR-122-5p	MIMAT0000421	0.744142994639102
2005	PITPNA	ENSG00000174238	hsa-miR-486-5p	MIMAT0002177	0.744059391237067
2006	OR6A2	ENSG00000184933	hsa-miR-486-5p	MIMAT0002177	0.743906332579553
2007	DCAF10	ENSG00000122741	hsa-miR-16-5p	MIMAT0000069	0.743878620809377
2008	SLC25A53	ENSG00000269743	hsa-miR-122-5p	MIMAT0000421	0.743866911512344
2009	USP12	ENSG00000152484	hsa-miR-486-5p	MIMAT0002177	0.743683108633794
2010	MYO1E	ENSG00000157483	hsa-miR-122-5p	MIMAT0000421	0.743670710145005
2011	TINCR	ENSG00000223573	hsa-miR-16-5p	MIMAT0000069	0.743531359770895
2012	MIDEAS	ENSG00000156030	hsa-miR-486-5p	MIMAT0002177	0.74321566781907
2013	SH2D1B	ENSG00000198574	hsa-miR-122-5p	MIMAT0000421	0.74306041287917
2014	PPIP5K2	ENSG00000145725	hsa-miR-486-5p	MIMAT0002177	0.742949319448074
2015	GATAD2A	ENSG00000167491	hsa-miR-16-5p	MIMAT0000069	0.742851928492237
2016	CNBD2	ENSG00000149646	hsa-miR-122-5p	MIMAT0000421	0.742703263876725
2017	KRT222	ENSG00000213424	hsa-miR-486-5p	MIMAT0002177	0.742546835715712
2018	TBL1XR1	ENSG00000177565	hsa-miR-16-5p	MIMAT0000069	0.742533953522497
2019	MFHAS1	ENSG00000147324	hsa-miR-486-5p	MIMAT0002177	0.742491597350408
2020	POC1B-GALNT4	ENSG00000259075	hsa-miR-16-5p	MIMAT0000069	0.742466363943729
2021	DDX11	ENSG00000013573	hsa-miR-16-5p	MIMAT0000069	0.74241657724176
2022	CDH18	ENSG00000145526	hsa-miR-486-5p	MIMAT0002177	0.742382796231478
2023	LMNB1	ENSG00000113368	hsa-miR-486-5p	MIMAT0002177	0.742365873956386
2024	CTSA	ENSG00000064601	hsa-miR-16-5p	MIMAT0000069	0.742336257138293
2025	ATXN7L3	ENSG00000087152	hsa-miR-486-5p	MIMAT0002177	0.742125335795977
2026	OR5AU1	ENSG00000169327	hsa-miR-16-5p	MIMAT0000069	0.742086953487839
2027	DNAJC18	ENSG00000170464	hsa-miR-122-5p	MIMAT0000421	0.742058969486327
2028	MIGA2	ENSG00000148343	hsa-miR-16-5p	MIMAT0000069	0.741856644028037
2029	CNNM2	ENSG00000148842	hsa-miR-16-5p	MIMAT0000069	0.741828686408253
2030	NKX1-2	ENSG00000229544	hsa-miR-16-5p	MIMAT0000069	0.741682601771295
2031	PDE12	ENSG00000174840	hsa-miR-486-5p	MIMAT0002177	0.741564467385281
2032	GPC6	ENSG00000183098	hsa-miR-16-5p	MIMAT0000069	0.741553024991443
2033	GRID2	ENSG00000152208	hsa-miR-486-5p	MIMAT0002177	0.74154817006521
2034	MKX	ENSG00000150051	hsa-miR-16-5p	MIMAT0000069	0.741477514868881
2035	THSD4	ENSG00000187720	hsa-miR-16-5p	MIMAT0000069	0.741440197488133
2036	BMP1	ENSG00000168487	hsa-miR-16-5p	MIMAT0000069	0.741383635268639
2037	SNX22	ENSG00000157734	hsa-miR-486-5p	MIMAT0002177	0.741299378215828
2038	IRS1	ENSG00000169047	hsa-miR-16-5p	MIMAT0000069	0.741291793859994
2039	UBXN10	ENSG00000162543	hsa-miR-486-5p	MIMAT0002177	0.741272511365752
2040	RNF24	ENSG00000101236	hsa-miR-122-5p	MIMAT0000421	0.741257959287283
2041	PRDM6	ENSG00000061455	hsa-miR-16-5p	MIMAT0000069	0.741227620213902
2042	AK4	ENSG00000162433	hsa-miR-16-5p	MIMAT0000069	0.741213051227935
2043	CCR5	ENSG00000160791	hsa-miR-486-5p	MIMAT0002177	0.741188289750414
2044	NUMBL	ENSG00000105245	hsa-miR-122-5p	MIMAT0000421	0.741177540187933
2045	FGF9	ENSG00000102678	hsa-miR-16-5p	MIMAT0000069	0.741151678378956
2046	GDF7	ENSG00000143869	hsa-miR-16-5p	MIMAT0000069	0.741050189288156
2047	C1orf21	ENSG00000116667	hsa-miR-486-5p	MIMAT0002177	0.741012096552206
2048	GRK3	ENSG00000100077	hsa-miR-16-5p	MIMAT0000069	0.740834832646419
2049	MAP3K4	ENSG00000085511	hsa-miR-16-5p	MIMAT0000069	0.740808043585483
2050	NME6	ENSG00000172113	hsa-miR-122-5p	MIMAT0000421	0.740722495448525
2051	PELI2	ENSG00000139946	hsa-miR-486-5p	MIMAT0002177	0.74047795291974
2052	SACM1L	ENSG00000211456	hsa-miR-16-5p	MIMAT0000069	0.740438534970658
2053	ZHX1	ENSG00000165156	hsa-miR-16-5p	MIMAT0000069	0.740424592790681
2054	MRPL2	ENSG00000112651	hsa-miR-486-5p	MIMAT0002177	0.74041400166194
2055	TTC28	ENSG00000100154	hsa-miR-486-5p	MIMAT0002177	0.740392896580059
2056	MCM8	ENSG00000125885	hsa-miR-122-5p	MIMAT0000421	0.740319533624685
2057	PDE6C	ENSG00000095464	hsa-miR-16-5p	MIMAT0000069	0.74028555865485
2058	WDR47	ENSG00000085433	hsa-miR-16-5p	MIMAT0000069	0.740246942431781
2059	SLC9A7	ENSG00000065923	hsa-miR-16-5p	MIMAT0000069	0.740182029306749
2060	FAM98A	ENSG00000119812	hsa-miR-486-5p	MIMAT0002177	0.739999206807215
2061	LPAR4	ENSG00000147145	hsa-miR-16-5p	MIMAT0000069	0.739945917822938
2062	ZDHHC14	ENSG00000175048	hsa-miR-16-5p	MIMAT0000069	0.739917408936119
2063	DYNC1H1	ENSG00000197102	hsa-miR-486-5p	MIMAT0002177	0.739675613765878
2064	PEX26	ENSG00000215193	hsa-miR-486-5p	MIMAT0002177	0.73962486455477
2065	ACOT11	ENSG00000162390	hsa-miR-486-5p	MIMAT0002177	0.739585854572464
2066	ATP6V1B2	ENSG00000147416	hsa-miR-16-5p	MIMAT0000069	0.739378430545925
2067	ARL3	ENSG00000138175	hsa-miR-122-5p	MIMAT0000421	0.73937656300861
2068	GNAQ	ENSG00000156052	hsa-miR-16-5p	MIMAT0000069	0.739146891837275
2069	C2orf68	ENSG00000168887	hsa-miR-16-5p	MIMAT0000069	0.73893456129732
2070	KLF7	ENSG00000118263	hsa-miR-16-5p	MIMAT0000069	0.738929788419518
2071	KRTAP11-1	ENSG00000182591	hsa-miR-16-5p	MIMAT0000069	0.738906546556545
2072	RYR3	ENSG00000198838	hsa-miR-486-5p	MIMAT0002177	0.738863067647729
2073	LILRB4	ENSG00000186818	hsa-miR-122-5p	MIMAT0000421	0.738779238050738
2074	SLC15A4	ENSG00000139370	hsa-miR-16-5p	MIMAT0000069	0.738769689608142
2075	TTL	ENSG00000114999	hsa-miR-122-5p	MIMAT0000421	0.738758025977578
2076	WTIP	ENSG00000142279	hsa-miR-16-5p	MIMAT0000069	0.738614785530432
2077	SNX13	ENSG00000071189	hsa-miR-122-5p	MIMAT0000421	0.738576814718672
2078	CD47	ENSG00000196776	hsa-miR-486-5p	MIMAT0002177	0.738487974041034
2079	PLCB3	ENSG00000149782	hsa-miR-122-5p	MIMAT0000421	0.738390878944787
2080	RTL3	ENSG00000179300	hsa-miR-16-5p	MIMAT0000069	0.73838140709689
2081	PDCD6IP	ENSG00000170248	hsa-miR-16-5p	MIMAT0000069	0.738361754538463
2082	DENND1B	ENSG00000213047	hsa-miR-16-5p	MIMAT0000069	0.73831857886623
2083	PAQR3	ENSG00000163291	hsa-miR-486-5p	MIMAT0002177	0.738304260469853
2084	STRN	ENSG00000115808	hsa-miR-122-5p	MIMAT0000421	0.738266115771178
2085	LITAF	ENSG00000189067	hsa-miR-16-5p	MIMAT0000069	0.73826365469632
2086	DDX10	ENSG00000178105	hsa-miR-122-5p	MIMAT0000421	0.738256993139133
2087	MRRF	ENSG00000148187	hsa-miR-122-5p	MIMAT0000421	0.738256497025886
2088	HINT1	ENSG00000169567	hsa-miR-16-5p	MIMAT0000069	0.738121031606531
2089	SLC35E3	ENSG00000175782	hsa-miR-16-5p	MIMAT0000069	0.737911413337089
2090	GREM1	ENSG00000166923	hsa-miR-16-5p	MIMAT0000069	0.737853227542135
2091	RPS6KA5	ENSG00000100784	hsa-miR-486-5p	MIMAT0002177	0.737805581315589
2092	KCNQ4	ENSG00000117013	hsa-miR-122-5p	MIMAT0000421	0.737760361210054
2093	IKZF2	ENSG00000030419	hsa-miR-122-5p	MIMAT0000421	0.737706127152642
2094	GAB3	ENSG00000160219	hsa-miR-122-5p	MIMAT0000421	0.737672457143247
2095	DNAJC5G	ENSG00000163793	hsa-miR-16-5p	MIMAT0000069	0.737666843898418
2096	ZNF701	ENSG00000167562	hsa-miR-486-5p	MIMAT0002177	0.737620928254115
2097	SNX16	ENSG00000104497	hsa-miR-16-5p	MIMAT0000069	0.737572494614944
2098	MYO19	ENSG00000278259	hsa-miR-16-5p	MIMAT0000069	0.737405465211259
2099	FAM222B	ENSG00000173065	hsa-miR-122-5p	MIMAT0000421	0.737367980371186
2100	CHRNB2	ENSG00000160716	hsa-miR-16-5p	MIMAT0000069	0.737346073878148
2101	PLEKHA6	ENSG00000143850	hsa-miR-486-5p	MIMAT0002177	0.73730013260338
2102	NOTCH2	ENSG00000134250	hsa-miR-486-5p	MIMAT0002177	0.73725836770326
2103	WDFY2	ENSG00000139668	hsa-miR-16-5p	MIMAT0000069	0.737256270944195
2104	AP5Z1	ENSG00000242802	hsa-miR-16-5p	MIMAT0000069	0.737199489834716
2105	BAG5	ENSG00000166170	hsa-miR-16-5p	MIMAT0000069	0.737125796409451
2106	MBD1	ENSG00000141644	hsa-miR-16-5p	MIMAT0000069	0.73712349807162
2107	SCART1	ENSG00000214279	hsa-miR-122-5p	MIMAT0000421	0.737070022942143
2108	OR2AG1	ENSG00000279486	hsa-miR-16-5p	MIMAT0000069	0.737056417794779
2109	ARHGAP12	ENSG00000165322	hsa-miR-16-5p	MIMAT0000069	0.737050866802882
2110	CHMP7	ENSG00000147457	hsa-miR-486-5p	MIMAT0002177	0.736951652545334
2111	RSPO1	ENSG00000169218	hsa-miR-122-5p	MIMAT0000421	0.736691473999049
2112	FAM78B	ENSG00000188859	hsa-miR-16-5p	MIMAT0000069	0.736603609793162
2113	SRP72	ENSG00000174780	hsa-miR-16-5p	MIMAT0000069	0.736583455746973
2114	FBLIM1	ENSG00000162458	hsa-miR-486-5p	MIMAT0002177	0.736511769553507
2115	ACBD6	ENSG00000230124	hsa-miR-16-5p	MIMAT0000069	0.736462862511955
2116	ZNF705G	ENSG00000215372	hsa-miR-16-5p	MIMAT0000069	0.736346872314194
2117	PLEKHM3	ENSG00000178385	hsa-miR-16-5p	MIMAT0000069	0.736146346657046
2118	RWDD1	ENSG00000111832	hsa-miR-16-5p	MIMAT0000069	0.736022734866498
2119	SIDT2	ENSG00000149577	hsa-miR-16-5p	MIMAT0000069	0.735996640879081
2120	SP1	ENSG00000185591	hsa-miR-16-5p	MIMAT0000069	0.735923432485224
2121	GBF1	ENSG00000107862	hsa-miR-16-5p	MIMAT0000069	0.735908325809144
2122	IFNLR1	ENSG00000185436	hsa-miR-16-5p	MIMAT0000069	0.735827082534884
2123	POLE	ENSG00000177084	hsa-miR-16-5p	MIMAT0000069	0.735754344468598
2124	GBA2	ENSG00000070610	hsa-miR-16-5p	MIMAT0000069	0.735753242769732
2125	AC090227.2	ENSG00000266997	hsa-miR-16-5p	MIMAT0000069	0.735736904328989
2126	DOT1L	ENSG00000104885	hsa-miR-16-5p	MIMAT0000069	0.735529084928473
2127	TMEM121B	ENSG00000183307	hsa-miR-122-5p	MIMAT0000421	0.735505725733021
2128	MKKS	ENSG00000125863	hsa-miR-16-5p	MIMAT0000069	0.735376806176546
2129	DDX24	ENSG00000089737	hsa-miR-122-5p	MIMAT0000421	0.735288204399894
2130	NUDCD3	ENSG00000015676	hsa-miR-16-5p	MIMAT0000069	0.735161760787885
2131	AC073610.2	ENSG00000272822	hsa-miR-16-5p	MIMAT0000069	0.735138733948184
2132	GNL1	ENSG00000204590	hsa-miR-486-5p	MIMAT0002177	0.735121330053612
2133	ZKSCAN1	ENSG00000106261	hsa-miR-122-5p	MIMAT0000421	0.734984059374269
2134	BTG1	ENSG00000133639	hsa-miR-16-5p	MIMAT0000069	0.734975184275841
2135	ZFP30	ENSG00000120784	hsa-miR-486-5p	MIMAT0002177	0.734962790373269
2136	LMO7	ENSG00000136153	hsa-miR-16-5p	MIMAT0000069	0.734853350254793
2137	KPNB1	ENSG00000108424	hsa-miR-16-5p	MIMAT0000069	0.734673812260412
2138	SYMPK	ENSG00000125755	hsa-miR-16-5p	MIMAT0000069	0.73466340382207
2139	RIC8A	ENSG00000177963	hsa-miR-16-5p	MIMAT0000069	0.734639627158659
2140	HSPA13	ENSG00000155304	hsa-miR-486-5p	MIMAT0002177	0.734616656884779
2141	VWC2	ENSG00000188730	hsa-miR-122-5p	MIMAT0000421	0.734566560619419
2142	NFAT5	ENSG00000102908	hsa-miR-486-5p	MIMAT0002177	0.734501959593495
2143	CD59	ENSG00000085063	hsa-miR-486-5p	MIMAT0002177	0.734358864855075
2144	DRD1	ENSG00000184845	hsa-miR-16-5p	MIMAT0000069	0.734325367811248
2145	SRGAP1	ENSG00000196935	hsa-miR-122-5p	MIMAT0000421	0.734247452306884
2146	PIAS1	ENSG00000033800	hsa-miR-16-5p	MIMAT0000069	0.734213263562135
2147	JADE2	ENSG00000043143	hsa-miR-122-5p	MIMAT0000421	0.734127403486931
2148	DMBX1	ENSG00000197587	hsa-miR-122-5p	MIMAT0000421	0.734087600929426
2149	HNRNPA1	ENSG00000135486	hsa-miR-16-5p	MIMAT0000069	0.734077430846737
2150	UNC13B	ENSG00000198722	hsa-miR-486-5p	MIMAT0002177	0.733972074856281
2151	A1CF	ENSG00000148584	hsa-miR-16-5p	MIMAT0000069	0.733885174436068
2152	GGA3	ENSG00000125447	hsa-miR-16-5p	MIMAT0000069	0.733874982870089
2153	CACNB1	ENSG00000067191	hsa-miR-16-5p	MIMAT0000069	0.733834876082279
2154	IRX5	ENSG00000176842	hsa-miR-486-5p	MIMAT0002177	0.73381665534641
2155	DNAJB6	ENSG00000105993	hsa-miR-16-5p	MIMAT0000069	0.733733137191246
2156	SEMA5B	ENSG00000082684	hsa-miR-16-5p	MIMAT0000069	0.733622773968355
2157	HEMK1	ENSG00000114735	hsa-miR-122-5p	MIMAT0000421	0.733580825679199
2158	MMP7	ENSG00000137673	hsa-miR-122-5p	MIMAT0000421	0.733555921217765
2159	MDN1	ENSG00000112159	hsa-miR-16-5p	MIMAT0000069	0.733545311224415
2160	NUP85	ENSG00000125450	hsa-miR-16-5p	MIMAT0000069	0.733461665484535
2161	CLUAP1	ENSG00000103351	hsa-miR-16-5p	MIMAT0000069	0.733258406826029
2162	AP2A1	ENSG00000196961	hsa-miR-16-5p	MIMAT0000069	0.733236688137895
2163	EXOC3L2	ENSG00000283632	hsa-miR-16-5p	MIMAT0000069	0.733091531542579
2164	NUP58	ENSG00000139496	hsa-miR-16-5p	MIMAT0000069	0.733081482693682
2165	AP000944.5	ENSG00000285816	hsa-miR-16-5p	MIMAT0000069	0.733000306090125
2166	LCA5	ENSG00000135338	hsa-miR-16-5p	MIMAT0000069	0.732669892716853
2167	BAG2	ENSG00000112208	hsa-miR-486-5p	MIMAT0002177	0.732642718847078
2168	ROR1	ENSG00000185483	hsa-miR-122-5p	MIMAT0000421	0.732630488525041
2169	PLXNA2	ENSG00000076356	hsa-miR-16-5p	MIMAT0000069	0.732589837865515
2170	MRPL35	ENSG00000132313	hsa-miR-16-5p	MIMAT0000069	0.732588557927762
2171	ABI2	ENSG00000138443	hsa-miR-122-5p	MIMAT0000421	0.732321458794223
2172	G3BP1	ENSG00000145907	hsa-miR-486-5p	MIMAT0002177	0.732232568215015
2173	CLN5	ENSG00000102805	hsa-miR-486-5p	MIMAT0002177	0.732193779579351
2174	FRAT1	ENSG00000165879	hsa-miR-16-5p	MIMAT0000069	0.732057760381456
2175	NKX1-2	ENSG00000229544	hsa-miR-122-5p	MIMAT0000421	0.731987027068423
2176	CDH10	ENSG00000040731	hsa-miR-486-5p	MIMAT0002177	0.731902655050915
2177	SP2	ENSG00000167182	hsa-miR-122-5p	MIMAT0000421	0.731884246242013
2178	RPP25	ENSG00000178718	hsa-miR-16-5p	MIMAT0000069	0.731851139066019
2179	PCDH17	ENSG00000118946	hsa-miR-16-5p	MIMAT0000069	0.731593528704112
2180	CCDC127	ENSG00000164366	hsa-miR-122-5p	MIMAT0000421	0.731558496203422
2181	NEB	ENSG00000183091	hsa-miR-122-5p	MIMAT0000421	0.731530250441084
2182	PPT1	ENSG00000131238	hsa-miR-122-5p	MIMAT0000421	0.731499571915068
2183	SMYD4	ENSG00000186532	hsa-miR-122-5p	MIMAT0000421	0.731494032649615
2184	BLACAT1	ENSG00000281406	hsa-miR-16-5p	MIMAT0000069	0.731408849815949
2185	RGS6	ENSG00000182732	hsa-miR-122-5p	MIMAT0000421	0.731408185294826
2186	KCNK12	ENSG00000184261	hsa-miR-16-5p	MIMAT0000069	0.731192868155669
2187	CLSTN2	ENSG00000158258	hsa-miR-486-5p	MIMAT0002177	0.731161624430963
2188	MAP3K21	ENSG00000143674	hsa-miR-16-5p	MIMAT0000069	0.731151910984302
2189	SRRM4	ENSG00000139767	hsa-miR-16-5p	MIMAT0000069	0.730929466446131
2190	C11orf68	ENSG00000175573	hsa-miR-16-5p	MIMAT0000069	0.730913737396971
2191	SMG1	ENSG00000157106	hsa-miR-122-5p	MIMAT0000421	0.730857037802409
2192	NF1	ENSG00000196712	hsa-miR-486-5p	MIMAT0002177	0.730764555028415
2193	CYP7B1	ENSG00000172817	hsa-miR-486-5p	MIMAT0002177	0.730749772218003
2194	ST8SIA5	ENSG00000101638	hsa-miR-16-5p	MIMAT0000069	0.73058594163704
2195	KCNAB1	ENSG00000169282	hsa-miR-16-5p	MIMAT0000069	0.730470310815049
2196	VAMP7	ENSG00000124333	hsa-miR-16-5p	MIMAT0000069	0.730437933459776
2197	MMRN1	ENSG00000138722	hsa-miR-486-5p	MIMAT0002177	0.730401192543151
2198	SLITRK5	ENSG00000165300	hsa-miR-486-5p	MIMAT0002177	0.730348517680541
2199	ZNF347	ENSG00000197937	hsa-miR-486-5p	MIMAT0002177	0.730318584626773
2200	XPO4	ENSG00000132953	hsa-miR-16-5p	MIMAT0000069	0.730226404267039
2201	ZNF207	ENSG00000010244	hsa-miR-486-5p	MIMAT0002177	0.730198906936073
2202	NDUFB4	ENSG00000065518	hsa-miR-486-5p	MIMAT0002177	0.73013595350359
2203	CHURC1-FNTB	ENSG00000125954	hsa-miR-16-5p	MIMAT0000069	0.73012259094567
2204	ATF7	ENSG00000170653	hsa-miR-122-5p	MIMAT0000421	0.729997091947411
2205	AMER2	ENSG00000165566	hsa-miR-122-5p	MIMAT0000421	0.729947904787063
2206	TOMM5	ENSG00000175768	hsa-miR-486-5p	MIMAT0002177	0.729941955940577
2207	STK32A	ENSG00000169302	hsa-miR-122-5p	MIMAT0000421	0.729786399975251
2208	CHRM3	ENSG00000133019	hsa-miR-16-5p	MIMAT0000069	0.729744024788937
2209	CHORDC1	ENSG00000110172	hsa-miR-16-5p	MIMAT0000069	0.72970769464717
2210	WASHC4	ENSG00000136051	hsa-miR-16-5p	MIMAT0000069	0.729672443961961
2211	CYP46A1	ENSG00000036530	hsa-miR-486-5p	MIMAT0002177	0.729562529191734
2212	PPIG	ENSG00000138398	hsa-miR-16-5p	MIMAT0000069	0.729550986106162
2213	MACIR	ENSG00000181751	hsa-miR-486-5p	MIMAT0002177	0.729492107857789
2214	INTS7	ENSG00000143493	hsa-miR-16-5p	MIMAT0000069	0.729476446230967
2215	AAK1	ENSG00000115977	hsa-miR-486-5p	MIMAT0002177	0.72946123790527
2216	TNRC6A	ENSG00000090905	hsa-miR-122-5p	MIMAT0000421	0.729429699460137
2217	WDR62	ENSG00000075702	hsa-miR-16-5p	MIMAT0000069	0.729398889160827
2218	SFT2D2	ENSG00000213064	hsa-miR-16-5p	MIMAT0000069	0.729347994764568
2219	CSMD1	ENSG00000183117	hsa-miR-16-5p	MIMAT0000069	0.729336849139755
2220	PPP6R3	ENSG00000110075	hsa-miR-16-5p	MIMAT0000069	0.729275110240241
2221	ZBED6	ENSG00000257315	hsa-miR-16-5p	MIMAT0000069	0.7291526771516
2222	PLD1	ENSG00000075651	hsa-miR-16-5p	MIMAT0000069	0.729105874468547
2223	CDC42	ENSG00000070831	hsa-miR-16-5p	MIMAT0000069	0.729096719488855
2224	GALNT1	ENSG00000141429	hsa-miR-122-5p	MIMAT0000421	0.728967849693721
2225	KCNS1	ENSG00000124134	hsa-miR-486-5p	MIMAT0002177	0.728964349263348
2226	AC068946.2	ENSG00000284820	hsa-miR-16-5p	MIMAT0000069	0.728942303150756
2227	PPM1E	ENSG00000175175	hsa-miR-16-5p	MIMAT0000069	0.728932093011338
2228	PTEN	ENSG00000171862	hsa-miR-16-5p	MIMAT0000069	0.728923384354297
2229	FRYL	ENSG00000075539	hsa-miR-16-5p	MIMAT0000069	0.728887890758178
2230	LRRC69	ENSG00000214954	hsa-miR-486-5p	MIMAT0002177	0.728886309784767
2231	BCL9L	ENSG00000186174	hsa-miR-16-5p	MIMAT0000069	0.728711067841558
2232	NACC2	ENSG00000148411	hsa-miR-16-5p	MIMAT0000069	0.728584613174097
2233	IGSF9B	ENSG00000080854	hsa-miR-16-5p	MIMAT0000069	0.728494230396397
2234	POU6F2	ENSG00000106536	hsa-miR-122-5p	MIMAT0000421	0.728417468371678
2235	AC106886.5	ENSG00000282034	hsa-miR-16-5p	MIMAT0000069	0.728390762662438
2236	GPR101	ENSG00000165370	hsa-miR-486-5p	MIMAT0002177	0.728375530668207
2237	GORASP1	ENSG00000114745	hsa-miR-16-5p	MIMAT0000069	0.728320908490994
2238	AACS	ENSG00000081760	hsa-miR-486-5p	MIMAT0002177	0.728235298847321
2239	RORA	ENSG00000069667	hsa-miR-486-5p	MIMAT0002177	0.728181171380891
2240	LRRC7	ENSG00000033122	hsa-miR-122-5p	MIMAT0000421	0.728177907777617
2241	WRN	ENSG00000165392	hsa-miR-16-5p	MIMAT0000069	0.728127189855923
2242	PTGFR	ENSG00000122420	hsa-miR-16-5p	MIMAT0000069	0.728066579882061
2243	PPT2-EGFL8	ENSG00000258388	hsa-miR-486-5p	MIMAT0002177	0.727762782716089
2244	ZNF583	ENSG00000198440	hsa-miR-486-5p	MIMAT0002177	0.727750586061461
2245	AP1M1	ENSG00000072958	hsa-miR-486-5p	MIMAT0002177	0.727697522594589
2246	KIF3B	ENSG00000101350	hsa-miR-16-5p	MIMAT0000069	0.727533999778912
2247	TLN2	ENSG00000171914	hsa-miR-16-5p	MIMAT0000069	0.727524868131918
2248	CNOT11	ENSG00000158435	hsa-miR-486-5p	MIMAT0002177	0.727518300148076
2249	IMPG2	ENSG00000081148	hsa-miR-486-5p	MIMAT0002177	0.727340934123915
2250	ARMCX2	ENSG00000184867	hsa-miR-16-5p	MIMAT0000069	0.72731830300732
2251	EVI5	ENSG00000067208	hsa-miR-486-5p	MIMAT0002177	0.727178481837865
2252	FAM83C	ENSG00000125998	hsa-miR-486-5p	MIMAT0002177	0.727072929242433
2253	IL18BP	ENSG00000137496	hsa-miR-122-5p	MIMAT0000421	0.727043200739726
2254	AKAP6	ENSG00000151320	hsa-miR-16-5p	MIMAT0000069	0.726946199027013
2255	ZBTB8A	ENSG00000160062	hsa-miR-122-5p	MIMAT0000421	0.726811175859888
2256	PTPRQ	ENSG00000139304	hsa-miR-16-5p	MIMAT0000069	0.72663227092309
2257	CCDC43	ENSG00000180329	hsa-miR-122-5p	MIMAT0000421	0.726512966405871
2258	RABL2B	ENSG00000079974	hsa-miR-486-5p	MIMAT0002177	0.726323679072934
2259	TRIP10	ENSG00000125733	hsa-miR-16-5p	MIMAT0000069	0.726269022404274
2260	NDUFAF5	ENSG00000101247	hsa-miR-486-5p	MIMAT0002177	0.726218668836291
2261	MAPK9	ENSG00000050748	hsa-miR-122-5p	MIMAT0000421	0.726197033519349
2262	TARBP2	ENSG00000139546	hsa-miR-16-5p	MIMAT0000069	0.726179975498838
2263	LPAR6	ENSG00000139679	hsa-miR-122-5p	MIMAT0000421	0.726141566634721
2264	P2RY1	ENSG00000169860	hsa-miR-16-5p	MIMAT0000069	0.726132453753337
2265	SVEP1	ENSG00000165124	hsa-miR-16-5p	MIMAT0000069	0.725838735071058
2266	SCRN1	ENSG00000136193	hsa-miR-16-5p	MIMAT0000069	0.725775766004273
2267	RBAK	ENSG00000146587	hsa-miR-486-5p	MIMAT0002177	0.725712192651548
2268	POLD3	ENSG00000077514	hsa-miR-16-5p	MIMAT0000069	0.725675176486983
2269	LAMB1	ENSG00000091136	hsa-miR-16-5p	MIMAT0000069	0.725576440146383
2270	KAT6B	ENSG00000156650	hsa-miR-122-5p	MIMAT0000421	0.725537332865072
2271	SRD5A1	ENSG00000145545	hsa-miR-16-5p	MIMAT0000069	0.725518853201932
2272	USP38	ENSG00000170185	hsa-miR-16-5p	MIMAT0000069	0.725376520145484
2273	KCNG4	ENSG00000168418	hsa-miR-16-5p	MIMAT0000069	0.725375301918435
2274	ZNF705A	ENSG00000196946	hsa-miR-16-5p	MIMAT0000069	0.725374412484988
2275	STX1B	ENSG00000099365	hsa-miR-122-5p	MIMAT0000421	0.725184772301321
2276	COMT	ENSG00000093010	hsa-miR-16-5p	MIMAT0000069	0.725148925971248
2277	OTUD5	ENSG00000068308	hsa-miR-16-5p	MIMAT0000069	0.725147680213143
2278	IKZF3	ENSG00000161405	hsa-miR-122-5p	MIMAT0000421	0.725130264117982
2279	SRP19	ENSG00000153037	hsa-miR-486-5p	MIMAT0002177	0.725099520735702
2280	TDP2	ENSG00000111802	hsa-miR-486-5p	MIMAT0002177	0.725048600519263
2281	CCN4	ENSG00000104415	hsa-miR-16-5p	MIMAT0000069	0.725024776524576
2282	CLCN3	ENSG00000109572	hsa-miR-16-5p	MIMAT0000069	0.72500229140965
2283	BZW1	ENSG00000082153	hsa-miR-16-5p	MIMAT0000069	0.724985444023363
2284	MN1	ENSG00000169184	hsa-miR-16-5p	MIMAT0000069	0.724947648473896
2285	ADAMTS1	ENSG00000154734	hsa-miR-16-5p	MIMAT0000069	0.724696636007507
2286	PIK3IP1	ENSG00000100100	hsa-miR-16-5p	MIMAT0000069	0.72460932026724
2287	ATG9A	ENSG00000198925	hsa-miR-16-5p	MIMAT0000069	0.724593645648376
2288	KCNC2	ENSG00000166006	hsa-miR-122-5p	MIMAT0000421	0.724574912982871
2289	HERC3	ENSG00000138641	hsa-miR-486-5p	MIMAT0002177	0.724541319361509
2290	IQGAP1	ENSG00000140575	hsa-miR-122-5p	MIMAT0000421	0.724406215075875
2291	C14orf180	ENSG00000184601	hsa-miR-16-5p	MIMAT0000069	0.724396087196791
2292	MXD3	ENSG00000213347	hsa-miR-16-5p	MIMAT0000069	0.72434020447957
2293	GFAP	ENSG00000131095	hsa-miR-16-5p	MIMAT0000069	0.724337862491712
2294	ATP1A2	ENSG00000018625	hsa-miR-122-5p	MIMAT0000421	0.724336587957546
2295	AFF4	ENSG00000072364	hsa-miR-16-5p	MIMAT0000069	0.724320162191559
2296	ZNF287	ENSG00000141040	hsa-miR-486-5p	MIMAT0002177	0.724197472902423
2297	GPR27	ENSG00000170837	hsa-miR-16-5p	MIMAT0000069	0.724078905696597
2298	POLH	ENSG00000170734	hsa-miR-486-5p	MIMAT0002177	0.723984959779694
2299	RWDD4	ENSG00000182552	hsa-miR-122-5p	MIMAT0000421	0.723759799728131
2300	ZNF532	ENSG00000074657	hsa-miR-122-5p	MIMAT0000421	0.723685898057369
2301	MAP3K9	ENSG00000006432	hsa-miR-16-5p	MIMAT0000069	0.723587132041153
2302	USP8	ENSG00000138592	hsa-miR-486-5p	MIMAT0002177	0.723569266428986
2303	FABP1	ENSG00000163586	hsa-miR-16-5p	MIMAT0000069	0.723523010002373
2304	DIXDC1	ENSG00000150764	hsa-miR-16-5p	MIMAT0000069	0.723470908875693
2305	SLC17A5	ENSG00000119899	hsa-miR-16-5p	MIMAT0000069	0.723452006742121
2306	TBC1D9	ENSG00000109436	hsa-miR-16-5p	MIMAT0000069	0.723444064253843
2307	SORCS2	ENSG00000184985	hsa-miR-122-5p	MIMAT0000421	0.723433360670709
2308	FAM189B	ENSG00000160767	hsa-miR-16-5p	MIMAT0000069	0.723421411899853
2309	DEFA4	ENSG00000164821	hsa-miR-486-5p	MIMAT0002177	0.723420118297726
2310	DNAJC19	ENSG00000205981	hsa-miR-486-5p	MIMAT0002177	0.723396275625722
2311	ERCC1	ENSG00000012061	hsa-miR-16-5p	MIMAT0000069	0.723389459128661
2312	PMPCB	ENSG00000105819	hsa-miR-16-5p	MIMAT0000069	0.723349904110804
2313	TRPS1	ENSG00000104447	hsa-miR-122-5p	MIMAT0000421	0.72326449155315
2314	TAF8	ENSG00000137413	hsa-miR-16-5p	MIMAT0000069	0.723185350014129
2315	GCNT3	ENSG00000140297	hsa-miR-16-5p	MIMAT0000069	0.72311714147026
2316	ARRDC4	ENSG00000140450	hsa-miR-16-5p	MIMAT0000069	0.723077665077554
2317	SAMD3	ENSG00000164483	hsa-miR-16-5p	MIMAT0000069	0.723007747125221
2318	ABCB7	ENSG00000131269	hsa-miR-16-5p	MIMAT0000069	0.722979698094454
2319	ZIC1	ENSG00000152977	hsa-miR-16-5p	MIMAT0000069	0.722838267695097
2320	KCTD12	ENSG00000178695	hsa-miR-122-5p	MIMAT0000421	0.722827996479067
2321	TMEM109	ENSG00000110108	hsa-miR-16-5p	MIMAT0000069	0.722820608560939
2322	RUNDC1	ENSG00000198863	hsa-miR-122-5p	MIMAT0000421	0.722752091238006
2323	KCTD1	ENSG00000134504	hsa-miR-16-5p	MIMAT0000069	0.72272830465647
2324	CDH8	ENSG00000150394	hsa-miR-16-5p	MIMAT0000069	0.722696232101495
2325	KDM3A	ENSG00000115548	hsa-miR-486-5p	MIMAT0002177	0.722434172716351
2326	SLC8A1	ENSG00000183023	hsa-miR-122-5p	MIMAT0000421	0.722392373204766
2327	HLA-DQA1	ENSG00000196735	hsa-miR-16-5p	MIMAT0000069	0.722282471380588
2328	RBMS2	ENSG00000076067	hsa-miR-122-5p	MIMAT0000421	0.722229094749927
2329	RARS1	ENSG00000113643	hsa-miR-16-5p	MIMAT0000069	0.722132279178841
2330	ABHD14A-ACY1	ENSG00000114786	hsa-miR-16-5p	MIMAT0000069	0.72210282137693
2331	PAGR1	ENSG00000280789	hsa-miR-16-5p	MIMAT0000069	0.722066725191969
2332	PCDH17	ENSG00000118946	hsa-miR-122-5p	MIMAT0000421	0.722009235170916
2333	BHLHE41	ENSG00000123095	hsa-miR-16-5p	MIMAT0000069	0.721977423681038
2334	RABL3	ENSG00000144840	hsa-miR-122-5p	MIMAT0000421	0.72197357759368
2335	COG5	ENSG00000164597	hsa-miR-16-5p	MIMAT0000069	0.721941407973802
2336	GPX3	ENSG00000211445	hsa-miR-122-5p	MIMAT0000421	0.721913199173666
2337	PAK5	ENSG00000101349	hsa-miR-16-5p	MIMAT0000069	0.721761756168821
2338	BAALC	ENSG00000164929	hsa-miR-486-5p	MIMAT0002177	0.721755262598438
2339	REPS1	ENSG00000135597	hsa-miR-16-5p	MIMAT0000069	0.721733311488137
2340	HELLS	ENSG00000119969	hsa-miR-16-5p	MIMAT0000069	0.721679282992629
2341	FNIP2	ENSG00000052795	hsa-miR-486-5p	MIMAT0002177	0.72165076697436
2342	LRRFIP2	ENSG00000093167	hsa-miR-16-5p	MIMAT0000069	0.721547811638829
2343	GUCY1A1	ENSG00000164116	hsa-miR-122-5p	MIMAT0000421	0.721515986585875
2344	PLEKHG4	ENSG00000196155	hsa-miR-486-5p	MIMAT0002177	0.72146538870476
2345	RDH13	ENSG00000160439	hsa-miR-16-5p	MIMAT0000069	0.721382559107054
2346	FGGY	ENSG00000172456	hsa-miR-486-5p	MIMAT0002177	0.72132659530917
2347	PHF14	ENSG00000106443	hsa-miR-122-5p	MIMAT0000421	0.721309316295708
2348	SCNM1	ENSG00000163156	hsa-miR-486-5p	MIMAT0002177	0.721297381527546
2349	MOB3B	ENSG00000120162	hsa-miR-122-5p	MIMAT0000421	0.721227700103565
2350	PDK3	ENSG00000067992	hsa-miR-122-5p	MIMAT0000421	0.721183427544752
2351	PPM1E	ENSG00000175175	hsa-miR-122-5p	MIMAT0000421	0.721167982496536
2352	ADAMTS5	ENSG00000154736	hsa-miR-16-5p	MIMAT0000069	0.721118785731555
2353	COPS7B	ENSG00000144524	hsa-miR-16-5p	MIMAT0000069	0.721113068495705
2354	UBE2W	ENSG00000104343	hsa-miR-16-5p	MIMAT0000069	0.721101847319794
2355	DCAF5	ENSG00000139990	hsa-miR-16-5p	MIMAT0000069	0.7210693034993
2356	DEF8	ENSG00000140995	hsa-miR-16-5p	MIMAT0000069	0.720977311294742
2357	GRAMD2A	ENSG00000175318	hsa-miR-16-5p	MIMAT0000069	0.720892318449919
2358	PPP1R1A	ENSG00000135447	hsa-miR-486-5p	MIMAT0002177	0.720879998986213
2359	KIF25	ENSG00000125337	hsa-miR-486-5p	MIMAT0002177	0.720687523068346
2360	BIRC6	ENSG00000115760	hsa-miR-486-5p	MIMAT0002177	0.720577611926593
2361	TPCN2	ENSG00000162341	hsa-miR-16-5p	MIMAT0000069	0.720363127236909
2362	OR6C75	ENSG00000187857	hsa-miR-486-5p	MIMAT0002177	0.720355751056228
2363	RDH8	ENSG00000080511	hsa-miR-122-5p	MIMAT0000421	0.720269890074017
2364	NFAT5	ENSG00000102908	hsa-miR-16-5p	MIMAT0000069	0.720257757673162
2365	RELL1	ENSG00000181826	hsa-miR-122-5p	MIMAT0000421	0.720156256660672
2366	ADAMTS15	ENSG00000166106	hsa-miR-122-5p	MIMAT0000421	0.720120062587092
2367	TMED9	ENSG00000184840	hsa-miR-16-5p	MIMAT0000069	0.720051640549896
2368	KIR2DL1	ENSG00000125498	hsa-miR-122-5p	MIMAT0000421	0.720008663861518
2369	DNTTIP2	ENSG00000067334	hsa-miR-486-5p	MIMAT0002177	0.719931842168878
2370	CCDC32	ENSG00000128891	hsa-miR-122-5p	MIMAT0000421	0.719807415295367
2371	ZC3H10	ENSG00000135482	hsa-miR-486-5p	MIMAT0002177	0.719721842610619
2372	RNF165	ENSG00000141622	hsa-miR-16-5p	MIMAT0000069	0.719704862830168
2373	MIDEAS	ENSG00000156030	hsa-miR-16-5p	MIMAT0000069	0.719676404942634
2374	CARD10	ENSG00000100065	hsa-miR-16-5p	MIMAT0000069	0.719600899513009
2375	CACNA2D4	ENSG00000151062	hsa-miR-16-5p	MIMAT0000069	0.719562113415362
2376	ZNF704	ENSG00000164684	hsa-miR-16-5p	MIMAT0000069	0.719549646187868
2377	PSEN1	ENSG00000080815	hsa-miR-486-5p	MIMAT0002177	0.719549644629116
2378	AC006030.1	ENSG00000264324	hsa-miR-16-5p	MIMAT0000069	0.719503497401006
2379	OR2AG1	ENSG00000279486	hsa-miR-122-5p	MIMAT0000421	0.719483802060717
2380	FIG4	ENSG00000112367	hsa-miR-122-5p	MIMAT0000421	0.71938906629787
2381	STK38L	ENSG00000211455	hsa-miR-16-5p	MIMAT0000069	0.719374205899155
2382	PTPN9	ENSG00000169410	hsa-miR-16-5p	MIMAT0000069	0.719346484015136
2383	PRMT2	ENSG00000160310	hsa-miR-122-5p	MIMAT0000421	0.71933500176513
2384	TYRO3	ENSG00000092445	hsa-miR-122-5p	MIMAT0000421	0.719223328860187
2385	SLC13A5	ENSG00000141485	hsa-miR-122-5p	MIMAT0000421	0.719133709820972
2386	HEY1	ENSG00000164683	hsa-miR-16-5p	MIMAT0000069	0.718909658037608
2387	COX16	ENSG00000133983	hsa-miR-486-5p	MIMAT0002177	0.718909153400524
2388	CNTN1	ENSG00000018236	hsa-miR-486-5p	MIMAT0002177	0.71889979847172
2389	CXCR2	ENSG00000180871	hsa-miR-122-5p	MIMAT0000421	0.718867573750211
2390	MAPK13	ENSG00000156711	hsa-miR-16-5p	MIMAT0000069	0.718801578581985
2391	MTHFR	ENSG00000177000	hsa-miR-16-5p	MIMAT0000069	0.718735805269974
2392	RARB	ENSG00000077092	hsa-miR-16-5p	MIMAT0000069	0.718674682612761
2393	ZNF696	ENSG00000185730	hsa-miR-122-5p	MIMAT0000421	0.718616823430716
2394	MYO1B	ENSG00000128641	hsa-miR-486-5p	MIMAT0002177	0.718613915307261
2395	EIF2AK2	ENSG00000055332	hsa-miR-16-5p	MIMAT0000069	0.718551521334526
2396	PYM1	ENSG00000170473	hsa-miR-16-5p	MIMAT0000069	0.718498307582855
2397	SLC24A2	ENSG00000155886	hsa-miR-16-5p	MIMAT0000069	0.718367317304717
2398	IFT172	ENSG00000138002	hsa-miR-486-5p	MIMAT0002177	0.718329636569308
2399	UBR3	ENSG00000144357	hsa-miR-486-5p	MIMAT0002177	0.718310876884754
2400	KLC4	ENSG00000137171	hsa-miR-16-5p	MIMAT0000069	0.718283745439028
2401	ERAP1	ENSG00000164307	hsa-miR-16-5p	MIMAT0000069	0.718280698056777
2402	CRIM1	ENSG00000150938	hsa-miR-16-5p	MIMAT0000069	0.718276038658346
2403	CREB1	ENSG00000118260	hsa-miR-122-5p	MIMAT0000421	0.718196034989374
2404	PIM1	ENSG00000137193	hsa-miR-16-5p	MIMAT0000069	0.718130947729194
2405	FGF13	ENSG00000129682	hsa-miR-486-5p	MIMAT0002177	0.718106666651385
2406	RAPH1	ENSG00000173166	hsa-miR-16-5p	MIMAT0000069	0.718083127334393
2407	MPDZ	ENSG00000107186	hsa-miR-16-5p	MIMAT0000069	0.718048424118523
2408	ZNF281	ENSG00000162702	hsa-miR-486-5p	MIMAT0002177	0.718010731409712
2409	ZNF26	ENSG00000198393	hsa-miR-486-5p	MIMAT0002177	0.718007621889328
2410	UBE3D	ENSG00000118420	hsa-miR-122-5p	MIMAT0000421	0.717982735767031
2411	ACOT11	ENSG00000162390	hsa-miR-122-5p	MIMAT0000421	0.717894507867463
2412	OLA1	ENSG00000138430	hsa-miR-122-5p	MIMAT0000421	0.717770980232893
2413	KLHL20	ENSG00000076321	hsa-miR-122-5p	MIMAT0000421	0.717741229554652
2414	FAM155B	ENSG00000130054	hsa-miR-122-5p	MIMAT0000421	0.717683084618867
2415	PCYT1A	ENSG00000161217	hsa-miR-16-5p	MIMAT0000069	0.717669444183644
2416	HSPA1B	ENSG00000204388	hsa-miR-16-5p	MIMAT0000069	0.717575522016942
2417	CTTNBP2	ENSG00000077063	hsa-miR-16-5p	MIMAT0000069	0.71753344195765
2418	HR	ENSG00000168453	hsa-miR-122-5p	MIMAT0000421	0.717265805628759
2419	TUSC3	ENSG00000104723	hsa-miR-486-5p	MIMAT0002177	0.717218175776995
2420	NXPH2	ENSG00000144227	hsa-miR-486-5p	MIMAT0002177	0.717201968807332
2421	SNX9	ENSG00000130340	hsa-miR-16-5p	MIMAT0000069	0.717188648706434
2422	HACD4	ENSG00000188921	hsa-miR-122-5p	MIMAT0000421	0.717132054811945
2423	FCN1	ENSG00000085265	hsa-miR-122-5p	MIMAT0000421	0.717105909027751
2424	C4orf50	ENSG00000181215	hsa-miR-122-5p	MIMAT0000421	0.717035375957661
2425	AP1S3	ENSG00000152056	hsa-miR-16-5p	MIMAT0000069	0.716848059813865
2426	MAP3K3	ENSG00000198909	hsa-miR-122-5p	MIMAT0000421	0.716650782875918
2427	ELAVL2	ENSG00000107105	hsa-miR-486-5p	MIMAT0002177	0.716616227884813
2428	NR5A2	ENSG00000116833	hsa-miR-486-5p	MIMAT0002177	0.716606824657852
2429	ERCC5	ENSG00000134899	hsa-miR-486-5p	MIMAT0002177	0.716543492589141
2430	MROH7	ENSG00000184313	hsa-miR-16-5p	MIMAT0000069	0.716355467011951
2431	CSRNP1	ENSG00000144655	hsa-miR-16-5p	MIMAT0000069	0.716262226455872
2432	IPPK	ENSG00000127080	hsa-miR-16-5p	MIMAT0000069	0.716261447331153
2433	PER1	ENSG00000179094	hsa-miR-16-5p	MIMAT0000069	0.716195454851825
2434	SEMA4A	ENSG00000196189	hsa-miR-122-5p	MIMAT0000421	0.716005752287219
2435	ZFP82	ENSG00000181007	hsa-miR-122-5p	MIMAT0000421	0.715930270243974
2436	TBCK	ENSG00000145348	hsa-miR-16-5p	MIMAT0000069	0.715882269688593
2437	LRCH3	ENSG00000186001	hsa-miR-16-5p	MIMAT0000069	0.715871483210984
2438	HNRNPUL2-BSCL2	ENSG00000234857	hsa-miR-486-5p	MIMAT0002177	0.715542610950058
2439	CDC42	ENSG00000070831	hsa-miR-486-5p	MIMAT0002177	0.715529211164732
2440	TMEM87A	ENSG00000103978	hsa-miR-16-5p	MIMAT0000069	0.715506674703492
2441	PRKAG2	ENSG00000106617	hsa-miR-16-5p	MIMAT0000069	0.715457001970511
2442	DSCAM	ENSG00000171587	hsa-miR-122-5p	MIMAT0000421	0.715444919634369
2443	YOD1	ENSG00000180667	hsa-miR-486-5p	MIMAT0002177	0.715444875403784
2444	ORAI2	ENSG00000160991	hsa-miR-122-5p	MIMAT0000421	0.715231500839281
2445	ARMC12	ENSG00000157343	hsa-miR-16-5p	MIMAT0000069	0.715164314889428
2446	TSPAN2	ENSG00000134198	hsa-miR-122-5p	MIMAT0000421	0.715148781757141
2447	ZNF445	ENSG00000185219	hsa-miR-486-5p	MIMAT0002177	0.715103829671149
2448	MYBL1	ENSG00000185697	hsa-miR-16-5p	MIMAT0000069	0.714875225261004
2449	PDE10A	ENSG00000112541	hsa-miR-486-5p	MIMAT0002177	0.714748411186407
2450	TDGF1	ENSG00000241186	hsa-miR-16-5p	MIMAT0000069	0.714701798920142
2451	STK17B	ENSG00000081320	hsa-miR-122-5p	MIMAT0000421	0.714670641160694
2452	PLEKHG4B	ENSG00000153404	hsa-miR-122-5p	MIMAT0000421	0.714501861848791
2453	ZNF264	ENSG00000083844	hsa-miR-16-5p	MIMAT0000069	0.714493050508625
2454	RASAL2	ENSG00000075391	hsa-miR-486-5p	MIMAT0002177	0.71444484514106
2455	N4BP2	ENSG00000078177	hsa-miR-486-5p	MIMAT0002177	0.714240283689605
2456	TMEM18	ENSG00000151353	hsa-miR-486-5p	MIMAT0002177	0.71417273719634
2457	KRTAP9-4	ENSG00000241595	hsa-miR-16-5p	MIMAT0000069	0.714172037355153
2458	CD83	ENSG00000112149	hsa-miR-122-5p	MIMAT0000421	0.71395588469782
2459	PI4K2B	ENSG00000038210	hsa-miR-16-5p	MIMAT0000069	0.713925051601072
2460	AMMECR1	ENSG00000101935	hsa-miR-16-5p	MIMAT0000069	0.713919542833931
2461	TFDP2	ENSG00000114126	hsa-miR-122-5p	MIMAT0000421	0.713849589801408
2462	ZKSCAN1	ENSG00000106261	hsa-miR-16-5p	MIMAT0000069	0.713825564677306
2463	RCOR3	ENSG00000117625	hsa-miR-16-5p	MIMAT0000069	0.713766025200711
2464	B4GALT1	ENSG00000086062	hsa-miR-16-5p	MIMAT0000069	0.713733396195126
2465	KLHL28	ENSG00000179454	hsa-miR-16-5p	MIMAT0000069	0.713679587479184
2466	NLRP2B	ENSG00000215174	hsa-miR-486-5p	MIMAT0002177	0.71355983304504
2467	INPP1	ENSG00000151689	hsa-miR-16-5p	MIMAT0000069	0.713515714397825
2468	ZNF774	ENSG00000196391	hsa-miR-122-5p	MIMAT0000421	0.713451309398597
2469	SKOR1	ENSG00000188779	hsa-miR-16-5p	MIMAT0000069	0.713417215367743
2470	ANKRD17	ENSG00000132466	hsa-miR-486-5p	MIMAT0002177	0.71340396485968
2471	JADE2	ENSG00000043143	hsa-miR-16-5p	MIMAT0000069	0.713247057947154
2472	LRRC57	ENSG00000180979	hsa-miR-486-5p	MIMAT0002177	0.71324401858457
2473	ECPAS	ENSG00000136813	hsa-miR-122-5p	MIMAT0000421	0.713192104023162
2474	SLC39A8	ENSG00000138821	hsa-miR-16-5p	MIMAT0000069	0.71313327842626
2475	ATP8B4	ENSG00000104043	hsa-miR-16-5p	MIMAT0000069	0.713084915126267
2476	PPP1R14C	ENSG00000198729	hsa-miR-16-5p	MIMAT0000069	0.712925405936605
2477	IRGQ	ENSG00000167378	hsa-miR-486-5p	MIMAT0002177	0.712861912514117
2478	GALNT1	ENSG00000141429	hsa-miR-16-5p	MIMAT0000069	0.712859842398947
2479	ZNF445	ENSG00000185219	hsa-miR-16-5p	MIMAT0000069	0.712839138453545
2480	CREBZF	ENSG00000137504	hsa-miR-16-5p	MIMAT0000069	0.712813205747892
2481	UBXN2B	ENSG00000215114	hsa-miR-486-5p	MIMAT0002177	0.712775965417239
2482	MAML3	ENSG00000196782	hsa-miR-486-5p	MIMAT0002177	0.712727105710872
2483	SRCIN1	ENSG00000277363	hsa-miR-122-5p	MIMAT0000421	0.712674388492313
2484	ARID1B	ENSG00000049618	hsa-miR-486-5p	MIMAT0002177	0.712567737831688
2485	WDR82	ENSG00000164091	hsa-miR-16-5p	MIMAT0000069	0.712557047473822
2486	VIT	ENSG00000205221	hsa-miR-16-5p	MIMAT0000069	0.712421086637902
2487	CCDC30	ENSG00000186409	hsa-miR-16-5p	MIMAT0000069	0.712363850276804
2488	DISP1	ENSG00000154309	hsa-miR-16-5p	MIMAT0000069	0.712255927124884
2489	MTHFR	ENSG00000177000	hsa-miR-486-5p	MIMAT0002177	0.712056588547422
2490	KIFAP3	ENSG00000075945	hsa-miR-16-5p	MIMAT0000069	0.711977682037297
2491	ZNF831	ENSG00000124203	hsa-miR-16-5p	MIMAT0000069	0.71181404610973
2492	FOXJ3	ENSG00000198815	hsa-miR-122-5p	MIMAT0000421	0.711724699736601
2493	SYNE1	ENSG00000131018	hsa-miR-486-5p	MIMAT0002177	0.711638658769822
2494	NPR3	ENSG00000113389	hsa-miR-486-5p	MIMAT0002177	0.711617515098584
2495	APP	ENSG00000142192	hsa-miR-16-5p	MIMAT0000069	0.711616396139251
2496	HNRNPA3	ENSG00000170144	hsa-miR-486-5p	MIMAT0002177	0.711537309621935
2497	SLC30A9	ENSG00000014824	hsa-miR-122-5p	MIMAT0000421	0.711467253259347
2498	GRIA3	ENSG00000125675	hsa-miR-16-5p	MIMAT0000069	0.71140987344898
2499	H2AC11	ENSG00000196787	hsa-miR-486-5p	MIMAT0002177	0.71125092998182
2500	FBN1	ENSG00000166147	hsa-miR-486-5p	MIMAT0002177	0.711206688638228
2501	HDGF	ENSG00000143321	hsa-miR-16-5p	MIMAT0000069	0.711101744937999
2502	NEXMIF	ENSG00000050030	hsa-miR-16-5p	MIMAT0000069	0.710904565922465
2503	MTMR10	ENSG00000166912	hsa-miR-486-5p	MIMAT0002177	0.710864856805929
2504	SMARCA1	ENSG00000102038	hsa-miR-16-5p	MIMAT0000069	0.710843136596471
2505	SLC6A3	ENSG00000142319	hsa-miR-16-5p	MIMAT0000069	0.710657140788088
2506	KIF11	ENSG00000138160	hsa-miR-486-5p	MIMAT0002177	0.710640196240764
2507	CHTOP	ENSG00000160679	hsa-miR-16-5p	MIMAT0000069	0.710614736855721
2508	AGFG1	ENSG00000173744	hsa-miR-16-5p	MIMAT0000069	0.710562287354742
2509	HMGB1	ENSG00000189403	hsa-miR-122-5p	MIMAT0000421	0.710498694489806
2510	LAMC1	ENSG00000135862	hsa-miR-16-5p	MIMAT0000069	0.710486518964733
2511	ABCC5	ENSG00000114770	hsa-miR-16-5p	MIMAT0000069	0.710366741098329
2512	HS3ST5	ENSG00000249853	hsa-miR-16-5p	MIMAT0000069	0.71031225269082
2513	DTNA	ENSG00000134769	hsa-miR-486-5p	MIMAT0002177	0.710298565691219
2514	CIAPIN1	ENSG00000005194	hsa-miR-16-5p	MIMAT0000069	0.710265919922897
2515	PPP2R2B	ENSG00000156475	hsa-miR-122-5p	MIMAT0000421	0.709895627905919
2516	STX16	ENSG00000124222	hsa-miR-122-5p	MIMAT0000421	0.709883982010758
2517	IGF2BP2	ENSG00000073792	hsa-miR-486-5p	MIMAT0002177	0.709872393234525
2518	SLC5A6	ENSG00000138074	hsa-miR-486-5p	MIMAT0002177	0.709712682017379
2519	TRPC4	ENSG00000133107	hsa-miR-16-5p	MIMAT0000069	0.709611991485277
2520	SATB2	ENSG00000119042	hsa-miR-16-5p	MIMAT0000069	0.709593771480411
2521	EIF3M	ENSG00000149100	hsa-miR-16-5p	MIMAT0000069	0.709591206272181
2522	CLMN	ENSG00000165959	hsa-miR-486-5p	MIMAT0002177	0.709523785331436
2523	GPR151	ENSG00000173250	hsa-miR-16-5p	MIMAT0000069	0.709431338666724
2524	ZNF746	ENSG00000181220	hsa-miR-486-5p	MIMAT0002177	0.709412546233243
2525	JAK2	ENSG00000096968	hsa-miR-16-5p	MIMAT0000069	0.709355425877687
2526	TTC14	ENSG00000163728	hsa-miR-486-5p	MIMAT0002177	0.7093413933866
2527	MAPKBP1	ENSG00000137802	hsa-miR-122-5p	MIMAT0000421	0.709208220537761
2528	SP3	ENSG00000172845	hsa-miR-486-5p	MIMAT0002177	0.709187116319322
2529	CAMTA1	ENSG00000171735	hsa-miR-16-5p	MIMAT0000069	0.70913503112823
2530	STK39	ENSG00000198648	hsa-miR-16-5p	MIMAT0000069	0.709088647470619
2531	UBE3A	ENSG00000114062	hsa-miR-16-5p	MIMAT0000069	0.708985677726117
2532	SMAD4	ENSG00000141646	hsa-miR-16-5p	MIMAT0000069	0.708931492764978
2533	MDGA1	ENSG00000112139	hsa-miR-486-5p	MIMAT0002177	0.708927187662945
2534	GEMIN5	ENSG00000082516	hsa-miR-122-5p	MIMAT0000421	0.708891842896507
2535	APOL6	ENSG00000221963	hsa-miR-486-5p	MIMAT0002177	0.708789264576021
2536	FAM171A1	ENSG00000148468	hsa-miR-16-5p	MIMAT0000069	0.708617934984752
2537	H3-3B	ENSG00000132475	hsa-miR-486-5p	MIMAT0002177	0.708612980809188
2538	CD200R1	ENSG00000163606	hsa-miR-16-5p	MIMAT0000069	0.708565558890065
2539	CACNB4	ENSG00000182389	hsa-miR-16-5p	MIMAT0000069	0.708490366273677
2540	RABL6	ENSG00000196642	hsa-miR-122-5p	MIMAT0000421	0.708488527933977
2541	MAVS	ENSG00000088888	hsa-miR-122-5p	MIMAT0000421	0.708198501980514
2542	ANKMY1	ENSG00000144504	hsa-miR-16-5p	MIMAT0000069	0.708082327342784
2543	NBEAL1	ENSG00000144426	hsa-miR-16-5p	MIMAT0000069	0.708053634461851
2544	TSN	ENSG00000211460	hsa-miR-16-5p	MIMAT0000069	0.708020840887761
2545	GDPD2	ENSG00000130055	hsa-miR-16-5p	MIMAT0000069	0.707900914106582
2546	ODF2L	ENSG00000122417	hsa-miR-16-5p	MIMAT0000069	0.707782035434488
2547	CSNK2A1	ENSG00000101266	hsa-miR-486-5p	MIMAT0002177	0.707770893794679
2548	CPSF6	ENSG00000111605	hsa-miR-16-5p	MIMAT0000069	0.707443160676265
2549	AIFM1	ENSG00000156709	hsa-miR-486-5p	MIMAT0002177	0.707416354201864
2550	UNC119B	ENSG00000175970	hsa-miR-16-5p	MIMAT0000069	0.707365060014045
2551	MMP16	ENSG00000156103	hsa-miR-16-5p	MIMAT0000069	0.707361044075744
2552	TRIM44	ENSG00000166326	hsa-miR-16-5p	MIMAT0000069	0.707289860245417
2553	FOXK1	ENSG00000164916	hsa-miR-16-5p	MIMAT0000069	0.707271527437506
2554	STK35	ENSG00000125834	hsa-miR-16-5p	MIMAT0000069	0.707239687612072
2555	RFX3	ENSG00000080298	hsa-miR-486-5p	MIMAT0002177	0.707215500535429
2556	CLK4	ENSG00000113240	hsa-miR-122-5p	MIMAT0000421	0.707171598994218
2557	MT1E	ENSG00000169715	hsa-miR-16-5p	MIMAT0000069	0.70702484067004
2558	POU2F1	ENSG00000143190	hsa-miR-486-5p	MIMAT0002177	0.707017961058139
2559	COA5	ENSG00000183513	hsa-miR-486-5p	MIMAT0002177	0.706958229511052
2560	GLUD2	ENSG00000182890	hsa-miR-16-5p	MIMAT0000069	0.706794773626225
2561	ADAMTS18	ENSG00000140873	hsa-miR-16-5p	MIMAT0000069	0.706709817219764
2562	TMEM18	ENSG00000151353	hsa-miR-122-5p	MIMAT0000421	0.706594950009848
2563	ENAM	ENSG00000132464	hsa-miR-122-5p	MIMAT0000421	0.706197920136027
2564	PDP2	ENSG00000172840	hsa-miR-486-5p	MIMAT0002177	0.706158764379322
2565	PCNX4	ENSG00000126773	hsa-miR-16-5p	MIMAT0000069	0.706146709521896
2566	EML5	ENSG00000165521	hsa-miR-16-5p	MIMAT0000069	0.706067140910855
2567	RBFOX2	ENSG00000100320	hsa-miR-16-5p	MIMAT0000069	0.706061433030943
2568	FBXW2	ENSG00000119402	hsa-miR-486-5p	MIMAT0002177	0.705970686846491
2569	SLMAP	ENSG00000163681	hsa-miR-16-5p	MIMAT0000069	0.70591871118899
2570	SMURF1	ENSG00000198742	hsa-miR-486-5p	MIMAT0002177	0.705899374507961
2571	RNF165	ENSG00000141622	hsa-miR-122-5p	MIMAT0000421	0.705883766941479
2572	CERCAM	ENSG00000167123	hsa-miR-486-5p	MIMAT0002177	0.705730057062687
2573	KCNC4	ENSG00000116396	hsa-miR-122-5p	MIMAT0000421	0.705661998818884
2574	EPGN	ENSG00000182585	hsa-miR-486-5p	MIMAT0002177	0.705565033802609
2575	MAGEE2	ENSG00000186675	hsa-miR-486-5p	MIMAT0002177	0.705481344049495
2576	C20orf194	ENSG00000088854	hsa-miR-16-5p	MIMAT0000069	0.705440745655055
2577	ZBTB8A	ENSG00000160062	hsa-miR-486-5p	MIMAT0002177	0.705391496650864
2578	SRP54	ENSG00000100883	hsa-miR-16-5p	MIMAT0000069	0.705339151370484
2579	TAF1	ENSG00000147133	hsa-miR-122-5p	MIMAT0000421	0.705248457341762
2580	PIK3R3	ENSG00000117461	hsa-miR-16-5p	MIMAT0000069	0.705109761961714
2581	NSMCE3	ENSG00000185115	hsa-miR-16-5p	MIMAT0000069	0.705109499073557
2582	KMT2A	ENSG00000118058	hsa-miR-122-5p	MIMAT0000421	0.705087971841079
2583	DKK3	ENSG00000050165	hsa-miR-16-5p	MIMAT0000069	0.70490477940137
2584	ZBBX	ENSG00000169064	hsa-miR-16-5p	MIMAT0000069	0.704902385698503
2585	ANKH	ENSG00000154122	hsa-miR-486-5p	MIMAT0002177	0.704878026216522
2586	ALS2CL	ENSG00000178038	hsa-miR-16-5p	MIMAT0000069	0.704726739193088
2587	REL	ENSG00000162924	hsa-miR-122-5p	MIMAT0000421	0.704653632239321
2588	SMIM36	ENSG00000261873	hsa-miR-122-5p	MIMAT0000421	0.704639923938674
2589	CDK4	ENSG00000135446	hsa-miR-486-5p	MIMAT0002177	0.704616911143599
2590	CLASP1	ENSG00000074054	hsa-miR-16-5p	MIMAT0000069	0.704541250695515
2591	MAP4	ENSG00000047849	hsa-miR-16-5p	MIMAT0000069	0.704454168183436
2592	CYP46A1	ENSG00000036530	hsa-miR-16-5p	MIMAT0000069	0.704300600004041
2593	B3GALNT1	ENSG00000169255	hsa-miR-122-5p	MIMAT0000421	0.704253186726806
2594	NIBAN3	ENSG00000167483	hsa-miR-486-5p	MIMAT0002177	0.704063344163089
2595	PHIP	ENSG00000146247	hsa-miR-16-5p	MIMAT0000069	0.704011209748508
2596	YIPF4	ENSG00000119820	hsa-miR-486-5p	MIMAT0002177	0.704011085465243
2597	ZNF226	ENSG00000167380	hsa-miR-486-5p	MIMAT0002177	0.703972307161494
2598	MAPK3	ENSG00000102882	hsa-miR-16-5p	MIMAT0000069	0.703965095319183
2599	RNASE8	ENSG00000173431	hsa-miR-16-5p	MIMAT0000069	0.703932757124644
2600	PPL	ENSG00000118898	hsa-miR-16-5p	MIMAT0000069	0.7038503610861
2601	PCDH9	ENSG00000184226	hsa-miR-122-5p	MIMAT0000421	0.703847631141846
2602	VSTM4	ENSG00000165633	hsa-miR-122-5p	MIMAT0000421	0.70380404238439
2603	ANKFY1	ENSG00000185722	hsa-miR-16-5p	MIMAT0000069	0.703767136175864
2604	SEC31B	ENSG00000075826	hsa-miR-122-5p	MIMAT0000421	0.703760126836519
2605	OR56A1	ENSG00000180934	hsa-miR-16-5p	MIMAT0000069	0.703708609530139
2606	USP13	ENSG00000058056	hsa-miR-16-5p	MIMAT0000069	0.703690848157465
2607	COG1	ENSG00000166685	hsa-miR-16-5p	MIMAT0000069	0.703592152845664
2608	ZNF101	ENSG00000181896	hsa-miR-122-5p	MIMAT0000421	0.703591215927301
2609	IKZF4	ENSG00000123411	hsa-miR-122-5p	MIMAT0000421	0.703426396864918
2610	CDH16	ENSG00000166589	hsa-miR-486-5p	MIMAT0002177	0.703407105018382
2611	AL358113.1	ENSG00000285130	hsa-miR-122-5p	MIMAT0000421	0.703311247576313
2612	TBCK	ENSG00000145348	hsa-miR-122-5p	MIMAT0000421	0.703250923422188
2613	SEC31B	ENSG00000075826	hsa-miR-16-5p	MIMAT0000069	0.703250711639129
2614	OAS1	ENSG00000089127	hsa-miR-16-5p	MIMAT0000069	0.703199287557155
2615	GAN	ENSG00000261609	hsa-miR-16-5p	MIMAT0000069	0.703104648814594
2616	RNF130	ENSG00000113269	hsa-miR-16-5p	MIMAT0000069	0.703098362024318
2617	EFTUD2	ENSG00000108883	hsa-miR-16-5p	MIMAT0000069	0.703036263362197
2618	CLMN	ENSG00000165959	hsa-miR-16-5p	MIMAT0000069	0.703021465995894
2619	NDUFV3	ENSG00000160194	hsa-miR-486-5p	MIMAT0002177	0.70299511230924
2620	KCNMA1	ENSG00000156113	hsa-miR-16-5p	MIMAT0000069	0.702954203583941
2621	KIAA1109	ENSG00000138688	hsa-miR-16-5p	MIMAT0000069	0.702944603165923
2622	DDX25	ENSG00000109832	hsa-miR-486-5p	MIMAT0002177	0.702862709241678
2623	AC012651.1	ENSG00000258461	hsa-miR-16-5p	MIMAT0000069	0.702779322604622
2624	CHEK2	ENSG00000183765	hsa-miR-16-5p	MIMAT0000069	0.702750083856378
2625	SLC25A35	ENSG00000125434	hsa-miR-16-5p	MIMAT0000069	0.702749729081433
2626	ANKRD22	ENSG00000152766	hsa-miR-486-5p	MIMAT0002177	0.702731556318551
2627	IGF1R	ENSG00000140443	hsa-miR-122-5p	MIMAT0000421	0.702615469844143
2628	AJAP1	ENSG00000196581	hsa-miR-16-5p	MIMAT0000069	0.702590895698266
2629	RGP1	ENSG00000107185	hsa-miR-16-5p	MIMAT0000069	0.702565239590255
2630	VANGL1	ENSG00000173218	hsa-miR-486-5p	MIMAT0002177	0.702443753129047
2631	LPP	ENSG00000145012	hsa-miR-16-5p	MIMAT0000069	0.702440832634871
2632	ZNF771	ENSG00000179965	hsa-miR-16-5p	MIMAT0000069	0.702361729265901
2633	PACRG	ENSG00000112530	hsa-miR-16-5p	MIMAT0000069	0.702316104523828
2634	NEB	ENSG00000183091	hsa-miR-486-5p	MIMAT0002177	0.702311110232065
2635	TMEM47	ENSG00000147027	hsa-miR-122-5p	MIMAT0000421	0.702283518019757
2636	SLC41A1	ENSG00000133065	hsa-miR-486-5p	MIMAT0002177	0.702277470693156
2637	ST8SIA1	ENSG00000111728	hsa-miR-122-5p	MIMAT0000421	0.702274161918163
2638	VPS39	ENSG00000166887	hsa-miR-122-5p	MIMAT0000421	0.702237092495402
2639	BACH2	ENSG00000112182	hsa-miR-122-5p	MIMAT0000421	0.702218738963746
2640	TPST2	ENSG00000128294	hsa-miR-122-5p	MIMAT0000421	0.702189525544608
2641	KDM6A	ENSG00000147050	hsa-miR-486-5p	MIMAT0002177	0.702158246506509
2642	SERF1B	ENSG00000205572	hsa-miR-122-5p	MIMAT0000421	0.702135302544452
2643	SLC35A4	ENSG00000176087	hsa-miR-486-5p	MIMAT0002177	0.702110455195505
2644	SERF1A	ENSG00000172058	hsa-miR-122-5p	MIMAT0000421	0.702092438005439
2645	AVEN	ENSG00000169857	hsa-miR-16-5p	MIMAT0000069	0.701897796697126
2646	SRI	ENSG00000075142	hsa-miR-122-5p	MIMAT0000421	0.701807507319164
2647	DACH1	ENSG00000276644	hsa-miR-16-5p	MIMAT0000069	0.701789887779142
2648	CTDSPL	ENSG00000144677	hsa-miR-122-5p	MIMAT0000421	0.701775289242582
2649	BTBD3	ENSG00000132640	hsa-miR-486-5p	MIMAT0002177	0.701639841897925
2650	RAD21	ENSG00000164754	hsa-miR-122-5p	MIMAT0000421	0.701605555555683
2651	SYT13	ENSG00000019505	hsa-miR-122-5p	MIMAT0000421	0.701593574803323
2652	SHC3	ENSG00000148082	hsa-miR-16-5p	MIMAT0000069	0.701485235696333
2653	DAZAP2	ENSG00000183283	hsa-miR-16-5p	MIMAT0000069	0.701466374966974
2654	ZNF652	ENSG00000198740	hsa-miR-16-5p	MIMAT0000069	0.701416387413398
2655	FO393400.1	ENSG00000285382	hsa-miR-16-5p	MIMAT0000069	0.70133821099949
2656	SELENOT	ENSG00000198843	hsa-miR-486-5p	MIMAT0002177	0.701288762007654
2657	USP49	ENSG00000164663	hsa-miR-16-5p	MIMAT0000069	0.701210433778819
2658	ABHD5	ENSG00000011198	hsa-miR-16-5p	MIMAT0000069	0.701160780473098
2659	CYB5RL	ENSG00000215883	hsa-miR-122-5p	MIMAT0000421	0.701146744648184
2660	PBOV1	ENSG00000254440	hsa-miR-122-5p	MIMAT0000421	0.70107649179566
2661	CHRNB2	ENSG00000160716	hsa-miR-486-5p	MIMAT0002177	0.701035795216904
2662	SLC7A5	ENSG00000103257	hsa-miR-122-5p	MIMAT0000421	0.701007268940675
2663	CYB5D1	ENSG00000182224	hsa-miR-16-5p	MIMAT0000069	0.701007201442362
2664	RANBP3	ENSG00000031823	hsa-miR-16-5p	MIMAT0000069	0.700929190917431
2665	SLC12A1	ENSG00000074803	hsa-miR-122-5p	MIMAT0000421	0.700733343891165
2666	ZWINT	ENSG00000122952	hsa-miR-486-5p	MIMAT0002177	0.70072974929706
2667	RAB43	ENSG00000172780	hsa-miR-122-5p	MIMAT0000421	0.700706734841026
2668	MAP3K7	ENSG00000135341	hsa-miR-16-5p	MIMAT0000069	0.700419821978308
2669	FMO2	ENSG00000094963	hsa-miR-486-5p	MIMAT0002177	0.700374476435982
2670	KCNJ11	ENSG00000187486	hsa-miR-16-5p	MIMAT0000069	0.700351309004623
2671	METTL17	ENSG00000165792	hsa-miR-122-5p	MIMAT0000421	0.700334732447395
2672	CHPT1	ENSG00000111666	hsa-miR-16-5p	MIMAT0000069	0.700174192710121
2673	SLC46A1	ENSG00000076351	hsa-miR-16-5p	MIMAT0000069	0.700173848130205
2674	RCC2	ENSG00000179051	hsa-miR-122-5p	MIMAT0000421	0.700171899792757
2675	BPHL	ENSG00000137274	hsa-miR-122-5p	MIMAT0000421	0.700122270814734
2676	KATNB1	ENSG00000140854	hsa-miR-16-5p	MIMAT0000069	0.700094878338529
