miRNA,Target / Target pathway,Support,Source,Experiment(s),Reference - PMID,,
hsa-miR-122-5p,TNRC6A,Functional MTI (Weak),MIRT074336,PAR-CLIP,23446348,,
hsa-miR-122-5p,VMA21,Functional MTI (Weak),MIRT109185,PAR-CLIP,21572407,,
hsa-miR-122-5p,VMA21,Functional MTI (Weak),MIRT109185,PAR-CLIP,20371350,,
hsa-miR-122-5p,MEF2D,Functional MTI,MIRT438005,Luciferase reporter assay,24390737,,
hsa-miR-122-5p,MEF2D,Functional MTI,MIRT438005,Luciferase reporter assay,27109478,,
hsa-miR-122-5p,NOD2,Functional MTI,MIRT438655,"Luciferase reporter assay, qRT-PCR, Western blot",23872065,,
hsa-miR-122-5p,EFTUD2,Functional MTI (Weak),MIRT453274,PAR-CLIP,23592263,,
hsa-miR-122-5p,OLR1,Functional MTI (Weak),MIRT451716,PAR-CLIP,23592263,,
hsa-miR-122-5p,OSBPL10,Functional MTI (Weak),MIRT454232,PAR-CLIP,23592263,,
hsa-miR-122-5p,OSBPL10,Functional MTI (Weak),MIRT454232,PAR-CLIP,24398324,,
hsa-miR-122-5p,OSBPL10,Functional MTI (Weak),MIRT454232,PAR-CLIP,23446348,,
hsa-miR-122-5p,OSBPL10,Functional MTI (Weak),MIRT454232,"PAR-CLIP, HITS-CLIP",21572407,,
hsa-miR-122-5p,OSBPL10,Functional MTI (Weak),MIRT454232,PAR-CLIP,20371350,,
hsa-miR-122-5p,OSBPL10,Functional MTI (Weak),MIRT454232,HITS-CLIP,23824327,,
hsa-miR-122-5p,OSBPL10,Functional MTI (Weak),MIRT454232,HITS-CLIP,23706177,,
hsa-miR-122-5p,OSBPL10,Functional MTI (Weak),MIRT454232,PAR-CLIP,26701625,,
hsa-miR-122-5p,OSBPL10,Functional MTI (Weak),MIRT454232,PAR-CLIP,27292025,,
hsa-miR-122-5p,ZSWIM1,Functional MTI (Weak),MIRT455826,PAR-CLIP,23592263,,
hsa-miR-122-5p,ZSWIM1,Functional MTI (Weak),MIRT455826,HITS-CLIP,27418678,,
hsa-miR-122-5p,PIGO,Functional MTI (Weak),MIRT459903,PAR-CLIP,23592263,,
hsa-miR-122-5p,PIGO,Functional MTI (Weak),MIRT459903,PAR-CLIP,24398324,,
hsa-miR-122-5p,PIGO,Functional MTI (Weak),MIRT459903,PAR-CLIP,23446348,,
hsa-miR-122-5p,PIGO,Functional MTI (Weak),MIRT459903,"PAR-CLIP, HITS-CLIP",21572407,,
hsa-miR-122-5p,PIGO,Functional MTI (Weak),MIRT459903,PAR-CLIP,20371350,,
hsa-miR-122-5p,PIGO,Functional MTI (Weak),MIRT459903,HITS-CLIP,23824327,,
hsa-miR-122-5p,PIGO,Functional MTI (Weak),MIRT459903,PAR-CLIP,27292025,,
hsa-miR-122-5p,WSB1,Functional MTI (Weak),MIRT463834,PAR-CLIP,23592263,,
hsa-miR-122-5p,RAD21,Functional MTI (Weak),MIRT469637,PAR-CLIP,23592263,,
hsa-miR-122-5p,REL,Functional MTI (Weak),MIRT469456,PAR-CLIP,23592263,,
hsa-miR-122-5p,REL,Functional MTI (Weak),MIRT469456,PAR-CLIP,23446348,,
hsa-miR-122-5p,REL,Functional MTI (Weak),MIRT469456,PAR-CLIP,21572407,,
hsa-miR-122-5p,RAD21,Functional MTI (Weak),MIRT469637,PAR-CLIP,23446348,,
hsa-miR-122-5p,RAD21,Functional MTI (Weak),MIRT469637,PAR-CLIP,20371350,,
hsa-miR-122-5p,MDM4,Functional MTI (Weak),MIRT473432,PAR-CLIP,23592263,,
hsa-miR-122-5p,MAFK,Functional MTI (Weak),MIRT473872,PAR-CLIP,23592263,,
hsa-miR-122-5p,MAFK,Functional MTI (Weak),MIRT473872,PAR-CLIP,24398324,,
hsa-miR-122-5p,MAFK,Functional MTI (Weak),MIRT473872,PAR-CLIP,20371350,,
hsa-miR-122-5p,MAFK,Functional MTI (Weak),MIRT473872,PAR-CLIP,26701625,,
hsa-miR-122-5p,FBXO21,Functional MTI (Weak),MIRT476893,PAR-CLIP,23592263,,
hsa-miR-122-5p,LRP3,Functional MTI (Weak),MIRT491164,PAR-CLIP,23592263,,
hsa-miR-122-5p,PRMT3,Functional MTI (Weak),MIRT497662,PAR-CLIP,22291592,,
hsa-miR-122-5p,ABCF2,Functional MTI (Weak),MIRT500014,PAR-CLIP,24398324,,
hsa-miR-122-5p,UTP4,Functional MTI (Weak),MIRT499759,PAR-CLIP,24398324,,
hsa-miR-122-5p,UTP4,Functional MTI (Weak),MIRT499759,PAR-CLIP,23446348,,
hsa-miR-122-5p,UTP4,Functional MTI (Weak),MIRT499759,PAR-CLIP,22012620,,
hsa-miR-122-5p,UTP4,Functional MTI (Weak),MIRT499759,"PAR-CLIP, HITS-CLIP",21572407,,
hsa-miR-122-5p,UTP4,Functional MTI (Weak),MIRT499759,PAR-CLIP,20371350,,
hsa-miR-122-5p,ABCF2,Functional MTI (Weak),MIRT500014,PAR-CLIP,23446348,,
hsa-miR-122-5p,ABCF2,Functional MTI (Weak),MIRT500014,"PAR-CLIP, HITS-CLIP",21572407,,
hsa-miR-122-5p,ABCF2,Functional MTI (Weak),MIRT500014,PAR-CLIP,20371350,,
hsa-miR-122-5p,ABCF2,Functional MTI (Weak),MIRT500014,PAR-CLIP,26701625,,
hsa-miR-122-5p,SLC7A5,Functional MTI (Weak),MIRT501090,PAR-CLIP,24398324,,
hsa-miR-122-5p,SLC7A5,Functional MTI (Weak),MIRT501090,PAR-CLIP,22012620,,
hsa-miR-122-5p,SLC7A5,Functional MTI (Weak),MIRT501090,PAR-CLIP,26701625,,
hsa-miR-122-5p,SLC2A3,Functional MTI (Weak),MIRT510320,PAR-CLIP,23446348,,
hsa-miR-122-5p,SLC2A3,Functional MTI (Weak),MIRT510320,PAR-CLIP,21572407,,
hsa-miR-122-5p,COPA,Functional MTI (Weak),MIRT516410,PAR-CLIP,23446348,,
hsa-miR-122-5p,NCAPD2,Functional MTI (Weak),MIRT517861,PAR-CLIP,23446348,,
hsa-miR-122-5p,NCAPD2,Functional MTI (Weak),MIRT517861,PAR-CLIP,21572407,,
hsa-miR-122-5p,FBXO27,Functional MTI (Weak),MIRT523764,PAR-CLIP,23446348,,
hsa-miR-122-5p,FBXO27,Functional MTI (Weak),MIRT523764,PAR-CLIP,22012620,,
hsa-miR-122-5p,BIRC5,Functional MTI (Weak),MIRT524753,PAR-CLIP,23446348,,
hsa-miR-122-5p,CDK19,Functional MTI (Weak),MIRT524517,PAR-CLIP,23446348,,
hsa-miR-122-5p,BIRC5,Functional MTI (Weak),MIRT524753,PAR-CLIP,21572407,,
hsa-miR-122-5p,BIRC5,Functional MTI (Weak),MIRT524753,PAR-CLIP,20371350,,
hsa-miR-122-5p,SLC4A1,Functional MTI (Weak),MIRT531913,PAR-CLIP,22012620,,
hsa-miR-122-5p,PATZ1,Functional MTI (Weak),MIRT532678,PAR-CLIP,22012620,,
hsa-miR-122-5p,YIPF4,Functional MTI (Weak),MIRT533115,PAR-CLIP,22012620,,
hsa-miR-122-5p,YIPF4,Functional MTI (Weak),MIRT533115,HITS-CLIP,23824327,,
hsa-miR-122-5p,HSPA4L,Functional MTI (Weak),MIRT536742,PAR-CLIP,22012620,,
hsa-miR-122-5p,GALNT3,Functional MTI (Weak),MIRT537237,PAR-CLIP,22012620,,
hsa-miR-122-5p,ABCF1,Functional MTI (Weak),MIRT539523,PAR-CLIP,22012620,,
hsa-miR-122-5p,ABCF1,Functional MTI (Weak),MIRT539523,HITS-CLIP,21572407,,
hsa-miR-122-5p,PKNOX1,Functional MTI (Weak),MIRT570046,PAR-CLIP,20371350,,
hsa-miR-122-5p,HM13,Functional MTI (Weak),MIRT571143,PAR-CLIP,20371350,,
hsa-miR-122-5p,ABL2,Functional MTI (Weak),MIRT607522,HITS-CLIP,24906430,,
hsa-miR-122-5p,PHLDA3,Functional MTI (Weak),MIRT607842,HITS-CLIP,24906430,,
hsa-miR-122-5p,CCS,Functional MTI (Weak),MIRT617444,HITS-CLIP,23824327,,
hsa-miR-122-5p,RABL3,Functional MTI (Weak),MIRT612620,HITS-CLIP,23824327,,
hsa-miR-122-5p,YME1L1,Functional MTI (Weak),MIRT620091,HITS-CLIP,23824327,,
hsa-miR-122-5p,TIAL1,Functional MTI (Weak),MIRT619247,HITS-CLIP,23824327,,
hsa-miR-122-5p,METTL27,Functional MTI (Weak),MIRT620570,HITS-CLIP,23824327,,
hsa-miR-122-5p,METTL27,Functional MTI (Weak),MIRT620570,HITS-CLIP,19536157,,
hsa-miR-122-5p,ORAI2,Functional MTI (Weak),MIRT622977,HITS-CLIP,23824327,,
hsa-miR-122-5p,ORAI2,Functional MTI (Weak),MIRT622977,PAR-CLIP,27292025,,
hsa-miR-122-5p,NAA50,Functional MTI (Weak),MIRT623169,HITS-CLIP,23824327,,
hsa-miR-122-5p,HS3ST1,Functional MTI (Weak),MIRT627140,HITS-CLIP,23824327,,
hsa-miR-122-5p,MKLN1,Functional MTI (Weak),MIRT626093,HITS-CLIP,23824327,,
hsa-miR-122-5p,CHDH,Functional MTI (Weak),MIRT626431,HITS-CLIP,23824327,,
hsa-miR-122-5p,THAP2,Functional MTI (Weak),MIRT627420,HITS-CLIP,23824327,,
hsa-miR-122-5p,CYB5D1,Functional MTI (Weak),MIRT628276,HITS-CLIP,23824327,,
hsa-miR-122-5p,UNC13A,Functional MTI (Weak),MIRT629286,HITS-CLIP,23824327,,
hsa-miR-122-5p,CINP,Functional MTI (Weak),MIRT629236,HITS-CLIP,23824327,,
hsa-miR-122-5p,NARS,Functional MTI (Weak),MIRT629984,HITS-CLIP,23824327,,
hsa-miR-122-5p,ZBTB8A,Functional MTI (Weak),MIRT630155,HITS-CLIP,23824327,,
hsa-miR-122-5p,ZBTB8A,Functional MTI (Weak),MIRT630155,HITS-CLIP,27418678,,
hsa-miR-122-5p,PSMB5,Functional MTI (Weak),MIRT630278,HITS-CLIP,23824327,,
hsa-miR-122-5p,PDP2,Functional MTI (Weak),MIRT632596,HITS-CLIP,23824327,,
hsa-miR-122-5p,PGBD5,Functional MTI (Weak),MIRT633536,HITS-CLIP,23824327,,
hsa-miR-122-5p,SLC1A5,Functional MTI (Weak),MIRT633286,HITS-CLIP,23824327,,
hsa-miR-122-5p,FMN1,Functional MTI (Weak),MIRT636516,HITS-CLIP,23824327,,
hsa-miR-122-5p,BMS1,Functional MTI (Weak),MIRT635322,HITS-CLIP,23824327,,
hsa-miR-122-5p,LRCH3,Functional MTI (Weak),MIRT636450,HITS-CLIP,23824327,,
hsa-miR-122-5p,BAMBI,Functional MTI (Weak),MIRT637134,HITS-CLIP,23824327,,
hsa-miR-122-5p,IBA57,Functional MTI (Weak),MIRT637287,HITS-CLIP,23824327,,
hsa-miR-122-5p,PLXDC2,Functional MTI (Weak),MIRT638449,HITS-CLIP,23824327,,
hsa-miR-122-5p,PLXDC2,Functional MTI (Weak),MIRT638449,PAR-CLIP,27292025,,
hsa-miR-122-5p,ENTPD1,Functional MTI (Weak),MIRT640871,HITS-CLIP,23824327,,
hsa-miR-122-5p,SLC35E2B,Functional MTI (Weak),MIRT645092,HITS-CLIP,23824327,,
hsa-miR-122-5p,FAM217B,Functional MTI (Weak),MIRT646508,HITS-CLIP,23824327,,
hsa-miR-122-5p,ADCY2,Functional MTI (Weak),MIRT647013,HITS-CLIP,23824327,,
hsa-miR-122-5p,FADS6,Functional MTI (Weak),MIRT648040,HITS-CLIP,23824327,,
hsa-miR-122-5p,TEP1,Functional MTI (Weak),MIRT649660,HITS-CLIP,23824327,,
hsa-miR-122-5p,PXMP4,Functional MTI (Weak),MIRT654577,HITS-CLIP,23824327,,
hsa-miR-122-5p,XIAP,Functional MTI (Weak),MIRT651465,HITS-CLIP,23824327,,
hsa-miR-122-5p,SLC25A33,Functional MTI (Weak),MIRT653691,HITS-CLIP,23824327,,
hsa-miR-122-5p,MAP4K2,Functional MTI (Weak),MIRT656470,HITS-CLIP,23824327,,
hsa-miR-122-5p,DPY19L4,Functional MTI (Weak),MIRT658905,HITS-CLIP,23824327,,
hsa-miR-122-5p,IYD,Functional MTI (Weak),MIRT663496,HITS-CLIP,23824327,,
hsa-miR-122-5p,CCR6,Functional MTI (Weak),MIRT663542,HITS-CLIP,23824327,,
hsa-miR-122-5p,MRI1,Functional MTI (Weak),MIRT663903,HITS-CLIP,23824327,,
hsa-miR-122-5p,ESF1,Functional MTI (Weak),MIRT665199,HITS-CLIP,23824327,,
hsa-miR-122-5p,ZYG11B,Functional MTI (Weak),MIRT664468,HITS-CLIP,23824327,,
hsa-miR-122-5p,ZYG11B,Functional MTI (Weak),MIRT664468,PAR-CLIP,27292025,,
hsa-miR-122-5p,PTCD3,Functional MTI (Weak),MIRT664957,HITS-CLIP,23824327,,
hsa-miR-122-5p,TDRD1,Functional MTI (Weak),MIRT664970,HITS-CLIP,23824327,,
hsa-miR-122-5p,XKR4,Functional MTI (Weak),MIRT665359,HITS-CLIP,23824327,,
hsa-miR-122-5p,VPS53,Functional MTI (Weak),MIRT665486,HITS-CLIP,23824327,,
hsa-miR-122-5p,SBNO1,Functional MTI (Weak),MIRT666486,HITS-CLIP,23824327,,
hsa-miR-122-5p,RBM23,Functional MTI (Weak),MIRT666696,HITS-CLIP,23824327,,
hsa-miR-122-5p,RBL1,Functional MTI (Weak),MIRT666712,HITS-CLIP,23824327,,
hsa-miR-122-5p,RAB10,Functional MTI (Weak),MIRT666762,HITS-CLIP,23824327,,
hsa-miR-122-5p,MAPK1,Functional MTI (Weak),MIRT667474,HITS-CLIP,23824327,,
hsa-miR-122-5p,NFE2L1,Functional MTI (Weak),MIRT667226,HITS-CLIP,23824327,,
hsa-miR-122-5p,NFE2L1,Functional MTI (Weak),MIRT667226,PAR-CLIP,26701625,,
hsa-miR-122-5p,GK5,Functional MTI (Weak),MIRT668119,HITS-CLIP,23824327,,
hsa-miR-122-5p,ESYT2,Functional MTI (Weak),MIRT668509,HITS-CLIP,23824327,,
hsa-miR-122-5p,NCBP3,Functional MTI (Weak),MIRT669291,HITS-CLIP,23824327,,
hsa-miR-122-5p,CNDP1,Functional MTI (Weak),MIRT669778,HITS-CLIP,23824327,,
hsa-miR-122-5p,TECPR1,Functional MTI (Weak),MIRT670017,HITS-CLIP,23824327,,
hsa-miR-122-5p,SMG1,Functional MTI (Weak),MIRT671351,HITS-CLIP,23824327,,
hsa-miR-122-5p,SLC38A9,Functional MTI (Weak),MIRT671492,HITS-CLIP,23824327,,
hsa-miR-122-5p,F2,Functional MTI (Weak),MIRT672196,HITS-CLIP,23824327,,
hsa-miR-122-5p,LIMS1,Functional MTI (Weak),MIRT671554,HITS-CLIP,23824327,,
hsa-miR-122-5p,DCAF7,Functional MTI (Weak),MIRT672217,HITS-CLIP,23824327,,
hsa-miR-122-5p,SIK2,Functional MTI (Weak),MIRT672252,HITS-CLIP,23824327,,
hsa-miR-122-5p,POLR2D,Functional MTI (Weak),MIRT672430,HITS-CLIP,23824327,,
hsa-miR-122-5p,KIF1C,Functional MTI (Weak),MIRT673586,HITS-CLIP,23824327,,
hsa-miR-122-5p,KCMF1,Functional MTI (Weak),MIRT674338,HITS-CLIP,23824327,,
hsa-miR-122-5p,SNTB2,Functional MTI (Weak),MIRT675100,HITS-CLIP,23824327,,
hsa-miR-122-5p,WWC1,Functional MTI (Weak),MIRT675577,HITS-CLIP,23824327,,
hsa-miR-122-5p,TMEM250,Functional MTI (Weak),MIRT676025,HITS-CLIP,23824327,,
hsa-miR-122-5p,VSIG1,Functional MTI (Weak),MIRT676560,HITS-CLIP,23824327,,
hsa-miR-122-5p,TMEM168,Functional MTI (Weak),MIRT678576,HITS-CLIP,23824327,,
hsa-miR-122-5p,ZNF281,Functional MTI (Weak),MIRT680344,HITS-CLIP,23824327,,
hsa-miR-122-5p,ZNF281,Functional MTI (Weak),MIRT680344,HITS-CLIP,27418678,,
hsa-miR-122-5p,NASP,Functional MTI (Weak),MIRT687526,HITS-CLIP,23313552,,
hsa-miR-122-5p,BCL2L15,Functional MTI (Weak),MIRT691760,HITS-CLIP,23313552,,
hsa-miR-122-5p,PTPDC1,Functional MTI (Weak),MIRT700536,HITS-CLIP,23313552,,
hsa-miR-122-5p,MRPS25,Functional MTI (Weak),MIRT701807,HITS-CLIP,23313552,,
hsa-miR-122-5p,RNF216,Functional MTI (Weak),MIRT706659,HITS-CLIP,21572407,,
hsa-miR-122-5p,ANKRD36,Functional MTI (Weak),MIRT706777,HITS-CLIP,21572407,,
hsa-miR-122-5p,THAP6,Functional MTI (Weak),MIRT706916,HITS-CLIP,21572407,,
hsa-miR-122-5p,RRP36,Functional MTI (Weak),MIRT707015,HITS-CLIP,21572407,,
hsa-miR-122-5p,LPIN1,Functional MTI,MIRT732617,"Luciferase reporter assay, qRT-PCR, Western blot",28287811,,
hsa-miR-122-5p,PEG10,Functional MTI,MIRT733884,Luciferase reporter assay,27370270,,
hsa-miR-122-5p,PDK4,Functional MTI,MIRT735022,"Luciferase reporter assay, qRT-PCR, Western blot",26506419,,
hsa-miR-122-5p,EGFR,Functional MTI,MIRT735379,"Luciferase reporter assay, qRT-PCR, Western blot",28641303,,
hsa-miR-122-5p,SPRY2,Functional MTI,MIRT733104,"Luciferase reporter assay, Microarray, qRT-PCR, Western blot",27943426,,
hsa-miR-122-5p,ARL2,Functional MTI (Weak),MIRT736105,PAR-CLIP,26701625,,
hsa-miR-122-5p,IST1,Functional MTI (Weak),MIRT736108,PAR-CLIP,26701625,,
hsa-miR-122-5p,KIAA0100,Functional MTI (Weak),MIRT736110,PAR-CLIP,26701625,,
hsa-miR-122-5p,MLF2,Functional MTI (Weak),MIRT736112,PAR-CLIP,26701625,,
hsa-miR-122-5p,MLF2,Functional MTI (Weak),MIRT736112,PAR-CLIP,27292025,,
hsa-miR-122-5p,NIPA2,Functional MTI (Weak),MIRT736114,PAR-CLIP,26701625,,
hsa-miR-122-5p,AGO3,Functional MTI (Weak),MIRT761308,PAR-CLIP,27292025,,
hsa-miR-122-5p,AK3,Functional MTI (Weak),MIRT761309,PAR-CLIP,27292025,,
hsa-miR-122-5p,DOCK11,Functional MTI (Weak),MIRT761319,PAR-CLIP,27292025,,
hsa-miR-122-5p,EEF2K,Functional MTI (Weak),MIRT761321,PAR-CLIP,27292025,,
hsa-miR-122-5p,GPR161,Functional MTI (Weak),MIRT761327,PAR-CLIP,27292025,,
hsa-miR-122-5p,GPSM2,Functional MTI (Weak),MIRT761329,PAR-CLIP,27292025,,
hsa-miR-122-5p,HEATR5A,Functional MTI (Weak),MIRT761331,PAR-CLIP,27292025,,
hsa-miR-122-5p,MLXIP,Functional MTI (Weak),MIRT761339,PAR-CLIP,27292025,,
hsa-miR-122-5p,MRPS23,Functional MTI (Weak),MIRT761343,PAR-CLIP,27292025,,
hsa-miR-122-5p,NUDT3,Functional MTI (Weak),MIRT761346,PAR-CLIP,27292025,,
hsa-miR-122-5p,PRPF38A,Functional MTI (Weak),MIRT761349,PAR-CLIP,27292025,,
hsa-miR-122-5p,RACGAP1,Functional MTI (Weak),MIRT761351,PAR-CLIP,27292025,,
hsa-miR-122-5p,SLC10A3,Functional MTI (Weak),MIRT761354,PAR-CLIP,27292025,,
hsa-miR-122-5p,VDR,Functional MTI (Weak),MIRT761360,PAR-CLIP,27292025,,
hsa-miR-122-5p,ZNF106,Functional MTI (Weak),MIRT761362,PAR-CLIP,27292025,,
hsa-miR-122-5p,GFPT1,Functional MTI (Weak),MIRT783149,HITS-CLIP,27418678,,
hsa-miR-122-5p,ISPD,Functional MTI (Weak),MIRT783151,HITS-CLIP,27418678,,
hsa-miR-122-5p,LUC7L,Functional MTI (Weak),MIRT783153,HITS-CLIP,27418678,,
hsa-miR-122-5p,MAGT1,Functional MTI (Weak),MIRT783154,HITS-CLIP,27418678,,
hsa-miR-122-5p,TTLL12,Functional MTI (Weak),MIRT783160,HITS-CLIP,27418678,,
hsa-miR-122-5p,ZC3H15,Functional MTI (Weak),MIRT783162,HITS-CLIP,27418678,,
hsa-miR-122-5p,IGF1R,Functional MTI,MIRT000364,Reporter assay;qRT-PCR,20884628,,
hsa-miR-122-5p,SRF,Functional MTI,MIRT000365,"Luciferase reporter assay, qRT-PCR, Western blot",19726678,,
hsa-miR-122-5p,IGF1R,Functional MTI,MIRT000364,"Luciferase reporter assay, qRT-PCR, Western blot",19726678,,
hsa-miR-122-5p,IGF1R,Functional MTI,MIRT000364,"Luciferase reporter assay, qRT-PCR, Western blot",23056576,,
hsa-miR-122-5p,RHOA,Functional MTI,MIRT000717,Luciferase reporter assay,19617899,,
hsa-miR-122-5p,RHOA,Functional MTI,MIRT000717,"Luciferase reporter assay,",19935707,,
hsa-miR-122-5p,ANK2,Functional MTI,MIRT003081,"Luciferase reporter assay, qRT-PCR",19296470,,
hsa-miR-122-5p,ENTPD4,Functional MTI,MIRT003083,"Luciferase reporter assay, qRT-PCR",19296470,,
hsa-miR-122-5p,ANXA11,Functional MTI,MIRT003084,"Luciferase reporter assay, qRT-PCR, Microarray",19296470,,
hsa-miR-122-5p,RAB6B,Functional MTI,MIRT003086,"Luciferase reporter assay, qRT-PCR",19296470,,
hsa-miR-122-5p,RAB11FIP1,Functional MTI,MIRT003087,"Luciferase reporter assay, qRT-PCR",19296470,,
hsa-miR-122-5p,RAB11FIP1,Functional MTI (Weak),MIRT003087,HITS-CLIP,23824327,,
hsa-miR-122-5p,FOXP1,Functional MTI,MIRT003088,"Luciferase reporter assay, qRT-PCR",19296470,,
hsa-miR-122-5p,MECP2,Functional MTI,MIRT003089,"Luciferase reporter assay, qRT-PCR",19296470,,
hsa-miR-122-5p,NCAM1,Functional MTI,MIRT003090,"Luciferase reporter assay, qRT-PCR",19296470,,
hsa-miR-122-5p,NCAM1,Functional MTI (Weak),MIRT003090,Microarray,17179747,,
hsa-miR-122-5p,NCAM1,Functional MTI (Weak),MIRT003090,Microarray,17612493,,
hsa-miR-122-5p,AKT3,Functional MTI,MIRT003099,"Luciferase reporter assay, qRT-PCR",19296470,,
hsa-miR-122-5p,AKT3,Functional MTI,MIRT003099,"Immunoblot, Luciferase reporter assay, qRT-PCR",24244539,,
hsa-miR-122-5p,SLC7A1,Functional MTI,MIRT003105,"Luciferase reporter assay, Western blot, Reporter assay;Other",17179747,,
hsa-miR-122-5p,SLC7A1,Functional MTI,MIRT003105,"Luciferase reporter assay, qRT-PCR",19296470,,
hsa-miR-122-5p,SLC7A1,Functional MTI (Weak),MIRT003105,Northern blot,18073344,,
hsa-miR-122-5p,SLC7A1,Functional MTI,MIRT003105,Luciferase reporter assay,16777601,,
hsa-miR-122-5p,XPO6,Functional MTI,MIRT003106,"Luciferase reporter assay, qRT-PCR",19296470,,
hsa-miR-122-5p,FOXJ3,Functional MTI,MIRT003107,"Luciferase reporter assay, qRT-PCR",19296470,,
hsa-miR-122-5p,EGLN3,Functional MTI,MIRT003110,"Luciferase reporter assay, qRT-PCR",19296470,,
hsa-miR-122-5p,FAM117B,Functional MTI,MIRT003728,"Luciferase reporter assay, qRT-PCR",19296470,,
hsa-miR-122-5p,BCL2L2,Functional MTI,MIRT004364,"Luciferase reporter assay, qRT-PCR, Western blot, Reporter assay;Western blot;Other",18692484,,
hsa-miR-122-5p,BCL2L2,Functional MTI (Weak),MIRT004364,qRT-PCR,24121065,,
hsa-miR-122-5p,BCL2L2,Functional MTI,MIRT004364,"Immunohistochemistry, Luciferase reporter assay, Microarray, qRT-PCR, Western blot",27415790,,
hsa-miR-122-5p,ADAM10,Functional MTI,MIRT004879,"Luciferase reporter assay, qRT-PCR, Western blot",19726678,,
hsa-miR-122-5p,ADAM10,Functional MTI,MIRT004879,"Immunohistochemistry, Luciferase reporter assay, qRT-PCR",25318895,,
hsa-miR-122-5p,PRKRA,Functional MTI,MIRT006123,"Luciferase reporter assay, Microarray, qRT-PCR, Western blot",21937511,,
hsa-miR-122-5p,NT5C3A,Functional MTI,MIRT007081,Luciferase reporter assay,23055569,,
hsa-miR-122-5p,PTPN1,Functional MTI,MIRT007007,Luciferase reporter assay,22807119,,
hsa-miR-122-5p,SLC19A2,Functional MTI (Weak),MIRT023284,Microarray,17612493,,
hsa-miR-122-5p,RAI14,Functional MTI (Weak),MIRT023221,Microarray,20633528,,
hsa-miR-122-5p,STARD13,Functional MTI (Weak),MIRT023222,Microarray,17612493,,
hsa-miR-122-5p,CNN3,Functional MTI (Weak),MIRT023223,Proteomics,21750653,,
hsa-miR-122-5p,A2M,Functional MTI (Weak),MIRT023224,Microarray,17612493,,
hsa-miR-122-5p,CALR,Functional MTI (Weak),MIRT023227,Proteomics,21750653,,
hsa-miR-122-5p,POFUT1,Functional MTI (Weak),MIRT023228,Microarray,17612493,,
hsa-miR-122-5p,CDC42EP3,Functional MTI (Weak),MIRT023231,Microarray,17612493,,
hsa-miR-122-5p,CS,Functional MTI (Weak),MIRT023232,PAR-CLIP,23592263,,
hsa-miR-122-5p,RNF170,Functional MTI (Weak),MIRT023233,Microarray,17612493,,
hsa-miR-122-5p,RNF170,Functional MTI (Weak),MIRT023233,HITS-CLIP,23824327,,
hsa-miR-122-5p,ATP13A3,Functional MTI (Weak),MIRT023239,Microarray,17612493,,
hsa-miR-122-5p,CPNE5,Functional MTI (Weak),MIRT023240,Microarray,17612493,,
hsa-miR-122-5p,KATNAL1,Functional MTI (Weak),MIRT023241,Microarray,17612493,,
hsa-miR-122-5p,TBL1XR1,Functional MTI (Weak),MIRT023246,Microarray,17612493,,
hsa-miR-122-5p,AKAP11,Functional MTI (Weak),MIRT023248,Microarray,17612493,,
hsa-miR-122-5p,POMGNT2,Functional MTI (Weak),MIRT023252,Microarray,17612493,,
hsa-miR-122-5p,SLC44A1,Functional MTI (Weak),MIRT023254,Microarray,17612493,,
hsa-miR-122-5p,CLSPN,Functional MTI (Weak),MIRT023255,Microarray,17612493,,
hsa-miR-122-5p,NCDN,Functional MTI (Weak),MIRT023258,Microarray,17612493,,
hsa-miR-122-5p,ZBTB4,Functional MTI (Weak),MIRT023262,Microarray,17612493,,
hsa-miR-122-5p,LUZP1,Functional MTI (Weak),MIRT023263,Microarray,17612493,,
hsa-miR-122-5p,PRR11,Functional MTI (Weak),MIRT023265,Microarray,17612493,,
hsa-miR-122-5p,HHAT,Functional MTI (Weak),MIRT023266,Microarray,17612493,,
hsa-miR-122-5p,DENND2C,Functional MTI (Weak),MIRT023271,Microarray,17612493,,
hsa-miR-122-5p,HMOX1,Functional MTI,MIRT023272,Western blot;qRT-PCR,20633528,,
hsa-miR-122-5p,HMOX1,Functional MTI (Weak),MIRT023272,Microarray,17612493,,
hsa-miR-122-5p,ANKRD9,Functional MTI (Weak),MIRT023278,HITS-CLIP,23824327,,
hsa-miR-122-5p,B4GALT1,Functional MTI (Weak),MIRT023282,Microarray,17612493,,
hsa-miR-122-5p,DYNC1H1,Functional MTI (Weak),MIRT023355,Microarray,17612493,,
hsa-miR-122-5p,GNL3L,Functional MTI (Weak),MIRT023356,Microarray,17612493,,
hsa-miR-122-5p,EYA4,Functional MTI (Weak),MIRT023358,Microarray,17612493,,
hsa-miR-122-5p,EP400,Functional MTI (Weak),MIRT023367,Microarray,17612493,,
hsa-miR-122-5p,TRAM2,Functional MTI (Weak),MIRT023369,Microarray,17612493,,
hsa-miR-122-5p,ZCCHC2,Functional MTI (Weak),MIRT023376,Microarray,17612493,,
hsa-miR-122-5p,DCTN5,Functional MTI (Weak),MIRT023378,Microarray,17612493,,
hsa-miR-122-5p,CHST3,Functional MTI (Weak),MIRT023379,Microarray,17612493,,
hsa-miR-122-5p,HECW2,Functional MTI (Weak),MIRT023380,Microarray,17612493,,
hsa-miR-122-5p,POMZP3,Functional MTI (Weak),MIRT023382,Microarray,17612493,,
hsa-miR-122-5p,ATP7A,Functional MTI (Weak),MIRT023385,Microarray,17612493,,
hsa-miR-122-5p,PMP22,Functional MTI (Weak),MIRT023386,Microarray,17612493,,
hsa-miR-122-5p,TOB2,Functional MTI (Weak),MIRT023391,Microarray,17612493,,
hsa-miR-122-5p,TOB2,Functional MTI (Weak),MIRT023391,PAR-CLIP,23592263,,
hsa-miR-122-5p,TOB2,Functional MTI (Weak),MIRT023391,PAR-CLIP,20371350,,
hsa-miR-122-5p,LRP11,Functional MTI (Weak),MIRT023392,Microarray,17612493,,
hsa-miR-122-5p,MPV17,Functional MTI (Weak),MIRT023393,Microarray,17612493,,
hsa-miR-122-5p,TRIM29,Functional MTI (Weak),MIRT023394,Microarray,17612493,,
hsa-miR-122-5p,PKM,Functional MTI (Weak),MIRT023396,Microarray,17612493,,
hsa-miR-122-5p,PKM,Functional MTI,MIRT023396,"Luciferase reporter assay, qRT-PCR, Western blot",24466275,,
hsa-miR-122-5p,PKM,Functional MTI (Weak),MIRT023396,PAR-CLIP,23592263,,
hsa-miR-122-5p,ST6GALNAC4,Functional MTI (Weak),MIRT023399,Microarray,17612493,,
hsa-miR-122-5p,SMURF2,Functional MTI (Weak),MIRT023400,Microarray,17612493,,
hsa-miR-122-5p,CDK4,Functional MTI,MIRT023403,Reporter assay,21750653,,
hsa-miR-122-5p,CDK4,Functional MTI (Weak),MIRT023403,HITS-CLIP,23824327,,
hsa-miR-122-5p,CENPF,Functional MTI (Weak),MIRT023287,Proteomics,21750653,,
hsa-miR-122-5p,SPAG9,Functional MTI (Weak),MIRT023290,Microarray,17612493,,
hsa-miR-122-5p,SLC11A2,Functional MTI (Weak),MIRT023294,Microarray,17612493,,
hsa-miR-122-5p,STAU2,Functional MTI (Weak),MIRT023297,Microarray,17612493,,
hsa-miR-122-5p,SPTLC1,Functional MTI (Weak),MIRT023301,Microarray,17612493,,
hsa-miR-122-5p,UBE2K,Functional MTI (Weak),MIRT023304,Proteomics,21750653,,
hsa-miR-122-5p,PPP1R9B,Functional MTI (Weak),MIRT023305,Microarray,17612493,,
hsa-miR-122-5p,NMNAT2,Functional MTI (Weak),MIRT023309,Microarray,17612493,,
hsa-miR-122-5p,SCN4B,Functional MTI (Weak),MIRT023310,Microarray,17612493,,
hsa-miR-122-5p,PAK1,Functional MTI (Weak),MIRT023312,Microarray,17612493,,
hsa-miR-122-5p,DNAJB1,Functional MTI (Weak),MIRT023313,Microarray,17612493,,
hsa-miR-122-5p,PHKA1,Functional MTI (Weak),MIRT023317,Microarray,17612493,,
hsa-miR-122-5p,RBBP5,Functional MTI (Weak),MIRT023318,Microarray,17612493,,
hsa-miR-122-5p,SUCLA2,Functional MTI (Weak),MIRT023320,Microarray,17612493,,
hsa-miR-122-5p,MTPN,Functional MTI (Weak),MIRT023322,Microarray,17612493,,
hsa-miR-122-5p,MOB3B,Functional MTI (Weak),MIRT023324,Microarray,17612493,,
hsa-miR-122-5p,MAPRE1,Functional MTI (Weak),MIRT023330,Microarray,17612493,,
hsa-miR-122-5p,TBC1D22B,Functional MTI (Weak),MIRT023331,Microarray,17612493,,
hsa-miR-122-5p,SLC9A1,Functional MTI (Weak),MIRT023332,Microarray,17612493,,
hsa-miR-122-5p,SLC9A1,Functional MTI (Weak),MIRT023332,PAR-CLIP,23592263,,
hsa-miR-122-5p,NPEPPS,Functional MTI (Weak),MIRT023333,Microarray,17612493,,
hsa-miR-122-5p,CALU,Functional MTI (Weak),MIRT023336,Proteomics,21750653,,
hsa-miR-122-5p,BRI3BP,Functional MTI (Weak),MIRT023337,Microarray,17612493,,
hsa-miR-122-5p,PSPH,Functional MTI (Weak),MIRT023338,Proteomics,21750653,,
hsa-miR-122-5p,LCA5,Functional MTI (Weak),MIRT023341,Microarray,17612493,,
hsa-miR-122-5p,NALCN,Functional MTI (Weak),MIRT023347,Microarray,17612493,,
hsa-miR-122-5p,PLAGL2,Functional MTI (Weak),MIRT023348,Microarray,17612493,,
hsa-miR-122-5p,IDS,Functional MTI (Weak),MIRT023349,Microarray,17612493,,
hsa-miR-122-5p,IDS,Functional MTI (Weak),MIRT023349,HITS-CLIP,24906430,,
hsa-miR-122-5p,AKAP10,V,TargetScan,N/A,N/A,,
hsa-miR-122-5p,CBL,V,TargetScan,N/A,N/A,,
hsa-miR-122-5p,DR1,V,TargetScan,N/A,N/A,,
hsa-miR-122-5p,GIT1,V,TargetScan,N/A,N/A,,
hsa-miR-122-5p,SATB1,V,TargetScan,N/A,N/A,,
hsa-miR-122-5p,SMARCD1,V,TargetScan,N/A,N/A,,
hsa-miR-122-5p,ANKIB1,V,TargetScan,N/A,N/A,,
hsa-miR-122-5p,BACH2,V,TargetScan,N/A,N/A,,
hsa-miR-122-5p,RASSF5,V,TargetScan,N/A,N/A,,
hsa-miR-122-5p,SLC12A6,V,TargetScan,N/A,N/A,,
hsa-miR-122-5p,FGF1,V,TargetScan,N/A,N/A,,
hsa-miR-122-5p,KDM2A,V,TargetScan,N/A,N/A,,
hsa-miR-122-5p,MLLT1,V,TargetScan,N/A,N/A,,
hsa-miR-122-5p,SUSD6,V,TargetScan,N/A,N/A,,
hsa-miR-122-5p,POLR3D,V,TargetScan,N/A,N/A,,
hsa-miR-122-5p,PKM,V,TargetScan,N/A,N/A,,
hsa-miR-122-5p,TBC1D22B,V,TargetScan,N/A,N/A,,
hsa-miR-122-5p,LAMC1,V,TargetScan,N/A,N/A,,
hsa-miR-122-5p,NSD3,V,TargetScan,N/A,N/A,,
hsa-miR-122-5p,FOXP1,V,TargetScan,N/A,N/A,,
hsa-miR-122-5p,SOX6,V,TargetScan,N/A,N/A,,
hsa-miR-122-5p,CADM2,V,TargetScan,N/A,N/A,,
hsa-miR-122-5p,LUZP1,V,TargetScan,N/A,N/A,,
hsa-miR-122-5p,TP53,V,TargetScan,N/A,N/A,,
hsa-miR-122-5p,GATAD2B,V,TargetScan,N/A,N/A,,
hsa-miR-122-5p,BRWD1,V,TargetScan,N/A,N/A,,
hsa-miR-122-5p,NHSL2,V,TargetScan,N/A,N/A,,
hsa-miR-122-5p,MBNL1,V,TargetScan,N/A,N/A,,
hsa-miR-122-5p,BHLHE41,V,TargetScan,N/A,N/A,,
hsa-miR-122-5p,RAP1GAP2,V,TargetScan,N/A,N/A,,
hsa-miR-122-5p,PAK3,V,TargetScan,N/A,N/A,,
hsa-miR-122-5p,MRRF,V,TargetScan,N/A,N/A,,
hsa-miR-122-5p,ERBB4,V,TargetScan,N/A,N/A,,
hsa-miR-122-5p,XIAP,V,TargetScan,N/A,N/A,,
hsa-miR-122-5p,WDR55,V,TargetScan,N/A,N/A,,
hsa-miR-122-5p,CCDC6,V,TargetScan,N/A,N/A,,
hsa-miR-122-5p,SLC29A4,V,TargetScan,N/A,N/A,,
hsa-miR-122-5p,MRPL3,V,TargetScan,N/A,N/A,,
hsa-miR-122-5p,C18orf32,V,TargetScan,N/A,N/A,,
hsa-miR-122-5p,DICER1,V,TargetScan,N/A,N/A,,
hsa-miR-122-5p,STRN,V,TargetScan,N/A,N/A,,
hsa-miR-122-5p,MEF2D,V,TargetScan,N/A,N/A,,
hsa-miR-122-5p,PXMP4,V,TargetScan,N/A,N/A,,
hsa-miR-122-5p,HPGD,V,microrna.org,N/A,N/A,,
hsa-miR-122-5p,ADGRE4P,V,microrna.org,N/A,N/A,,
hsa-miR-122-5p,GPD2,V,microrna.org,N/A,N/A,,
hsa-miR-122-5p,GALNT3,V,microrna.org,N/A,N/A,,
hsa-miR-122-5p,TFAP2A,V,microrna.org,N/A,N/A,,
hsa-miR-122-5p,YWHAQ,V,microrna.org,N/A,N/A,,
hsa-miR-122-5p,STAU1,V,microrna.org,N/A,N/A,,
hsa-miR-122-5p,TMED8,V,microrna.org,N/A,N/A,,
hsa-miR-122-5p,SHPRH,V,microrna.org,N/A,N/A,,
hsa-miR-122-5p,CPEB1,V,microrna.org,N/A,N/A,,
hsa-miR-122-5p,PRKRA,V,microrna.org,N/A,N/A,,
hsa-miR-122-5p,GRPR,V,microrna.org,N/A,N/A,,
hsa-miR-122-5p,MYB,V,microrna.org,N/A,N/A,,
hsa-miR-122-5p,SUCLA2,V,microrna.org,N/A,N/A,,
hsa-miR-122-5p,GPATCH2L,V,microrna.org,N/A,N/A,,
hsa-miR-122-5p,SLC6A11,V,microrna.org,N/A,N/A,,
hsa-miR-122-5p,IFT43,V,microrna.org,N/A,N/A,,
hsa-miR-122-5p,B3GALNT1,V,microrna.org,N/A,N/A,,
hsa-miR-122-5p,USP8,V,microrna.org,N/A,N/A,,
hsa-miR-122-5p,LRP11,V,microrna.org,N/A,N/A,,
hsa-miR-122-5p,MAP3K12,V,microrna.org,N/A,N/A,,
hsa-miR-122-5p,RNF32,V,microrna.org,N/A,N/A,,
hsa-miR-122-5p,AP1AR,V,microrna.org,N/A,N/A,,
hsa-miR-122-5p,SIRT1,V,microrna.org,N/A,N/A,,
hsa-miR-122-5p,MECOM,V,microrna.org,N/A,N/A,,
hsa-miR-122-5p,PCDHAC1,V,microrna.org,N/A,N/A,,
hsa-miR-122-5p,MAP3K20,V,microrna.org,N/A,N/A,,
hsa-miR-122-5p,RNMT,V,microrna.org,N/A,N/A,,
hsa-miR-122-5p,GPLD1,V,microrna.org,N/A,N/A,,
hsa-miR-122-5p,VIM,V,microrna.org,N/A,N/A,,
hsa-miR-122-5p,PDK4,V,microrna.org,N/A,N/A,,
hsa-miR-122-5p,CTTNBP2NL,V,microrna.org,N/A,N/A,,
hsa-miR-122-5p,AKT3,V,microrna.org,N/A,N/A,,
hsa-miR-122-5p,ANKIB1,V,microrna.org,N/A,N/A,,
hsa-miR-122-5p,CANX,V,microrna.org,N/A,N/A,,
hsa-miR-122-5p,STK39,V,microrna.org,N/A,N/A,,
hsa-miR-122-5p,BICD1,V,microrna.org,N/A,N/A,,
hsa-miR-122-5p,DLD,V,microrna.org,N/A,N/A,,
hsa-miR-122-5p,FTLP10,V,microrna.org,N/A,N/A,,
hsa-miR-122-5p,HHIP,V,microrna.org,N/A,N/A,,
hsa-miR-122-5p,TBC1D10B,V,microrna.org,N/A,N/A,,
hsa-miR-122-5p,RIMS1,V,microrna.org,N/A,N/A,,
hsa-miR-122-5p,MSL3,V,microrna.org,N/A,N/A,,
hsa-miR-122-5p,TMEM216,V,microrna.org,N/A,N/A,,
hsa-miR-122-5p,KCNK2,V,microrna.org,N/A,N/A,,
hsa-miR-122-5p,UGT8,V,microrna.org,N/A,N/A,,
hsa-miR-122-5p,GTF3C2,V,microrna.org,N/A,N/A,,
hsa-miR-122-5p,PSPH,V,microrna.org,N/A,N/A,,
hsa-miR-122-5p,UNC80,V,microrna.org,N/A,N/A,,
hsa-miR-122-5p,ATRX,V,microrna.org,N/A,N/A,,
hsa-miR-122-5p,PAPOLA,V,microrna.org,N/A,N/A,,
hsa-miR-122-5p,NOL4,V,microrna.org,N/A,N/A,,
hsa-miR-122-5p,KANK1,V,microrna.org,N/A,N/A,,
hsa-miR-122-5p,DDX20,V,microrna.org,N/A,N/A,,
hsa-miR-122-5p,NPEPPS,V,microrna.org,N/A,N/A,,
hsa-miR-122-5p,FADS1,V,microrna.org,N/A,N/A,,
hsa-miR-122-5p,NPAS3,V,microrna.org,N/A,N/A,,
hsa-miR-122-5p,CTNND2,V,microrna.org,N/A,N/A,,
hsa-miR-122-5p,PHF20L1,V,microrna.org,N/A,N/A,,
hsa-miR-122-5p,EPGN,V,microrna.org,N/A,N/A,,
hsa-miR-122-5p,JADE2,V,microrna.org,N/A,N/A,,
hsa-miR-122-5p,DIXDC1,V,microrna.org,N/A,N/A,,
hsa-miR-122-5p,ATF7IP2,V,microrna.org,N/A,N/A,,
hsa-miR-122-5p,DOPEY2,V,microrna.org,N/A,N/A,,
hsa-miR-122-5p,LUC7L,V,microrna.org,N/A,N/A,,
hsa-miR-122-5p,H2AFZ,V,microrna.org,N/A,N/A,,
hsa-miR-122-5p,NTRK2,V,microrna.org,N/A,N/A,,
hsa-miR-122-5p,FAHD1,V,microrna.org,N/A,N/A,,
hsa-miR-122-5p,DMD,V,microrna.org,N/A,N/A,,
hsa-miR-122-5p,TMTC2,V,microrna.org,N/A,N/A,,
hsa-miR-122-5p,RHOT1,V,microrna.org,N/A,N/A,,
hsa-miR-122-5p,MIPOL1,V,microrna.org,N/A,N/A,,
hsa-miR-122-5p,RELL1,V,microrna.org,N/A,N/A,,
hsa-miR-122-5p,KIF5B,V,microrna.org,N/A,N/A,,
hsa-miR-122-5p,ERLIN2,V,microrna.org,N/A,N/A,,
hsa-miR-122-5p,STXBP3,V,microrna.org,N/A,N/A,,
hsa-miR-122-5p,JMJD1C,V,microrna.org,N/A,N/A,,
hsa-miR-122-5p,FKBP5,V,microrna.org,N/A,N/A,,
hsa-miR-122-5p,SPRY3,V,microrna.org,N/A,N/A,,
hsa-miR-122-5p,GCNT4,V,microrna.org,N/A,N/A,,
hsa-miR-122-5p,OCRL,V,microrna.org,N/A,N/A,,
hsa-miR-122-5p,TMEM87A,V,microrna.org,N/A,N/A,,
hsa-miR-122-5p,KLHL18,V,microrna.org,N/A,N/A,,
hsa-miR-122-5p,FNBP1L,V,microrna.org,N/A,N/A,,
hsa-miR-122-5p,COX16,V,microrna.org,N/A,N/A,,
hsa-miR-122-5p,USP53,V,microrna.org,N/A,N/A,,
hsa-miR-122-5p,WNT2B,V,microrna.org,N/A,N/A,,
hsa-miR-122-5p,RGL1,V,microrna.org,N/A,N/A,,
hsa-miR-122-5p,GABRE,V,microrna.org,N/A,N/A,,
hsa-miR-122-5p,OPRK1,V,microrna.org,N/A,N/A,,
hsa-miR-122-5p,PPP1R12A,V,microrna.org,N/A,N/A,,
hsa-miR-122-5p,UPK2,V,microrna.org,N/A,N/A,,
hsa-miR-122-5p,GALC,V,microrna.org,N/A,N/A,,
hsa-miR-122-5p,BRPF1,V,microrna.org,N/A,N/A,,
hsa-miR-122-5p,ARFGEF1,V,microrna.org,N/A,N/A,,
hsa-miR-122-5p,CS,V,microrna.org,N/A,N/A,,
hsa-miR-122-5p,CEP55,V,microrna.org,N/A,N/A,,
hsa-miR-122-5p,SLC4A3,V,microrna.org,N/A,N/A,,
hsa-miR-122-5p,INTS8,V,microrna.org,N/A,N/A,,
hsa-miR-122-5p,GSG1,V,microrna.org,N/A,N/A,,
hsa-miR-122-5p,FAM117B,V,microrna.org,N/A,N/A,,
hsa-miR-122-5p,NRP1,V,microrna.org,N/A,N/A,,
hsa-miR-122-5p,METTL9,V,microrna.org,N/A,N/A,,
hsa-miR-122-5p,ITSN1,V,microrna.org,N/A,N/A,,
hsa-miR-122-5p,MPDU1,V,microrna.org,N/A,N/A,,
hsa-miR-122-5p,SLC29A3,V,microrna.org,N/A,N/A,,
hsa-miR-122-5p,RORA,V,microrna.org,N/A,N/A,,
hsa-miR-122-5p,TNRC6A,V,microrna.org,N/A,N/A,,
hsa-miR-122-5p,PAK3,V,microrna.org,N/A,N/A,,
hsa-miR-122-5p,PELI1,V,microrna.org,N/A,N/A,,
hsa-miR-122-5p,MMD,V,microrna.org,N/A,N/A,,
hsa-miR-122-5p,SEC31B,V,microrna.org,N/A,N/A,,
hsa-miR-122-5p,ZNF614,V,microrna.org,N/A,N/A,,
hsa-miR-122-5p,UHRF2,V,microrna.org,N/A,N/A,,
hsa-miR-122-5p,NCDN,V,microrna.org,N/A,N/A,,
hsa-miR-122-5p,C19orf54,V,microrna.org,N/A,N/A,,
hsa-miR-122-5p,RUFY3,V,microrna.org,N/A,N/A,,
hsa-miR-122-5p,TMEM87B,V,microrna.org,N/A,N/A,,
hsa-miR-122-5p,RALGAPB,V,microrna.org,N/A,N/A,,
hsa-miR-122-5p,UNC5D,V,microrna.org,N/A,N/A,,
hsa-miR-122-5p,PTP4A1,V,microrna.org,N/A,N/A,,
hsa-miR-122-5p,RPS6KC1,V,microrna.org,N/A,N/A,,
hsa-miR-122-5p,CD58,V,microrna.org,N/A,N/A,,
hsa-miR-122-5p,UBQLN1,V,microrna.org,N/A,N/A,,
hsa-miR-122-5p,KRTAP2-1,V,microrna.org,N/A,N/A,,
hsa-miR-122-5p,GABBR1,V,microrna.org,N/A,N/A,,
hsa-miR-122-5p,GTF2H4,V,microrna.org,N/A,N/A,,
hsa-miR-122-5p,MTDH,V,microrna.org,N/A,N/A,,
hsa-miR-122-5p,NRG1,V,microrna.org,N/A,N/A,,
hsa-miR-122-5p,FAM69A,V,microrna.org,N/A,N/A,,
hsa-miR-122-5p,C8orf86,V,microrna.org,N/A,N/A,,
hsa-miR-122-5p,TUBA1C,V,microrna.org,N/A,N/A,,
hsa-miR-122-5p,DYRK1A,V,miRcode,N/A,N/A,,
hsa-miR-122-5p,MED13,V,miRcode,N/A,N/A,,
hsa-miR-122-5p,NFAT5,V,miRcode,N/A,N/A,,
hsa-miR-122-5p,RPS6KA3,V,miRcode,N/A,N/A,,
hsa-miR-122-5p,SIPA1L1,V,miRcode,N/A,N/A,,
hsa-miR-122-5p,ZNF384,V,miRcode,N/A,N/A,,
hsa-miR-122-5p,SLC9A6,V,microrna.org,N/A,N/A,,
hsa-miR-122-5p,ADAM10,V,miRcode,N/A,N/A,,
hsa-miR-122-5p,CHD9,V,miRcode,N/A,N/A,,
hsa-miR-122-5p,GAB2,V,miRcode,N/A,N/A,,
hsa-miR-122-5p,NTNG1,V,miRcode,N/A,N/A,,
hsa-miR-122-5p,PPTC7,V,miRcode,N/A,N/A,,
hsa-miR-122-5p,RALGAPB,V,miRcode,N/A,N/A,,
hsa-miR-122-5p,RBPJ,V,miRcode,N/A,N/A,,
hsa-miR-122-5p,SLMAP,V,miRcode,N/A,N/A,,
hsa-miR-122-5p,USP42,V,miRcode,N/A,N/A,,
hsa-miR-122-5p,AFF4,V,miRcode,N/A,N/A,,
hsa-miR-122-5p,C16orf72,V,miRcode,N/A,N/A,,
hsa-miR-122-5p,CACNB2,V,miRcode,N/A,N/A,,
hsa-miR-122-5p,CRK,V,miRcode,N/A,N/A,,
hsa-miR-122-5p,EIF2B2,V,miRcode,N/A,N/A,,
hsa-miR-122-5p,PCDH9,V,miRcode,N/A,N/A,,
hsa-miR-122-5p,RSBN1,V,miRcode,N/A,N/A,,
hsa-miR-122-5p,ARRDC3,V,miRcode,N/A,N/A,,
hsa-miR-122-5p,CAPRIN1,V,miRcode,N/A,N/A,,
hsa-miR-122-5p,ROCK2,V,miRcode,N/A,N/A,,
hsa-miR-122-5p,ZDHHC3,V,miRcode,N/A,N/A,,
hsa-miR-122-5p,ZEB2,V,miRcode,N/A,N/A,,
hsa-miR-122-5p,ANK3,V,miRcode,N/A,N/A,,
hsa-miR-122-5p,CCNT2,V,miRcode,N/A,N/A,,
hsa-miR-122-5p,CSNK1E,V,miRcode,N/A,N/A,,
hsa-miR-122-5p,CTNND2,V,miRcode,N/A,N/A,,
hsa-miR-122-5p,DHX30,V,miRcode,N/A,N/A,,
hsa-miR-122-5p,KANK1,V,miRcode,N/A,N/A,,
hsa-miR-122-5p,KCNS2,V,miRcode,N/A,N/A,,
hsa-miR-122-5p,LCORL,V,miRcode,N/A,N/A,,
hsa-miR-122-5p,NEB,V,miRcode,N/A,N/A,,
hsa-miR-122-5p,NRP2,V,miRcode,N/A,N/A,,
hsa-miR-122-5p,BBX,V,miRcode,N/A,N/A,,
hsa-miR-122-5p,BLCAP,V,miRcode,N/A,N/A,,
hsa-miR-122-5p,HECTD4,V,miRcode,N/A,N/A,,
hsa-miR-122-5p,CSNK1G1,V,miRcode,N/A,N/A,,
hsa-miR-122-5p,CUL3,V,miRcode,N/A,N/A,,
hsa-miR-122-5p,DRP2,V,miRcode,N/A,N/A,,
hsa-miR-122-5p,FOXP2,V,miRcode,N/A,N/A,,
hsa-miR-122-5p,G3BP2,V,miRcode,N/A,N/A,,
hsa-miR-122-5p,HNRNPU,V,miRcode,N/A,N/A,,
hsa-miR-122-5p,INTS3,V,miRcode,N/A,N/A,,
hsa-miR-122-5p,IRF2BP2,V,miRcode,N/A,N/A,,
hsa-miR-122-5p,MAP4K4,V,miRcode,N/A,N/A,,
hsa-miR-122-5p,MBNL1,V,miRcode,N/A,N/A,,
hsa-miR-122-5p,MIPOL1,V,miRcode,N/A,N/A,,
hsa-miR-122-5p,NPEPPS,V,miRcode,N/A,N/A,,
hsa-miR-122-5p,PHLPP1,V,miRcode,N/A,N/A,,
hsa-miR-122-5p,PHLPP2,V,miRcode,N/A,N/A,,
hsa-miR-122-5p,PTPA,V,miRcode,N/A,N/A,,
hsa-miR-122-5p,ZNF644,V,miRcode,N/A,N/A,,
hsa-miR-122-5p,NAA25,V,miRcode,N/A,N/A,,
hsa-miR-122-5p,ALG3,V,miRcode,N/A,N/A,,
hsa-miR-122-5p,ANKRD17,V,miRcode,N/A,N/A,,
hsa-miR-122-5p,EMSY,V,miRcode,N/A,N/A,,
hsa-miR-122-5p,DENND4B,V,miRcode,N/A,N/A,,
hsa-miR-122-5p,FOXP1,V,miRcode,N/A,N/A,,
hsa-miR-122-5p,INO80D,V,miRcode,N/A,N/A,,
hsa-miR-122-5p,KCNV2,V,miRcode,N/A,N/A,,
hsa-miR-122-5p,KMT2A,V,miRcode,N/A,N/A,,
hsa-miR-122-5p,KMT2B,V,miRcode,N/A,N/A,,
hsa-miR-122-5p,KMT2D,V,miRcode,N/A,N/A,,
hsa-miR-122-5p,NEO1,V,miRcode,N/A,N/A,,
hsa-miR-122-5p,PAPOLA,V,miRcode,N/A,N/A,,
hsa-miR-122-5p,PIEZO1,V,miRcode,N/A,N/A,,
hsa-miR-122-5p,QSER1,V,miRcode,N/A,N/A,,
hsa-miR-122-5p,SCAF4,V,miRcode,N/A,N/A,,
hsa-miR-122-5p,SLC44A1,V,miRcode,N/A,N/A,,
hsa-miR-122-5p,SREK1,V,miRcode,N/A,N/A,,
hsa-miR-122-5p,SUPT7L,V,miRcode,N/A,N/A,,
hsa-miR-122-5p,TUBG1,V,miRcode,N/A,N/A,,
hsa-miR-122-5p,ZNF362,V,miRcode,N/A,N/A,,
hsa-miR-122-5p,AHCYL1,V,miRcode,N/A,N/A,,
hsa-miR-122-5p,SEC14L1,V,miRcode,N/A,N/A,,
hsa-miR-122-5p,SERPINH1,V,miRcode,N/A,N/A,,
hsa-miR-122-5p,SNPH,V,miRcode,N/A,N/A,,
hsa-miR-122-5p,UBE2Z,V,miRcode,N/A,N/A,,
hsa-miR-122-5p,ZZEF1,V,miRcode,N/A,N/A,,
hsa-miR-122-5p,ASTN1,V,miRcode,N/A,N/A,,
hsa-miR-122-5p,ASTN2,V,miRcode,N/A,N/A,,
hsa-miR-122-5p,MSANTD2,V,miRcode,N/A,N/A,,
hsa-miR-122-5p,CDK19,V,miRcode,N/A,N/A,,
hsa-miR-122-5p,DACT1,V,miRcode,N/A,N/A,,
hsa-miR-122-5p,DNAH2,V,miRcode,N/A,N/A,,
hsa-miR-122-5p,FBXL20,V,miRcode,N/A,N/A,,
hsa-miR-122-5p,GJB6,V,miRcode,N/A,N/A,,
hsa-miR-122-5p,GREB1L,V,miRcode,N/A,N/A,,
hsa-miR-122-5p,KCNMA1,V,miRcode,N/A,N/A,,
hsa-miR-122-5p,MAX,V,miRcode,N/A,N/A,,
hsa-miR-122-5p,MED1,V,miRcode,N/A,N/A,,
hsa-miR-122-5p,NAV2,V,miRcode,N/A,N/A,,
hsa-miR-122-5p,NPAS3,V,miRcode,N/A,N/A,,
hsa-miR-122-5p,PIGA,V,miRcode,N/A,N/A,,
hsa-miR-122-5p,RBM5,V,miRcode,N/A,N/A,,
hsa-miR-122-5p,RXFP3,V,miRcode,N/A,N/A,,
hsa-miR-122-5p,ACSS2,V,miRcode,N/A,N/A,,
hsa-miR-122-5p,AP2A1,V,miRcode,N/A,N/A,,
hsa-miR-122-5p,ARID5B,V,miRcode,N/A,N/A,,
hsa-miR-122-5p,ARNT,V,miRcode,N/A,N/A,,
hsa-miR-122-5p,BRPF1,V,miRcode,N/A,N/A,,
hsa-miR-122-5p,C5orf30,V,miRcode,N/A,N/A,,
hsa-miR-122-5p,CPEB2,V,miRcode,N/A,N/A,,
hsa-miR-122-5p,CRAMP1,V,miRcode,N/A,N/A,,
hsa-miR-122-5p,CS,V,miRcode,N/A,N/A,,
hsa-miR-122-5p,DDX31,V,miRcode,N/A,N/A,,
hsa-miR-122-5p,DLG2,V,miRcode,N/A,N/A,,
hsa-miR-122-5p,GBA2,V,miRcode,N/A,N/A,,
hsa-miR-122-5p,HOXB3,V,miRcode,N/A,N/A,,
hsa-miR-122-5p,HOXB4,V,miRcode,N/A,N/A,,
hsa-miR-122-5p,LCOR,V,miRcode,N/A,N/A,,
hsa-miR-122-5p,MBD5,V,miRcode,N/A,N/A,,
hsa-miR-122-5p,NFIX,V,miRcode,N/A,N/A,,
hsa-miR-122-5p,NT5C3A,V,miRcode,N/A,N/A,,
hsa-miR-122-5p,PABPC4,V,miRcode,N/A,N/A,,
hsa-miR-122-5p,PIEZO2,V,miRcode,N/A,N/A,,
hsa-miR-122-5p,PLAG1,V,miRcode,N/A,N/A,,
hsa-miR-122-5p,PUM1,V,miRcode,N/A,N/A,,
hsa-miR-122-5p,SATB1,V,miRcode,N/A,N/A,,
hsa-miR-122-5p,SOX11,V,miRcode,N/A,N/A,,
hsa-miR-122-5p,SPRY2,V,miRcode,N/A,N/A,,
hsa-miR-122-5p,USP34,V,miRcode,N/A,N/A,,
hsa-miR-122-5p,ZIC3,V,miRcode,N/A,N/A,,
hsa-miR-122-5p,ZNF827,V,miRcode,N/A,N/A,,
hsa-miR-122-5p,ABL2,V,miRcode,N/A,N/A,,
hsa-miR-122-5p,AMOT,V,miRcode,N/A,N/A,,
hsa-miR-122-5p,AP2A2,V,miRcode,N/A,N/A,,
hsa-miR-122-5p,BACH2,V,miRcode,N/A,N/A,,
hsa-miR-122-5p,CACNA1C,V,miRcode,N/A,N/A,,
hsa-miR-122-5p,CPEB1,V,miRcode,N/A,N/A,,
hsa-miR-122-5p,CSMD3,V,miRcode,N/A,N/A,,
hsa-miR-122-5p,EP300,V,miRcode,N/A,N/A,,
hsa-miR-122-5p,ERC2,V,miRcode,N/A,N/A,,
hsa-miR-122-5p,RUNX1T1,V,miRcode,N/A,N/A,,
hsa-miR-122-5p,SLITRK1,V,miRcode,N/A,N/A,,
hsa-miR-122-5p,SNTB2,V,miRcode,N/A,N/A,,
hsa-miR-122-5p,TANC2,V,miRcode,N/A,N/A,,
hsa-miR-122-5p,TBC1D22B,V,miRcode,N/A,N/A,,
hsa-miR-122-5p,TNRC6A,V,miRcode,N/A,N/A,,
hsa-miR-122-5p,TNS1,V,miRcode,N/A,N/A,,
hsa-miR-122-5p,TTN,V,miRcode,N/A,N/A,,
hsa-miR-122-5p,TUBG2,V,miRcode,N/A,N/A,,
hsa-miR-122-5p,ZC3H11A,V,miRcode,N/A,N/A,,
hsa-miR-122-5p,FBN1,V,miRcode,N/A,N/A,,
hsa-miR-122-5p,COLGALT2,V,miRcode,N/A,N/A,,
hsa-miR-122-5p,GRIN2B,V,miRcode,N/A,N/A,,
hsa-miR-122-5p,KANK4,V,miRcode,N/A,N/A,,
hsa-miR-122-5p,KHDRBS1,V,miRcode,N/A,N/A,,
hsa-miR-122-5p,KIF17,V,miRcode,N/A,N/A,,
hsa-miR-122-5p,MAPRE1,V,miRcode,N/A,N/A,,
hsa-miR-122-5p,NEGR1,V,miRcode,N/A,N/A,,
hsa-miR-122-5p,NTRK2,V,miRcode,N/A,N/A,,
hsa-miR-122-5p,TENM4,V,miRcode,N/A,N/A,,
hsa-miR-122-5p,PAK3,V,miRcode,N/A,N/A,,
hsa-miR-122-5p,PELI1,V,miRcode,N/A,N/A,,
hsa-miR-122-5p,PI4KB,V,miRcode,N/A,N/A,,
hsa-miR-122-5p,PTBP3,V,miRcode,N/A,N/A,,
hsa-miR-122-5p,PTPRK,V,miRcode,N/A,N/A,,
hsa-miR-122-5p,R3HDM2,V,miRcode,N/A,N/A,,
hsa-miR-122-5p,AGPAT1,V,miRcode,N/A,N/A,,
hsa-miR-122-5p,ANKRD34A,V,miRcode,N/A,N/A,,
hsa-miR-122-5p,APC,V,miRcode,N/A,N/A,,
hsa-miR-122-5p,ATP7A,V,miRcode,N/A,N/A,,
hsa-miR-122-5p,BAZ2A,V,miRcode,N/A,N/A,,
hsa-miR-122-5p,BHLHE41,V,miRcode,N/A,N/A,,
hsa-miR-122-5p,BYSL,V,miRcode,N/A,N/A,,
hsa-miR-122-5p,C20orf194,V,miRcode,N/A,N/A,,
hsa-miR-122-5p,CDC6,V,miRcode,N/A,N/A,,
hsa-miR-122-5p,CDH18,V,miRcode,N/A,N/A,,
hsa-miR-122-5p,CDK14,V,miRcode,N/A,N/A,,
hsa-miR-122-5p,CDON,V,miRcode,N/A,N/A,,
hsa-miR-122-5p,DNAJC13,V,miRcode,N/A,N/A,,
hsa-miR-122-5p,EIF4A2,V,miRcode,N/A,N/A,,
hsa-miR-122-5p,FAM160A1,V,miRcode,N/A,N/A,,
hsa-miR-122-5p,HIVEP2,V,miRcode,N/A,N/A,,
hsa-miR-122-5p,HS3ST4,V,miRcode,N/A,N/A,,
hsa-miR-122-5p,IKZF2,V,miRcode,N/A,N/A,,
hsa-miR-122-5p,KAT6A,V,miRcode,N/A,N/A,,
hsa-miR-122-5p,KIF5B,V,miRcode,N/A,N/A,,
hsa-miR-122-5p,LRRC42,V,miRcode,N/A,N/A,,
hsa-miR-122-5p,MEF2D,V,miRcode,N/A,N/A,,
hsa-miR-122-5p,MEIS2,V,miRcode,N/A,N/A,,
hsa-miR-122-5p,MMP24,V,miRcode,N/A,N/A,,
hsa-miR-122-5p,NF1,V,miRcode,N/A,N/A,,
hsa-miR-122-5p,NRIP1,V,miRcode,N/A,N/A,,
hsa-miR-122-5p,NRXN2,V,miRcode,N/A,N/A,,
hsa-miR-122-5p,NUP62,V,miRcode,N/A,N/A,,
hsa-miR-122-5p,TENM2,V,miRcode,N/A,N/A,,
hsa-miR-122-5p,PAN3,V,miRcode,N/A,N/A,,
hsa-miR-122-5p,PLCH1,V,miRcode,N/A,N/A,,
hsa-miR-122-5p,POLR3D,V,miRcode,N/A,N/A,,
hsa-miR-122-5p,PRICKLE3,V,miRcode,N/A,N/A,,
hsa-miR-122-5p,RALGAPA1,V,miRcode,N/A,N/A,,
hsa-miR-122-5p,RHOT1,V,miRcode,N/A,N/A,,
hsa-miR-122-5p,RIMS1,V,miRcode,N/A,N/A,,
hsa-miR-122-5p,RNF180,V,miRcode,N/A,N/A,,
hsa-miR-122-5p,SMAD2,V,miRcode,N/A,N/A,,
hsa-miR-122-5p,SMAD5,V,miRcode,N/A,N/A,,
hsa-miR-122-5p,SMURF2,V,miRcode,N/A,N/A,,
hsa-miR-122-5p,TCF4,V,miRcode,N/A,N/A,,
hsa-miR-122-5p,UBR3,V,miRcode,N/A,N/A,,
hsa-miR-122-5p,UBR4,V,miRcode,N/A,N/A,,
hsa-miR-122-5p,UNC79,V,miRcode,N/A,N/A,,
hsa-miR-122-5p,USH2A,V,miRcode,N/A,N/A,,
hsa-miR-122-5p,VDR,V,miRcode,N/A,N/A,,
hsa-miR-122-5p,ZNF462,V,miRcode,N/A,N/A,,
hsa-miR-122-5p,SOX6,V,miRcode,N/A,N/A,,
hsa-miR-122-5p,KLHL29,V,miRcode,N/A,N/A,,
hsa-miR-122-5p,ABCA4,V,miRcode,N/A,N/A,,
hsa-miR-122-5p,ABCC5,V,miRcode,N/A,N/A,,
hsa-miR-122-5p,ACLY,V,miRcode,N/A,N/A,,
hsa-miR-122-5p,ARID2,V,miRcode,N/A,N/A,,
hsa-miR-122-5p,ASH1L,V,miRcode,N/A,N/A,,
hsa-miR-122-5p,AUTS2,V,miRcode,N/A,N/A,,
hsa-miR-122-5p,BCL9,V,miRcode,N/A,N/A,,
hsa-miR-122-5p,BIRC6,V,miRcode,N/A,N/A,,
hsa-miR-122-5p,NOL4L,V,miRcode,N/A,N/A,,
hsa-miR-122-5p,KMT2C,V,miRcode,N/A,N/A,,
hsa-miR-122-5p,C22orf39,V,miRcode,N/A,N/A,,
hsa-miR-122-5p,CCDC6,V,miRcode,N/A,N/A,,
hsa-miR-122-5p,CCAR2,V,miRcode,N/A,N/A,,
hsa-miR-122-5p,DICER1,V,miRcode,N/A,N/A,,
hsa-miR-122-5p,DSCAM,V,miRcode,N/A,N/A,,
hsa-miR-122-5p,EFR3B,V,miRcode,N/A,N/A,,
hsa-miR-122-5p,AGO1,V,miRcode,N/A,N/A,,
hsa-miR-122-5p,ELL2,V,miRcode,N/A,N/A,,
hsa-miR-122-5p,ENTPD5,V,miRcode,N/A,N/A,,
hsa-miR-122-5p,MYH10,V,miRcode,N/A,N/A,,
hsa-miR-122-5p,ETV1,V,miRcode,N/A,N/A,,
hsa-miR-122-5p,FBXO11,V,miRcode,N/A,N/A,,
hsa-miR-122-5p,FGD2,V,miRcode,N/A,N/A,,
hsa-miR-122-5p,GRHL1,V,miRcode,N/A,N/A,,
hsa-miR-122-5p,HIRA,V,miRcode,N/A,N/A,,
hsa-miR-122-5p,NFATC3,V,miRcode,N/A,N/A,,
hsa-miR-122-5p,KALRN,V,miRcode,N/A,N/A,,
hsa-miR-122-5p,SUSD6,V,miRcode,N/A,N/A,,
hsa-miR-122-5p,LDB2,V,miRcode,N/A,N/A,,
hsa-miR-122-5p,MAP3K1,V,miRcode,N/A,N/A,,
hsa-miR-122-5p,NFE2L1,V,miRcode,N/A,N/A,,
hsa-miR-122-5p,NFS1,V,miRcode,N/A,N/A,,
hsa-miR-122-5p,OGT,V,miRcode,N/A,N/A,,
hsa-miR-122-5p,PATZ1,V,miRcode,N/A,N/A,,
hsa-miR-122-5p,PLAGL2,V,miRcode,N/A,N/A,,
hsa-miR-122-5p,PLXNA2,V,miRcode,N/A,N/A,,
hsa-miR-122-5p,POU4F1,V,miRcode,N/A,N/A,,
hsa-miR-122-5p,PPP1CB,V,miRcode,N/A,N/A,,
hsa-miR-122-5p,PRKCQ,V,miRcode,N/A,N/A,,
hsa-miR-122-5p,PTPN23,V,miRcode,N/A,N/A,,
hsa-miR-122-5p,RAB11FIP4,V,miRcode,N/A,N/A,,
hsa-miR-122-5p,RAD21,V,miRcode,N/A,N/A,,
hsa-miR-122-5p,RAP1GAP2,V,miRcode,N/A,N/A,,
hsa-miR-122-5p,SESN2,V,miRcode,N/A,N/A,,
hsa-miR-122-5p,SOX5,V,miRcode,N/A,N/A,,
hsa-miR-122-5p,SPDYA,V,miRcode,N/A,N/A,,
hsa-miR-122-5p,TCF12,V,miRcode,N/A,N/A,,
hsa-miR-122-5p,TMED9,V,miRcode,N/A,N/A,,
hsa-miR-122-5p,TRPS1,V,miRcode,N/A,N/A,,
hsa-miR-122-5p,UBN2,V,miRcode,N/A,N/A,,
hsa-miR-122-5p,USP1,V,miRcode,N/A,N/A,,
hsa-miR-122-5p,WDR47,V,miRcode,N/A,N/A,,
hsa-miR-122-5p,XPNPEP3,V,miRcode,N/A,N/A,,
hsa-miR-122-5p,ABCA1,V,miRcode,N/A,N/A,,
hsa-miR-122-5p,ABCB5,V,miRcode,N/A,N/A,,
hsa-miR-122-5p,AKAP10,V,miRcode,N/A,N/A,,
hsa-miR-122-5p,ANKRD12,V,miRcode,N/A,N/A,,
hsa-miR-122-5p,C11orf42,V,miRcode,N/A,N/A,,
hsa-miR-122-5p,DNAH5,V,miRcode,N/A,N/A,,
hsa-miR-122-5p,DOCK3,V,miRcode,N/A,N/A,,
hsa-miR-122-5p,FOXJ3,V,miRcode,N/A,N/A,,
hsa-miR-122-5p,FZD3,V,miRcode,N/A,N/A,,
hsa-miR-122-5p,GDA,V,miRcode,N/A,N/A,,
hsa-miR-122-5p,HMGXB4,V,miRcode,N/A,N/A,,
hsa-miR-122-5p,IARS,V,miRcode,N/A,N/A,,
hsa-miR-122-5p,IWS1,V,miRcode,N/A,N/A,,
hsa-miR-122-5p,KCNE2,V,miRcode,N/A,N/A,,
hsa-miR-122-5p,LARP4B,V,miRcode,N/A,N/A,,
hsa-miR-122-5p,LRP6,V,miRcode,N/A,N/A,,
hsa-miR-122-5p,MASP1,V,miRcode,N/A,N/A,,
hsa-miR-122-5p,MYB,V,miRcode,N/A,N/A,,
hsa-miR-122-5p,MYBL1,V,miRcode,N/A,N/A,,
hsa-miR-122-5p,NALCN,V,miRcode,N/A,N/A,,
hsa-miR-122-5p,PHKA1,V,miRcode,N/A,N/A,,
hsa-miR-122-5p,PHKB,V,miRcode,N/A,N/A,,
hsa-miR-122-5p,PLAGL1,V,miRcode,N/A,N/A,,
hsa-miR-122-5p,PLEKHA6,V,miRcode,N/A,N/A,,
hsa-miR-122-5p,PPT2,V,miRcode,N/A,N/A,,
hsa-miR-122-5p,PRKAG2,V,miRcode,N/A,N/A,,
hsa-miR-122-5p,SENP1,V,miRcode,N/A,N/A,,
hsa-miR-122-5p,SEP3,V,miRcode,N/A,N/A,,
hsa-miR-122-5p,SORT1,V,miRcode,N/A,N/A,,
hsa-miR-122-5p,SPAG6,V,miRcode,N/A,N/A,,
hsa-miR-122-5p,TRAPPC3,V,miRcode,N/A,N/A,,
hsa-miR-122-5p,WDR55,V,miRcode,N/A,N/A,,
hsa-miR-122-5p,YTHDF2,V,miRcode,N/A,N/A,,
hsa-miR-122-5p,ZDHHC7,V,miRcode,N/A,N/A,,
hsa-miR-122-5p,FBN2,V,miRcode,N/A,N/A,,
hsa-miR-122-5p,FOXO3,V,miRcode,N/A,N/A,,
hsa-miR-122-5p,GALNT1,V,miRcode,N/A,N/A,,
hsa-miR-122-5p,GEMIN5,V,miRcode,N/A,N/A,,
hsa-miR-122-5p,GJA3,V,miRcode,N/A,N/A,,
hsa-miR-122-5p,GRAMD1B,V,miRcode,N/A,N/A,,
hsa-miR-122-5p,GRHL2,V,miRcode,N/A,N/A,,
hsa-miR-122-5p,IGF1R,V,miRcode,N/A,N/A,,
hsa-miR-122-5p,IHH,V,miRcode,N/A,N/A,,
hsa-miR-122-5p,IVNS1ABP,V,miRcode,N/A,N/A,,
hsa-miR-122-5p,KAT6B,V,miRcode,N/A,N/A,,
hsa-miR-122-5p,AP3M1,V,miRcode,N/A,N/A,,
hsa-miR-122-5p,ASAP1,V,miRcode,N/A,N/A,,
hsa-miR-122-5p,ATXN7L1,V,miRcode,N/A,N/A,,
hsa-miR-122-5p,BSN,V,miRcode,N/A,N/A,,
hsa-miR-122-5p,TMEM251,V,miRcode,N/A,N/A,,
hsa-miR-122-5p,KCNQ2,V,miRcode,N/A,N/A,,
hsa-miR-122-5p,CDK12,V,miRcode,N/A,N/A,,
hsa-miR-122-5p,CDK5R1,V,miRcode,N/A,N/A,,
hsa-miR-122-5p,CDKN1A,V,miRcode,N/A,N/A,,
hsa-miR-122-5p,CSPG5,V,miRcode,N/A,N/A,,
hsa-miR-122-5p,KDM2A,V,miRcode,N/A,N/A,,
hsa-miR-122-5p,DENND1B,V,miRcode,N/A,N/A,,
hsa-miR-122-5p,DMTF1,V,miRcode,N/A,N/A,,
hsa-miR-122-5p,EPHA7,V,miRcode,N/A,N/A,,
hsa-miR-122-5p,LEMD3,V,miRcode,N/A,N/A,,
hsa-miR-122-5p,LHX1,V,miRcode,N/A,N/A,,
hsa-miR-122-5p,LHX9,V,miRcode,N/A,N/A,,
hsa-miR-122-5p,MADD,V,miRcode,N/A,N/A,,
hsa-miR-122-5p,MYCBP2,V,miRcode,N/A,N/A,,
hsa-miR-122-5p,NCOA5,V,miRcode,N/A,N/A,,
hsa-miR-122-5p,NIPSNAP1,V,miRcode,N/A,N/A,,
hsa-miR-122-5p,OTOF,V,miRcode,N/A,N/A,,
hsa-miR-122-5p,PHF21A,V,miRcode,N/A,N/A,,
hsa-miR-122-5p,PHKG2,V,miRcode,N/A,N/A,,
hsa-miR-122-5p,PRDM4,V,miRcode,N/A,N/A,,
hsa-miR-122-5p,PRICKLE2,V,miRcode,N/A,N/A,,
hsa-miR-122-5p,PRKCG,V,miRcode,N/A,N/A,,
hsa-miR-122-5p,QRICH1,V,miRcode,N/A,N/A,,
hsa-miR-122-5p,RAB11FIP5,V,miRcode,N/A,N/A,,
hsa-miR-122-5p,RAD23B,V,miRcode,N/A,N/A,,
hsa-miR-122-5p,RBM25,V,miRcode,N/A,N/A,,
hsa-miR-122-5p,RCOR3,V,miRcode,N/A,N/A,,
hsa-miR-122-5p,RGMA,V,miRcode,N/A,N/A,,
hsa-miR-122-5p,RNF111,V,miRcode,N/A,N/A,,
hsa-miR-122-5p,SHROOM4,V,miRcode,N/A,N/A,,
hsa-miR-122-5p,SIM1,V,miRcode,N/A,N/A,,
hsa-miR-122-5p,SPAG9,V,miRcode,N/A,N/A,,
hsa-miR-122-5p,SRF,V,miRcode,N/A,N/A,,
hsa-miR-122-5p,SYNRG,V,miRcode,N/A,N/A,,
hsa-miR-122-5p,TET3,V,miRcode,N/A,N/A,,
hsa-miR-122-5p,TRAF7,V,miRcode,N/A,N/A,,
hsa-miR-122-5p,USP37,V,miRcode,N/A,N/A,,
hsa-miR-122-5p,VPS13D,V,miRcode,N/A,N/A,,
hsa-miR-122-5p,WSB1,V,miRcode,N/A,N/A,,
hsa-miR-122-5p,YEATS2,V,miRcode,N/A,N/A,,
hsa-miR-122-5p,ZDHHC13,V,miRcode,N/A,N/A,,
hsa-miR-122-5p,DR1,V,miRcode,N/A,N/A,,
hsa-miR-122-5p,EN2,V,miRcode,N/A,N/A,,
hsa-miR-122-5p,FKBP5,V,miRcode,N/A,N/A,,
hsa-miR-122-5p,GABRG2,V,miRcode,N/A,N/A,,
hsa-miR-122-5p,GALNTL6,V,miRcode,N/A,N/A,,
hsa-miR-122-5p,GAPVD1,V,miRcode,N/A,N/A,,
hsa-miR-122-5p,GPATCH8,V,miRcode,N/A,N/A,,
hsa-miR-122-5p,GRAMD2B,V,miRcode,N/A,N/A,,
hsa-miR-122-5p,GRIN3A,V,miRcode,N/A,N/A,,
hsa-miR-122-5p,HEXA,V,miRcode,N/A,N/A,,
hsa-miR-122-5p,HHIP,V,miRcode,N/A,N/A,,
hsa-miR-122-5p,INTS4,V,miRcode,N/A,N/A,,
hsa-miR-122-5p,JMJD1C,V,miRcode,N/A,N/A,,
hsa-miR-122-5p,KCNK5,V,miRcode,N/A,N/A,,
hsa-miR-122-5p,MCMBP,V,miRcode,N/A,N/A,,
hsa-miR-122-5p,MECOM,V,miRcode,N/A,N/A,,
hsa-miR-122-5p,METTL9,V,miRcode,N/A,N/A,,
hsa-miR-122-5p,MKL2,V,miRcode,N/A,N/A,,
hsa-miR-122-5p,MXD1,V,miRcode,N/A,N/A,,
hsa-miR-122-5p,NDST1,V,miRcode,N/A,N/A,,
hsa-miR-122-5p,OTOGL,V,miRcode,N/A,N/A,,
hsa-miR-122-5p,PAPPA,V,miRcode,N/A,N/A,,
hsa-miR-122-5p,PLCB1,V,miRcode,N/A,N/A,,
hsa-miR-122-5p,PLEKHH1,V,miRcode,N/A,N/A,,
hsa-miR-122-5p,POLR3B,V,miRcode,N/A,N/A,,
hsa-miR-122-5p,POU2F1,V,miRcode,N/A,N/A,,
hsa-miR-122-5p,PPM1E,V,miRcode,N/A,N/A,,
hsa-miR-122-5p,PSMD11,V,miRcode,N/A,N/A,,
hsa-miR-122-5p,RFX3,V,miRcode,N/A,N/A,,
hsa-miR-122-5p,RFX4,V,miRcode,N/A,N/A,,
hsa-miR-122-5p,RRAGC,V,miRcode,N/A,N/A,,
hsa-miR-122-5p,SHPRH,V,miRcode,N/A,N/A,,
hsa-miR-122-5p,SIPA1L2,V,miRcode,N/A,N/A,,
hsa-miR-122-5p,SLC1A1,V,miRcode,N/A,N/A,,
hsa-miR-122-5p,SLC6A4,V,miRcode,N/A,N/A,,
hsa-miR-122-5p,SNX13,V,miRcode,N/A,N/A,,
hsa-miR-122-5p,SOBP,V,miRcode,N/A,N/A,,
hsa-miR-122-5p,SP1,V,miRcode,N/A,N/A,,
hsa-miR-122-5p,SPRED1,V,miRcode,N/A,N/A,,
hsa-miR-122-5p,SSPN,V,miRcode,N/A,N/A,,
hsa-miR-122-5p,SUCLA2,V,miRcode,N/A,N/A,,
hsa-miR-122-5p,TJP1,V,miRcode,N/A,N/A,,
hsa-miR-122-5p,TMEM65,V,miRcode,N/A,N/A,,
hsa-miR-122-5p,ZBTB4,V,miRcode,N/A,N/A,,
hsa-miR-122-5p,ACTR2,V,miRcode,N/A,N/A,,
hsa-miR-122-5p,ZBTB40,V,miRcode,N/A,N/A,,
hsa-miR-122-5p,ZNF385B,V,miRcode,N/A,N/A,,
hsa-miR-122-5p,ZNF609,V,miRcode,N/A,N/A,,
hsa-miR-122-5p,ADNP2,V,miRcode,N/A,N/A,,
hsa-miR-122-5p,ALS2,V,miRcode,N/A,N/A,,
hsa-miR-122-5p,ARHGAP33,V,miRcode,N/A,N/A,,
hsa-miR-122-5p,ARID4B,V,miRcode,N/A,N/A,,
hsa-miR-122-5p,ATXN1,V,miRcode,N/A,N/A,,
hsa-miR-122-5p,B3GALT1,V,miRcode,N/A,N/A,,
hsa-miR-122-5p,CADM2,V,miRcode,N/A,N/A,,
hsa-miR-122-5p,CDK16,V,miRcode,N/A,N/A,,
hsa-miR-122-5p,CRIPT,V,miRcode,N/A,N/A,,
hsa-miR-122-5p,PUM2,V,CoMeTa,N/A,N/A,,
hsa-miR-122-5p,ATRX,V,CoMeTa,N/A,N/A,,
hsa-miR-122-5p,YWHAZ,V,CoMeTa,N/A,N/A,,
hsa-miR-122-5p,PPP2R5C,V,CoMeTa,N/A,N/A,,
hsa-miR-122-5p,AKAP11,V,CoMeTa,N/A,N/A,,
hsa-miR-122-5p,DDX3X,V,CoMeTa,N/A,N/A,,
hsa-miR-122-5p,YME1L1,V,CoMeTa,N/A,N/A,,
hsa-miR-122-5p,SERBP1,V,CoMeTa,N/A,N/A,,
hsa-miR-122-5p,CUL5,V,CoMeTa,N/A,N/A,,
hsa-miR-122-5p,ACTR3,V,CoMeTa,N/A,N/A,,
hsa-miR-122-5p,ZDHHC17,V,CoMeTa,N/A,N/A,,
hsa-miR-122-5p,MBNL1,V,CoMeTa,N/A,N/A,,
hsa-miR-122-5p,G3BP2,V,CoMeTa,N/A,N/A,,
hsa-miR-122-5p,CANX,V,CoMeTa,N/A,N/A,,
hsa-miR-122-5p,RYBP,V,CoMeTa,N/A,N/A,,
hsa-miR-122-5p,RAD21,V,CoMeTa,N/A,N/A,,
hsa-miR-122-5p,LUC7L3,V,CoMeTa,N/A,N/A,,
hsa-miR-122-5p,ARFGEF1,V,CoMeTa,N/A,N/A,,
hsa-miR-122-5p,DHX15,V,CoMeTa,N/A,N/A,,
hsa-miR-122-5p,PAPOLA,V,CoMeTa,N/A,N/A,,
hsa-miR-122-5p,RNF38,V,CoMeTa,N/A,N/A,,
hsa-miR-122-5p,DICER1,V,CoMeTa,N/A,N/A,,
hsa-miR-122-5p,IQGAP1,V,CoMeTa,N/A,N/A,,
hsa-miR-122-5p,COPS2,V,CoMeTa,N/A,N/A,,
hsa-miR-122-5p,PAFAH1B1,V,CoMeTa,N/A,N/A,,
hsa-miR-122-5p,CLCN3,V,CoMeTa,N/A,N/A,,
hsa-miR-122-5p,MEX3C,V,CoMeTa,N/A,N/A,,
hsa-miR-122-5p,BMI1,V,CoMeTa,N/A,N/A,,
hsa-miR-122-5p,RIOK3,V,CoMeTa,N/A,N/A,,
hsa-miR-122-5p,FZD6,V,CoMeTa,N/A,N/A,,
hsa-miR-122-5p,CAPZA1,V,CoMeTa,N/A,N/A,,
hsa-miR-122-5p,CEP350,V,CoMeTa,N/A,N/A,,
hsa-miR-122-5p,NR3C1,V,CoMeTa,N/A,N/A,,
hsa-miR-122-5p,NONO,V,CoMeTa,N/A,N/A,,
hsa-miR-122-5p,MOB4,V,CoMeTa,N/A,N/A,,
hsa-miR-122-5p,MAPRE1,V,CoMeTa,N/A,N/A,,
hsa-miR-122-5p,UBE2G1,V,CoMeTa,N/A,N/A,,
hsa-miR-122-5p,WSB1,V,CoMeTa,N/A,N/A,,
hsa-miR-122-5p,HSPD1,V,CoMeTa,N/A,N/A,,
hsa-miR-122-5p,SEP7,V,CoMeTa,N/A,N/A,,
hsa-miR-122-5p,EIF4E,V,CoMeTa,N/A,N/A,,
hsa-miR-122-5p,GMFB,V,CoMeTa,N/A,N/A,,
hsa-miR-122-5p,KCNN3,V,CoMeTa,N/A,N/A,,
hsa-miR-122-5p,DYRK1A,V,CoMeTa,N/A,N/A,,
hsa-miR-122-5p,CHSY1,V,CoMeTa,N/A,N/A,,
hsa-miR-122-5p,NOTCH2,V,CoMeTa,N/A,N/A,,
hsa-miR-122-5p,DR1,V,CoMeTa,N/A,N/A,,
hsa-miR-122-5p,CMPK1,V,CoMeTa,N/A,N/A,,
hsa-miR-122-5p,SCAF11,V,CoMeTa,N/A,N/A,,
hsa-miR-122-5p,HLTF,V,CoMeTa,N/A,N/A,,
hsa-miR-122-5p,NAB1,V,CoMeTa,N/A,N/A,,
hsa-miR-122-5p,SERP1,V,CoMeTa,N/A,N/A,,
hsa-miR-122-5p,GALNT1,V,CoMeTa,N/A,N/A,,
hsa-miR-122-5p,SSR1,V,CoMeTa,N/A,N/A,,
hsa-miR-122-5p,SLC9A6,V,CoMeTa,N/A,N/A,,
hsa-miR-122-5p,KHDRBS1,V,CoMeTa,N/A,N/A,,
hsa-miR-122-5p,USP9X,V,CoMeTa,N/A,N/A,,
hsa-miR-122-5p,THUMPD1,V,CoMeTa,N/A,N/A,,
hsa-miR-122-5p,RBM12,V,CoMeTa,N/A,N/A,,
hsa-miR-122-5p,WDR26,V,CoMeTa,N/A,N/A,,
hsa-miR-122-5p,ADSS,V,CoMeTa,N/A,N/A,,
hsa-miR-122-5p,SNX13,V,CoMeTa,N/A,N/A,,
hsa-miR-122-5p,TACC1,V,CoMeTa,N/A,N/A,,
hsa-miR-122-5p,TMEM47,V,CoMeTa,N/A,N/A,,
hsa-miR-122-5p,PHTF2,V,CoMeTa,N/A,N/A,,
hsa-miR-122-5p,AKT3,V,CoMeTa,N/A,N/A,,
hsa-miR-122-5p,CYBRD1,V,CoMeTa,N/A,N/A,,
hsa-miR-122-5p,SUCLA2,V,CoMeTa,N/A,N/A,,
hsa-miR-122-5p,CDK17,V,CoMeTa,N/A,N/A,,
hsa-miR-122-5p,UBE2V1,V,CoMeTa,N/A,N/A,,
hsa-miR-122-5p,RSBN1,V,CoMeTa,N/A,N/A,,
hsa-miR-122-5p,LIN7C,V,CoMeTa,N/A,N/A,,
hsa-miR-122-5p,PTBP3,V,CoMeTa,N/A,N/A,,
hsa-miR-122-5p,TUG1,V,CoMeTa,N/A,N/A,,
hsa-miR-122-5p,HIPK1,V,CoMeTa,N/A,N/A,,
hsa-miR-122-5p,RCOR1,V,CoMeTa,N/A,N/A,,
hsa-miR-122-5p,CD59,V,CoMeTa,N/A,N/A,,
hsa-miR-122-5p,SLC4A3,V,CoMeTa,N/A,N/A,,
hsa-miR-122-5p,ARGLU1,V,CoMeTa,N/A,N/A,,
hsa-miR-122-5p,RALGAPB,V,CoMeTa,N/A,N/A,,
hsa-miR-122-5p,LAMC1,V,CoMeTa,N/A,N/A,,
hsa-miR-122-5p,CLTC,V,CoMeTa,N/A,N/A,,
hsa-miR-122-5p,PLCB1,V,CoMeTa,N/A,N/A,,
hsa-miR-122-5p,PCDH9,V,CoMeTa,N/A,N/A,,
hsa-miR-122-5p,NCKIPSD,V,CoMeTa,N/A,N/A,,
hsa-miR-122-5p,STK38L,V,CoMeTa,N/A,N/A,,
hsa-miR-122-5p,PAK2,V,CoMeTa,N/A,N/A,,
hsa-miR-122-5p,SMURF2,V,CoMeTa,N/A,N/A,,
hsa-miR-122-5p,HBP1,V,CoMeTa,N/A,N/A,,
hsa-miR-122-5p,FOXJ3,V,CoMeTa,N/A,N/A,,
hsa-miR-122-5p,HNRNPU,V,CoMeTa,N/A,N/A,,
hsa-miR-122-5p,SLC5A3,V,CoMeTa,N/A,N/A,,
hsa-miR-122-5p,CAV2,V,CoMeTa,N/A,N/A,,
hsa-miR-122-5p,REEP1,V,CoMeTa,N/A,N/A,,
hsa-miR-122-5p,SPTBN1,V,CoMeTa,N/A,N/A,,
hsa-miR-122-5p,LPP,V,CoMeTa,N/A,N/A,,
hsa-miR-122-5p,ANKRD46,V,CoMeTa,N/A,N/A,,
hsa-miR-122-5p,WDR47,V,CoMeTa,N/A,N/A,,
hsa-miR-122-5p,ZNF507,V,CoMeTa,N/A,N/A,,
hsa-miR-122-5p,FOXO3,V,CoMeTa,N/A,N/A,,
hsa-miR-122-5p,MON2,V,CoMeTa,N/A,N/A,,
hsa-miR-122-5p,UBE2H,V,CoMeTa,N/A,N/A,,
hsa-miR-122-5p,HDGFL3,V,CoMeTa,N/A,N/A,,
hsa-miR-122-5p,MFF,V,CoMeTa,N/A,N/A,,
hsa-miR-122-5p,KDM2A,V,CoMeTa,N/A,N/A,,
hsa-miR-122-5p,CHMP3,V,CoMeTa,N/A,N/A,,
hsa-miR-122-5p,CEP55,V,CoMeTa,N/A,N/A,,
hsa-miR-122-5p,MAP2K4,V,CoMeTa,N/A,N/A,,
hsa-miR-122-5p,CCDC6,V,CoMeTa,N/A,N/A,,
hsa-miR-122-5p,GRB10,V,CoMeTa,N/A,N/A,,
hsa-miR-122-5p,SLC7A1,V,CoMeTa,N/A,N/A,,
hsa-miR-122-5p,EIF1AX,V,CoMeTa,N/A,N/A,,
hsa-miR-122-5p,STK39,V,CoMeTa,N/A,N/A,,
hsa-miR-122-5p,TMEM168,V,CoMeTa,N/A,N/A,,
hsa-miR-122-5p,BLCAP,V,CoMeTa,N/A,N/A,,
hsa-miR-122-5p,LARP4,V,CoMeTa,N/A,N/A,,
hsa-miR-122-5p,ANK2,V,CoMeTa,N/A,N/A,,
hsa-miR-122-5p,SEL1L,V,CoMeTa,N/A,N/A,,
hsa-miR-122-5p,ASPH,V,CoMeTa,N/A,N/A,,
hsa-miR-122-5p,USP15,V,CoMeTa,N/A,N/A,,
hsa-miR-122-5p,ZKSCAN1,V,CoMeTa,N/A,N/A,,
hsa-miR-122-5p,NOL4L,V,Cupid,N/A,N/A,,
hsa-miR-122-5p,LCOR,V,Cupid,N/A,N/A,,
hsa-miR-122-5p,DDX6,V,Cupid,N/A,N/A,,
hsa-miR-122-5p,DR1,V,Cupid,N/A,N/A,,
hsa-miR-122-5p,GALNT1,V,Cupid,N/A,N/A,,
hsa-miR-122-5p,GPM6B,V,Cupid,N/A,N/A,,
hsa-miR-122-5p,HECTD1,V,Cupid,N/A,N/A,,
hsa-miR-122-5p,MAP3K12,V,Cupid,N/A,N/A,,
hsa-miR-122-5p,MARK1,V,Cupid,N/A,N/A,,
hsa-miR-122-5p,MECOM,V,Cupid,N/A,N/A,,
hsa-miR-122-5p,MED1,V,Cupid,N/A,N/A,,
hsa-miR-122-5p,NPEPPS,V,Cupid,N/A,N/A,,
hsa-miR-122-5p,PAPOLA,V,Cupid,N/A,N/A,,
hsa-miR-122-5p,RAB30,V,Cupid,N/A,N/A,,
hsa-miR-122-5p,SPRY2,V,Cupid,N/A,N/A,,
hsa-miR-122-5p,TCF4,V,Cupid,N/A,N/A,,
hsa-miR-122-5p,ZBTB4,V,Cupid,N/A,N/A,,
hsa-miR-122-5p,CTDSPL,V,Cupid,N/A,N/A,,
hsa-miR-122-5p,MAP1B,V,Cupid,N/A,N/A,,
hsa-miR-122-5p,NFAT5,V,Cupid,N/A,N/A,,
hsa-miR-122-5p,CS,V,Cupid,N/A,N/A,,
hsa-miR-122-5p,DYRK1A,V,Cupid,N/A,N/A,,
hsa-miR-122-5p,DICER1,V,Cupid,N/A,N/A,,
hsa-miR-122-5p,DTNA,V,Cupid,N/A,N/A,,
hsa-miR-122-5p,ZBTB41,V,Cupid,N/A,N/A,,
hsa-miR-122-5p,ESR1,V,Cupid,N/A,N/A,,
hsa-miR-122-5p,BCL2L2,V,Cupid,N/A,N/A,,
hsa-miR-122-5p,KDM2A,V,Cupid,N/A,N/A,,
hsa-miR-122-5p,TMEM87A,V,Cupid,N/A,N/A,,
hsa-miR-122-5p,MYB,V,DIANA,N/A,N/A,,
hsa-miR-122-5p,NPEPPS,V,DIANA,N/A,N/A,,
hsa-miR-122-5p,MUC17,V,DIANA,N/A,N/A,,
hsa-miR-122-5p,ORAI2,V,ElMMo3,N/A,N/A,,
hsa-miR-122-5p,PRR11,V,ElMMo3,N/A,N/A,,
hsa-miR-122-5p,BCL2L2,V,GenMir++,N/A,N/A,,
hsa-miR-122-5p,HNRNPU,V,GenMir++,N/A,N/A,,
hsa-miR-122-5p,IQGAP1,V,GenMir++,N/A,N/A,,
hsa-miR-122-5p,SLC2A3,V,GenMir++,N/A,N/A,,
hsa-miR-122-5p,SRF,V,GenMir++,N/A,N/A,,
hsa-miR-122-5p,DR1,V,GenMir++,N/A,N/A,,
hsa-miR-122-5p,SMARCD1,V,GenMir++,N/A,N/A,,
hsa-miR-122-5p,NPEPPS,V,GenMir++,N/A,N/A,,
hsa-miR-122-5p,CCDC6,V,GenMir++,N/A,N/A,,
hsa-miR-122-5p,MAP3K3,V,GenMir++,N/A,N/A,,
hsa-miR-122-5p,MAPRE1,V,GenMir++,N/A,N/A,,
hsa-miR-122-5p,SLC1A5,V,GenMir++,N/A,N/A,,
hsa-miR-122-5p,XIAP,V,GenMir++,N/A,N/A,,
hsa-miR-122-5p,PAPOLA,V,GenMir++,N/A,N/A,,
hsa-miR-122-5p,BRPF1,V,GenMir++,N/A,N/A,,
hsa-miR-122-5p,DHX15,V,MAMI,N/A,N/A,,
hsa-miR-122-5p,NEURL4,V,MAMI,N/A,N/A,,
hsa-miR-122-5p,SEP7,V,MAMI,N/A,N/A,,
hsa-miR-122-5p,SYNCRIP,V,MAMI,N/A,N/A,,
hsa-miR-122-5p,TRAPPC3,V,MAMI,N/A,N/A,,
hsa-miR-122-5p,CPEB1,V,MAMI,N/A,N/A,,
hsa-miR-122-5p,HNRNPU,V,MAMI,N/A,N/A,,
hsa-miR-122-5p,NPEPPS,V,MAMI,N/A,N/A,,
hsa-miR-122-5p,PAK3,V,MAMI,N/A,N/A,,
hsa-miR-122-5p,TMEM87A,V,MAMI,N/A,N/A,,
hsa-miR-122-5p,LRP10,V,MAMI,N/A,N/A,,
hsa-miR-122-5p,PAPOLA,V,MAMI,N/A,N/A,,
hsa-miR-122-5p,SLC1A5,V,MAMI,N/A,N/A,,
hsa-miR-122-5p,TBC1D10B,V,MAMI,N/A,N/A,,
hsa-miR-122-5p,CTDSPL,V,MAMI,N/A,N/A,,
hsa-miR-122-5p,MEIS2,V,MAMI,N/A,N/A,,
hsa-miR-122-5p,SCN3B,V,MAMI,N/A,N/A,,
hsa-miR-122-5p,SLC35A4,V,MAMI,N/A,N/A,,
hsa-miR-122-5p,ABR,V,MAMI,N/A,N/A,,
hsa-miR-122-5p,FAM155B,V,MAMI,N/A,N/A,,
hsa-miR-122-5p,TMEM47,V,MAMI,N/A,N/A,,
hsa-miR-122-5p,TNRC6A,V,MAMI,N/A,N/A,,
hsa-miR-122-5p,TSC22D3,V,MAMI,N/A,N/A,,
hsa-miR-122-5p,WARS,V,MAMI,N/A,N/A,,
hsa-miR-122-5p,WDR47,V,MAMI,N/A,N/A,,
hsa-miR-122-5p,ZDHHC7,V,MAMI,N/A,N/A,,
hsa-miR-122-5p,ZBTB4,V,MAMI,N/A,N/A,,
hsa-miR-122-5p,ADAM10,V,MAMI,N/A,N/A,,
hsa-miR-122-5p,BACH2,V,MAMI,N/A,N/A,,
hsa-miR-122-5p,BCL2L2,V,MAMI,N/A,N/A,,
hsa-miR-122-5p,BHLHE41,V,MAMI,N/A,N/A,,
hsa-miR-122-5p,XIAP,V,MAMI,N/A,N/A,,
hsa-miR-122-5p,BRPF1,V,MAMI,N/A,N/A,,
hsa-miR-122-5p,FAM219A,V,MAMI,N/A,N/A,,
hsa-miR-122-5p,CCDC6,V,MAMI,N/A,N/A,,
hsa-miR-122-5p,CS,V,MAMI,N/A,N/A,,
hsa-miR-122-5p,DICER1,V,MAMI,N/A,N/A,,
hsa-miR-122-5p,DLG2,V,MAMI,N/A,N/A,,
hsa-miR-122-5p,DR1,V,MAMI,N/A,N/A,,
hsa-miR-122-5p,AGO1,V,MAMI,N/A,N/A,,
hsa-miR-122-5p,CCNYL1,V,MAMI,N/A,N/A,,
hsa-miR-122-5p,FOXP2,V,MAMI,N/A,N/A,,
hsa-miR-122-5p,G3BP2,V,MAMI,N/A,N/A,,
hsa-miR-122-5p,GIT1,V,MAMI,N/A,N/A,,
hsa-miR-122-5p,GPR3,V,MAMI,N/A,N/A,,
hsa-miR-122-5p,HDAC4,V,MAMI,N/A,N/A,,
hsa-miR-122-5p,IQGAP1,V,MAMI,N/A,N/A,,
hsa-miR-122-5p,KCNN3,V,MAMI,N/A,N/A,,
hsa-miR-122-5p,KHDRBS1,V,MAMI,N/A,N/A,,
hsa-miR-122-5p,LAMC1,V,MAMI,N/A,N/A,,
hsa-miR-122-5p,LUZP1,V,MAMI,N/A,N/A,,
hsa-miR-122-5p,MAP3K3,V,MAMI,N/A,N/A,,
hsa-miR-122-5p,MAPRE1,V,MAMI,N/A,N/A,,
hsa-miR-122-5p,MARK1,V,MAMI,N/A,N/A,,
hsa-miR-122-5p,MASP1,V,MAMI,N/A,N/A,,
hsa-miR-122-5p,MBNL1,V,MAMI,N/A,N/A,,
hsa-miR-122-5p,MECP2,V,MAMI,N/A,N/A,,
hsa-miR-122-5p,MINK1,V,MAMI,N/A,N/A,,
hsa-miR-122-5p,MIPOL1,V,MAMI,N/A,N/A,,
hsa-miR-122-5p,NFAT5,V,MAMI,N/A,N/A,,
hsa-miR-122-5p,NTRK2,V,MAMI,N/A,N/A,,
hsa-miR-122-5p,PURB,V,MAMI,N/A,N/A,,
hsa-miR-122-5p,RAD21,V,MAMI,N/A,N/A,,
hsa-miR-122-5p,PTBP3,V,MAMI,N/A,N/A,,
hsa-miR-122-5p,SENP1,V,MAMI,N/A,N/A,,
hsa-miR-122-5p,SERP1,V,MAMI,N/A,N/A,,
hsa-miR-122-5p,SLC2A14,V,MAMI,N/A,N/A,,
hsa-miR-122-5p,SLC2A3,V,MAMI,N/A,N/A,,
hsa-miR-122-5p,SLC4A3,V,MAMI,N/A,N/A,,
hsa-miR-122-5p,SLC7A1,V,MAMI,N/A,N/A,,
hsa-miR-122-5p,SLC9A6,V,MAMI,N/A,N/A,,
hsa-miR-122-5p,SMARCD1,V,MAMI,N/A,N/A,,
hsa-miR-122-5p,SNX13,V,MAMI,N/A,N/A,,
hsa-miR-122-5p,SRF,V,MAMI,N/A,N/A,,
hsa-miR-122-5p,ATXN1,V,MultiMiTar,N/A,N/A,,
hsa-miR-122-5p,ZNF148,V,MultiMiTar,N/A,N/A,,
hsa-miR-122-5p,SEC62,V,MultiMiTar,N/A,N/A,,
hsa-miR-122-5p,ARPP19,V,MultiMiTar,N/A,N/A,,
hsa-miR-122-5p,CCDC6,V,MultiMiTar,N/A,N/A,,
hsa-miR-122-5p,NFAT5,V,MultiMiTar,N/A,N/A,,
hsa-miR-122-5p,TRIM2,V,MultiMiTar,N/A,N/A,,
hsa-miR-122-5p,LIN7C,V,MultiMiTar,N/A,N/A,,
hsa-miR-122-5p,STK17A,V,MultiMiTar,N/A,N/A,,
hsa-miR-122-5p,ERBB4,V,MultiMiTar,N/A,N/A,,
hsa-miR-122-5p,SNTB2,V,MultiMiTar,N/A,N/A,,
hsa-miR-122-5p,FOXN3,V,MultiMiTar,N/A,N/A,,
hsa-miR-122-5p,RC3H1,V,MultiMiTar,N/A,N/A,,
hsa-miR-122-5p,ESR1,V,MultiMiTar,N/A,N/A,,
hsa-miR-122-5p,AFF3,V,MultiMiTar,N/A,N/A,,
hsa-miR-122-5p,TMEM47,V,MultiMiTar,N/A,N/A,,
hsa-miR-122-5p,ASTN1,V,MultiMiTar,N/A,N/A,,
hsa-miR-122-5p,BRWD1,V,MultiMiTar,N/A,N/A,,
hsa-miR-122-5p,IGF1,V,MultiMiTar,N/A,N/A,,
hsa-miR-122-5p,CREB5,V,MultiMiTar,N/A,N/A,,
hsa-miR-122-5p,FOXP1,V,MultiMiTar,N/A,N/A,,
hsa-miR-122-5p,RAB22A,V,MultiMiTar,N/A,N/A,,
hsa-miR-122-5p,SMG1,V,MultiMiTar,N/A,N/A,,
hsa-miR-122-5p,AP1G1,V,MultiMiTar,N/A,N/A,,
hsa-miR-122-5p,TEAD1,V,MultiMiTar,N/A,N/A,,
hsa-miR-122-5p,ACVR2B,V,MultiMiTar,N/A,N/A,,
hsa-miR-122-5p,ZNF280B,V,MultiMiTar,N/A,N/A,,
hsa-miR-122-5p,HELZ,V,MultiMiTar,N/A,N/A,,
hsa-miR-122-5p,BNC2,V,MultiMiTar,N/A,N/A,,
hsa-miR-122-5p,MIPOL1,V,MultiMiTar,N/A,N/A,,
hsa-miR-122-5p,XIAP,V,MultiMiTar,N/A,N/A,,
hsa-miR-122-5p,SEMA6D,V,MultiMiTar,N/A,N/A,,
hsa-miR-122-5p,CSNK1G1,V,MultiMiTar,N/A,N/A,,
hsa-miR-122-5p,NTRK2,V,MultiMiTar,N/A,N/A,,
hsa-miR-122-5p,KCMF1,V,MultiMiTar,N/A,N/A,,
hsa-miR-122-5p,KMT2A,V,MultiMiTar,N/A,N/A,,
hsa-miR-122-5p,RAB6B,V,MultiMiTar,N/A,N/A,,
hsa-miR-122-5p,MPP5,V,MultiMiTar,N/A,N/A,,
hsa-miR-122-5p,MAP1B,V,MultiMiTar,N/A,N/A,,
hsa-miR-122-5p,PLXNA2,V,MultiMiTar,N/A,N/A,,
hsa-miR-122-5p,METTL9,V,MultiMiTar,N/A,N/A,,
hsa-miR-122-5p,RTKN2,V,MultiMiTar,N/A,N/A,,
hsa-miR-122-5p,PLAG1,V,MultiMiTar,N/A,N/A,,
hsa-miR-122-5p,PRKCE,V,MultiMiTar,N/A,N/A,,
hsa-miR-122-5p,IGF1R,V,MultiMiTar,N/A,N/A,,
hsa-miR-122-5p,PLAGL2,V,MultiMiTar,N/A,N/A,,
hsa-miR-122-5p,SRGAP3,V,MultiMiTar,N/A,N/A,,
hsa-miR-122-5p,RIMS1,V,MultiMiTar,N/A,N/A,,
hsa-miR-122-5p,CLTC,V,MultiMiTar,N/A,N/A,,
hsa-miR-122-5p,TRPS1,V,MultiMiTar,N/A,N/A,,
hsa-miR-122-5p,SORCS1,V,MultiMiTar,N/A,N/A,,
hsa-miR-122-5p,SERP1,V,MultiMiTar,N/A,N/A,,
hsa-miR-122-5p,ACAP2,V,MultiMiTar,N/A,N/A,,
hsa-miR-122-5p,SPRED1,V,MultiMiTar,N/A,N/A,,
hsa-miR-122-5p,HIF1AN,V,MultiMiTar,N/A,N/A,,
hsa-miR-122-5p,SMARCC1,V,MultiMiTar,N/A,N/A,,
hsa-miR-122-5p,NDST1,V,MultiMiTar,N/A,N/A,,
hsa-miR-122-5p,FAM120C,V,MultiMiTar,N/A,N/A,,
hsa-miR-122-5p,DIXDC1,V,MultiMiTar,N/A,N/A,,
hsa-miR-122-5p,TCF4,V,MultiMiTar,N/A,N/A,,
hsa-miR-122-5p,CBL,V,MultiMiTar,N/A,N/A,,
hsa-miR-122-5p,IKZF4,V,MultiMiTar,N/A,N/A,,
hsa-miR-122-5p,EPB41L1,V,MultiMiTar,N/A,N/A,,
hsa-miR-122-5p,KHNYN,V,MultiMiTar,N/A,N/A,,
hsa-miR-122-5p,E2F3,V,MultiMiTar,N/A,N/A,,
hsa-miR-122-5p,RAB11FIP1,V,MultiMiTar,N/A,N/A,,
hsa-miR-122-5p,CLCN5,V,MultiMiTar,N/A,N/A,,
hsa-miR-122-5p,NUP50,V,MultiMiTar,N/A,N/A,,
hsa-miR-122-5p,CELF2,V,MultiMiTar,N/A,N/A,,
hsa-miR-122-5p,DDX3X,V,MultiMiTar,N/A,N/A,,
hsa-miR-122-5p,DDX3Y,V,MultiMiTar,N/A,N/A,,
hsa-miR-122-5p,UST,V,MultiMiTar,N/A,N/A,,
hsa-miR-122-5p,KPNA1,V,MultiMiTar,N/A,N/A,,
hsa-miR-122-5p,GPD2,V,MultiMiTar,N/A,N/A,,
hsa-miR-122-5p,DLG2,V,MultiMiTar,N/A,N/A,,
hsa-miR-122-5p,BCL11B,V,MultiMiTar,N/A,N/A,,
hsa-miR-122-5p,KCNJ2,V,MultiMiTar,N/A,N/A,,
hsa-miR-122-5p,SPTLC2,V,MultiMiTar,N/A,N/A,,
hsa-miR-122-5p,EIF1AX,V,MultiMiTar,N/A,N/A,,
hsa-miR-122-5p,BCL11A,V,MultiMiTar,N/A,N/A,,
hsa-miR-122-5p,DCAF10,V,MultiMiTar,N/A,N/A,,
hsa-miR-122-5p,SLC35F1,V,MultiMiTar,N/A,N/A,,
hsa-miR-122-5p,CDK14,V,MultiMiTar,N/A,N/A,,
hsa-miR-122-5p,CCND2,V,MultiMiTar,N/A,N/A,,
hsa-miR-122-5p,SHROOM4,V,MultiMiTar,N/A,N/A,,
hsa-miR-122-5p,DOCK3,V,MultiMiTar,N/A,N/A,,
hsa-miR-122-5p,PGM2L1,V,MultiMiTar,N/A,N/A,,
hsa-miR-122-5p,TMEM106B,V,MultiMiTar,N/A,N/A,,
hsa-miR-122-5p,PTBP3,V,MultiMiTar,N/A,N/A,,
hsa-miR-122-5p,SLC10A7,V,MultiMiTar,N/A,N/A,,
hsa-miR-122-5p,TMCC1,V,MultiMiTar,N/A,N/A,,
hsa-miR-122-5p,FBXL20,V,MultiMiTar,N/A,N/A,,
hsa-miR-122-5p,NUFIP2,V,MultiMiTar,N/A,N/A,,
hsa-miR-122-5p,C2orf69,V,MultiMiTar,N/A,N/A,,
hsa-miR-122-5p,SORT1,V,MultiMiTar,N/A,N/A,,
hsa-miR-122-5p,SP1,V,MultiMiTar,N/A,N/A,,
hsa-miR-122-5p,HNRNPU,V,MultiMiTar,N/A,N/A,,
hsa-miR-122-5p,MINDY2,V,MultiMiTar,N/A,N/A,,
hsa-miR-122-5p,IKZF2,V,MultiMiTar,N/A,N/A,,
hsa-miR-122-5p,CHD2,V,MultiMiTar,N/A,N/A,,
hsa-miR-122-5p,EDA,V,MultiMiTar,N/A,N/A,,
hsa-miR-122-5p,ARHGAP20,V,MultiMiTar,N/A,N/A,,
hsa-miR-122-5p,NKTR,V,MultiMiTar,N/A,N/A,,
hsa-miR-122-5p,MTX3,V,MultiMiTar,N/A,N/A,,
hsa-miR-122-5p,CREBL2,V,MultiMiTar,N/A,N/A,,
hsa-miR-122-5p,PHC3,V,MultiMiTar,N/A,N/A,,
hsa-miR-122-5p,SLC16A2,V,MultiMiTar,N/A,N/A,,
hsa-miR-122-5p,TNKS2,V,MultiMiTar,N/A,N/A,,
hsa-miR-122-5p,SOX11,V,MultiMiTar,N/A,N/A,,
hsa-miR-122-5p,GATAD2B,V,MultiMiTar,N/A,N/A,,
hsa-miR-122-5p,PRICKLE2,V,MultiMiTar,N/A,N/A,,
hsa-miR-122-5p,LIN28B,V,MultiMiTar,N/A,N/A,,
hsa-miR-122-5p,ZKSCAN8,V,MultiMiTar,N/A,N/A,,
hsa-miR-122-5p,CUL5,V,MultiMiTar,N/A,N/A,,
hsa-miR-122-5p,CPED1,V,MultiMiTar,N/A,N/A,,
hsa-miR-122-5p,CNOT6,V,MultiMiTar,N/A,N/A,,
hsa-miR-122-5p,ARL3,V,MultiMiTar,N/A,N/A,,
hsa-miR-122-5p,SOX6,V,MultiMiTar,N/A,N/A,,
hsa-miR-122-5p,TWF1,V,MultiMiTar,N/A,N/A,,
hsa-miR-122-5p,HS2ST1,V,MultiMiTar,N/A,N/A,,
hsa-miR-122-5p,AHCYL1,V,MultiMiTar,N/A,N/A,,
hsa-miR-122-5p,STC1,V,MultiMiTar,N/A,N/A,,
hsa-miR-122-5p,ARF3,V,MultiMiTar,N/A,N/A,,
hsa-miR-122-5p,LHFPL4,V,MultiMiTar,N/A,N/A,,
hsa-miR-122-5p,GPR85,V,MultiMiTar,N/A,N/A,,
hsa-miR-122-5p,SERF2,V,MultiMiTar,N/A,N/A,,
hsa-miR-122-5p,LARP4,V,MultiMiTar,N/A,N/A,,
hsa-miR-122-5p,TPM3,V,MultiMiTar,N/A,N/A,,
hsa-miR-122-5p,RICTOR,V,MultiMiTar,N/A,N/A,,
hsa-miR-122-5p,NRP2,V,MultiMiTar,N/A,N/A,,
hsa-miR-122-5p,RNF38,V,MultiMiTar,N/A,N/A,,
hsa-miR-122-5p,SLC2A1,V,MultiMiTar,N/A,N/A,,
hsa-miR-122-5p,GMFB,V,MultiMiTar,N/A,N/A,,
hsa-miR-122-5p,HNRNPA3,V,MultiMiTar,N/A,N/A,,
hsa-miR-122-5p,DLG3,V,MultiMiTar,N/A,N/A,,
hsa-miR-122-5p,BACH2,V,MultiMiTar,N/A,N/A,,
hsa-miR-122-5p,BSN,V,MultiMiTar,N/A,N/A,,
hsa-miR-122-5p,PAPPA,V,MultiMiTar,N/A,N/A,,
hsa-miR-122-5p,FZD4,V,MultiMiTar,N/A,N/A,,
hsa-miR-122-5p,AMER1,V,MultiMiTar,N/A,N/A,,
hsa-miR-122-5p,EFNB2,V,MultiMiTar,N/A,N/A,,
hsa-miR-122-5p,RIMS4,V,MultiMiTar,N/A,N/A,,
hsa-miR-122-5p,GNB1,V,MultiMiTar,N/A,N/A,,
hsa-miR-122-5p,LAMC1,V,MultiMiTar,N/A,N/A,,
hsa-miR-122-5p,ATP2B2,V,MultiMiTar,N/A,N/A,,
hsa-miR-122-5p,PCDH7,V,MultiMiTar,N/A,N/A,,
hsa-miR-122-5p,BDNF,V,MultiMiTar,N/A,N/A,,
hsa-miR-122-5p,DTNA,V,MultiMiTar,N/A,N/A,,
hsa-miR-122-5p,TTPAL,V,MultiMiTar,N/A,N/A,,
hsa-miR-122-5p,CPLX2,V,MultiMiTar,N/A,N/A,,
hsa-miR-122-5p,MBNL1,V,MultiMiTar,N/A,N/A,,
hsa-miR-122-5p,HDAC4,V,MultiMiTar,N/A,N/A,,
hsa-miR-122-5p,SEL1L,V,MultiMiTar,N/A,N/A,,
hsa-miR-122-5p,QKI,V,MultiMiTar,N/A,N/A,,
hsa-miR-122-5p,GRHL2,V,MultiMiTar,N/A,N/A,,
hsa-miR-122-5p,FRS2,V,MultiMiTar,N/A,N/A,,
hsa-miR-122-5p,LUC7L3,V,MultiMiTar,N/A,N/A,,
hsa-miR-122-5p,RNF165,V,MultiMiTar,N/A,N/A,,
hsa-miR-122-5p,FOXP2,V,PicTar,N/A,N/A,,
hsa-miR-122-5p,QSER1,V,PicTar,N/A,N/A,,
hsa-miR-122-5p,NFAT5,V,PicTar,N/A,N/A,,
hsa-miR-122-5p,DYRK1A,V,PicTar,N/A,N/A,,
hsa-miR-122-5p,HNRNPU,V,PicTar,N/A,N/A,,
hsa-miR-122-5p,DICER1,V,PicTar,N/A,N/A,,
hsa-miR-122-5p,ZNF827,V,PicTar,N/A,N/A,,
hsa-miR-122-5p,BACH2,V,PicTar,N/A,N/A,,
hsa-miR-122-5p,G3BP2,V,PicTar,N/A,N/A,,
hsa-miR-122-5p,MEIS2,V,PicTar,N/A,N/A,,
hsa-miR-122-5p,MBNL1,V,PicTar,N/A,N/A,,
hsa-miR-122-5p,PAPOLA,V,PicTar,N/A,N/A,,
hsa-miR-122-5p,BHLHE41,V,PicTar,N/A,N/A,,
hsa-miR-122-5p,RAD21,V,PicTar,N/A,N/A,,
hsa-miR-122-5p,CSNK1G1,V,PicTar,N/A,N/A,,
hsa-miR-122-5p,MIPOL1,V,PicTar,N/A,N/A,,
hsa-miR-122-5p,NPEPPS,V,PicTar,N/A,N/A,,
hsa-miR-122-5p,EDA,V,TargetRank,N/A,N/A,,
hsa-miR-122-5p,CPEB1,V,TargetRank,N/A,N/A,,
hsa-miR-122-5p,UPK2,V,TargetRank,N/A,N/A,,
hsa-miR-122-5p,AP1AR,V,TargetRank,N/A,N/A,,
hsa-miR-122-5p,GJA3,V,TargetRank,N/A,N/A,,
hsa-miR-122-5p,GJC1,V,TargetRank,N/A,N/A,,
hsa-miR-122-5p,ERGIC1,V,TargetRank,N/A,N/A,,
hsa-miR-122-5p,MBNL1,V,TargetRank,N/A,N/A,,
hsa-miR-122-5p,RAPH1,V,TargetRank,N/A,N/A,,
hsa-miR-122-5p,SRF,V,TargetRank,N/A,N/A,,
hsa-miR-122-5p,OCRL,V,TargetRank,N/A,N/A,,
hsa-miR-122-5p,GCNT4,V,TargetRank,N/A,N/A,,
hsa-miR-122-5p,PDK4,V,TargetRank,N/A,N/A,,
hsa-miR-122-5p,PTBP3,V,TargetRank,N/A,N/A,,
hsa-miR-122-5p,NTRK2,V,TargetRank,N/A,N/A,,
hsa-miR-122-5p,CHD5,V,TargetRank,N/A,N/A,,
hsa-miR-122-5p,NPEPPS,V,TargetRank,N/A,N/A,,
hsa-miR-122-5p,DNAJC5,V,TargetRank,N/A,N/A,,
hsa-miR-122-5p,MECP2,V,TargetRank,N/A,N/A,,
hsa-miR-122-5p,TOB2,V,TargetRank,N/A,N/A,,
hsa-miR-122-5p,ICMT,V,TargetRank,N/A,N/A,,
hsa-miR-122-5p,RAB3IP,V,TargetRank,N/A,N/A,,
hsa-miR-122-5p,MAP1B,V,TargetRank,N/A,N/A,,
hsa-miR-122-5p,TFAP2B,V,TargetRank,N/A,N/A,,
hsa-miR-122-5p,BRPF1,V,TargetRank,N/A,N/A,,
hsa-miR-122-5p,MYCL,V,TargetRank,N/A,N/A,,
hsa-miR-122-5p,IKZF2,V,TargetRank,N/A,N/A,,
hsa-miR-122-5p,ARHGEF39,V,TargetRank,N/A,N/A,,
hsa-miR-122-5p,PLXNA2,V,TargetRank,N/A,N/A,,
hsa-miR-122-5p,VOPP1,V,TargetRank,N/A,N/A,,
hsa-miR-122-5p,CACHD1,V,TargetRank,N/A,N/A,,
hsa-miR-122-5p,RELL1,V,TargetRank,N/A,N/A,,
hsa-miR-122-5p,SUCLA2,V,TargetRank,N/A,N/A,,
hsa-miR-122-5p,ICA1L,V,TargetRank,N/A,N/A,,
hsa-miR-122-5p,KCNMA1,V,TargetRank,N/A,N/A,,
hsa-miR-122-5p,NFASC,V,TargetRank,N/A,N/A,,
hsa-miR-122-5p,RIMS3,V,TargetRank,N/A,N/A,,
hsa-miR-122-5p,TRPS1,V,TargetRank,N/A,N/A,,
hsa-miR-122-5p,TBC1D22B,V,TargetRank,N/A,N/A,,
hsa-miR-122-5p,JRK,V,TargetRank,N/A,N/A,,
hsa-miR-122-5p,GRAMD2B,V,TargetRank,N/A,N/A,,
hsa-miR-122-5p,MOB3B,V,TargetRank,N/A,N/A,,
hsa-miR-122-5p,NOD2,V,TargetRank,N/A,N/A,,
hsa-miR-122-5p,CYBRD1,V,TargetRank,N/A,N/A,,
hsa-miR-122-5p,CACNA2D2,V,TargetRank,N/A,N/A,,
hsa-miR-122-5p,ZCCHC3,V,TargetRank,N/A,N/A,,
hsa-miR-122-5p,ABCF2,V,TargetRank,N/A,N/A,,
hsa-miR-122-5p,FAM222B,V,TargetRank,N/A,N/A,,
hsa-miR-122-5p,JADE2,V,TargetRank,N/A,N/A,,
hsa-miR-122-5p,OPRK1,V,TargetRank,N/A,N/A,,
hsa-miR-122-5p,HNRNPU,V,TargetRank,N/A,N/A,,
hsa-miR-122-5p,TMEM216,V,TargetRank,N/A,N/A,,
hsa-miR-122-5p,MAPKBP1,V,TargetRank,N/A,N/A,,
hsa-miR-122-5p,ZKSCAN8,V,TargetRank,N/A,N/A,,
hsa-miR-122-5p,SEMA4D,V,TargetRank,N/A,N/A,,
hsa-miR-122-5p,OTUD7B,V,TargetRank,N/A,N/A,,
hsa-miR-122-5p,FAM155B,V,TargetRank,N/A,N/A,,
hsa-miR-122-5p,C21orf62,V,TargetRank,N/A,N/A,,
hsa-miR-122-5p,TTPAL,V,TargetRank,N/A,N/A,,
hsa-miR-122-5p,STK39,V,TargetRank,N/A,N/A,,
hsa-miR-122-5p,FAM117B,V,TargetRank,N/A,N/A,,
hsa-miR-122-5p,KMT2A,V,TargetRank,N/A,N/A,,
hsa-miR-122-5p,MAP3K3,V,TargetRank,N/A,N/A,,
hsa-miR-122-5p,VANGL1,V,TargetRank,N/A,N/A,,
hsa-miR-122-5p,PRKRA,V,TargetRank,N/A,N/A,,
hsa-miR-122-5p,MAP3K12,V,TargetRank,N/A,N/A,,
hsa-miR-122-5p,SLC1A2,V,TargetRank,N/A,N/A,,
hsa-miR-122-5p,DEDD,V,TargetRank,N/A,N/A,,
hsa-miR-122-5p,RIMS1,V,TargetRank,N/A,N/A,,
hsa-miR-122-5p,WDR47,V,TargetRank,N/A,N/A,,
hsa-miR-122-5p,ZNF626,V,TargetRank,N/A,N/A,,
hsa-miR-122-5p,HR,V,TargetRank,N/A,N/A,,
hsa-miR-122-5p,KIAA0513,V,TargetRank,N/A,N/A,,
hsa-miR-122-5p,KREMEN1,V,TargetRank,N/A,N/A,,
hsa-miR-122-5p,PRICKLE2,V,TargetRank,N/A,N/A,,
hsa-miR-122-5p,GALC,V,TargetRank,N/A,N/A,,
hsa-miR-122-5p,MASP1,V,TargetRank,N/A,N/A,,
hsa-miR-122-5p,PAPOLA,V,TargetRank,N/A,N/A,,
hsa-miR-122-5p,POLR3A,V,TargetRank,N/A,N/A,,
hsa-miR-122-5p,SYNDIG1,V,TargetRank,N/A,N/A,,
hsa-miR-122-5p,PRELP,V,TargetRank,N/A,N/A,,
hsa-miR-122-5p,TCF4,V,TargetRank,N/A,N/A,,
hsa-miR-122-5p,GIT1,V,TargetRank,N/A,N/A,,
hsa-miR-122-5p,AMER1,V,TargetRank,N/A,N/A,,
hsa-miR-122-5p,GTF3C2,V,TargetRank,N/A,N/A,,
hsa-miR-122-5p,XPO4,V,TargetRank,N/A,N/A,,
hsa-miR-122-5p,CD59,V,TargetRank,N/A,N/A,,
hsa-miR-122-5p,SHE,V,TargetRank,N/A,N/A,,
hsa-miR-122-5p,NEGR1,V,TargetRank,N/A,N/A,,
hsa-miR-122-5p,CTDSPL,V,TargetRank,N/A,N/A,,
hsa-miR-122-5p,NCDN,V,TargetRank,N/A,N/A,,
hsa-miR-122-5p,IGF2BP1,V,TargetRank,N/A,N/A,,
hsa-miR-122-5p,MAPK4,V,TargetRank,N/A,N/A,,
hsa-miR-122-5p,SARM1,V,TargetRank,N/A,N/A,,
hsa-miR-122-5p,GALNT3,V,TargetRank,N/A,N/A,,
hsa-miR-122-5p,SHPRH,V,TargetRank,N/A,N/A,,
hsa-miR-122-5p,ABI2,V,TargetRank,N/A,N/A,,
hsa-miR-122-5p,ABR,V,TargetRank,N/A,N/A,,
hsa-miR-122-5p,ADCY1,V,TargetRank,N/A,N/A,,
hsa-miR-122-5p,PROSER1,V,TargetRank,N/A,N/A,,
hsa-miR-122-5p,SOX11,V,TargetRank,N/A,N/A,,
hsa-miR-122-5p,CCDC150,V,TargetRank,N/A,N/A,,
hsa-miR-122-5p,SMARCD1,V,TargetRank,N/A,N/A,,
hsa-miR-122-5p,GPM6B,V,TargetRank,N/A,N/A,,
hsa-miR-122-5p,RSL1D1,V,TargetRank,N/A,N/A,,
hsa-miR-122-5p,ENTPD1,V,TargetRank,N/A,N/A,,
hsa-miR-122-5p,AKT3,V,TargetRank,N/A,N/A,,
hsa-miR-122-5p,PEAK1,V,TargetRank,N/A,N/A,,
hsa-miR-122-5p,RIMBP2,V,TargetRank,N/A,N/A,,
hsa-miR-122-5p,CBL,V,TargetRank,N/A,N/A,,
hsa-miR-122-5p,LAMC1,V,TargetRank,N/A,N/A,,
hsa-miR-122-5p,LIMCH1,V,TargetRank,N/A,N/A,,
hsa-miR-122-5p,BMPR2,V,TargetRank,N/A,N/A,,
hsa-miR-122-5p,CRHR1,V,TargetRank,N/A,N/A,,
hsa-miR-122-5p,C19orf54,V,TargetRank,N/A,N/A,,
hsa-miR-122-5p,IBA57,V,TargetRank,N/A,N/A,,
hsa-miR-122-5p,VSIR,V,TargetRank,N/A,N/A,,
hsa-miR-122-5p,UBN2,V,TargetRank,N/A,N/A,,
hsa-miR-122-5p,RNF165,V,TargetRank,N/A,N/A,,
hsa-miR-122-5p,METTL9,V,TargetRank,N/A,N/A,,
hsa-miR-122-5p,PPP1R12B,V,TargetRank,N/A,N/A,,
hsa-miR-122-5p,PDZD2,V,TargetRank,N/A,N/A,,
hsa-miR-122-5p,GRHL2,V,TargetRank,N/A,N/A,,
hsa-miR-122-5p,ADSS,V,TargetScan,N/A,N/A,,
hsa-miR-122-5p,ARL2,V,TargetScan,N/A,N/A,,
hsa-miR-122-5p,BRPF1,V,TargetScan,N/A,N/A,,
hsa-miR-122-5p,CANX,V,TargetScan,N/A,N/A,,
hsa-miR-122-5p,CHMP3,V,TargetScan,N/A,N/A,,
hsa-miR-122-5p,CPEB1,V,TargetScan,N/A,N/A,,
hsa-miR-122-5p,FKBP5,V,TargetScan,N/A,N/A,,
hsa-miR-122-5p,GRAMD2B,V,TargetScan,N/A,N/A,,
hsa-miR-122-5p,GRHL2,V,TargetScan,N/A,N/A,,
hsa-miR-122-5p,MASP1,V,TargetScan,N/A,N/A,,
hsa-miR-122-5p,MIPOL1,V,TargetScan,N/A,N/A,,
hsa-miR-122-5p,NOD2,V,TargetScan,N/A,N/A,,
hsa-miR-122-5p,NT5C3A,V,TargetScan,N/A,N/A,,
hsa-miR-122-5p,SPRY2,V,TargetScan,N/A,N/A,,
hsa-miR-122-5p,SUCLA2,V,TargetScan,N/A,N/A,,
hsa-miR-122-5p,ARFGEF1,V,TargetScan,N/A,N/A,,
hsa-miR-122-5p,CS,V,TargetScan,N/A,N/A,,
hsa-miR-122-5p,CTNND2,V,TargetScan,N/A,N/A,,
hsa-miR-122-5p,HNRNPU,V,TargetScan,N/A,N/A,,
hsa-miR-122-5p,KIF5B,V,TargetScan,N/A,N/A,,
hsa-miR-122-5p,PEG10,V,TargetScan,N/A,N/A,,
hsa-miR-122-5p,SLC1A5,V,TargetScan,N/A,N/A,,
hsa-miR-122-5p,ZNF827,V,TargetScan,N/A,N/A,,
hsa-miR-122-5p,DENND2C,V,TargetScan,N/A,N/A,,
hsa-miR-122-5p,GCNT4,V,TargetScan,N/A,N/A,,
hsa-miR-122-5p,KLHL18,V,TargetScan,N/A,N/A,,
hsa-miR-122-5p,MEIS2,V,TargetScan,N/A,N/A,,
hsa-miR-122-5p,NOL4L,V,TargetScan,N/A,N/A,,
hsa-miR-122-5p,NPAS3,V,TargetScan,N/A,N/A,,
hsa-miR-122-5p,PLAG1,V,TargetScan,N/A,N/A,,
hsa-miR-122-5p,SLC13A5,V,TargetScan,N/A,N/A,,
hsa-miR-122-5p,GALNTL6,V,TargetScan,N/A,N/A,,
hsa-miR-122-5p,NPEPPS,V,TargetScan,N/A,N/A,,
hsa-miR-122-5p,PDK4,V,TargetScan,N/A,N/A,,
hsa-miR-122-5p,PLEKHB2,V,TargetScan,N/A,N/A,,
hsa-miR-122-5p,PRKRA,V,TargetScan,N/A,N/A,,
hsa-miR-122-5p,ST6GALNAC4,V,TargetScan,N/A,N/A,,
hsa-miR-122-5p,TBC1D10B,V,TargetScan,N/A,N/A,,
hsa-miR-122-5p,CTDSPL,V,TargetScan,N/A,N/A,,
hsa-miR-122-5p,FOXP2,V,TargetScan,N/A,N/A,,
hsa-miR-122-5p,GNPDA1,V,TargetScan,N/A,N/A,,
hsa-miR-122-5p,PLXNA2,V,TargetScan,N/A,N/A,,
hsa-miR-122-5p,SERP1,V,TargetScan,N/A,N/A,,
hsa-miR-122-5p,SORT1,V,TargetScan,N/A,N/A,,
hsa-miR-122-5p,UBE2G1,V,TargetScan,N/A,N/A,,
hsa-miR-122-5p,EGLN3,V,TargetScan,N/A,N/A,,
hsa-miR-122-5p,IHH,V,TargetScan,N/A,N/A,,
hsa-miR-122-5p,SLC9A6,V,TargetScan,N/A,N/A,,
hsa-miR-122-5p,G3BP2,V,TargetScan,N/A,N/A,,
hsa-miR-122-5p,LRP10,V,TargetScan,N/A,N/A,,
hsa-miR-122-5p,NEGR1,V,TargetScan,N/A,N/A,,
hsa-miR-122-5p,RIMS1,V,TargetScan,N/A,N/A,,
hsa-miR-122-5p,SLC25A29,V,TargetScan,N/A,N/A,,
hsa-miR-122-5p,USP53,V,TargetScan,N/A,N/A,,
hsa-miR-122-5p,ZBTB41,V,TargetScan,N/A,N/A,,
hsa-miR-122-5p,NAA50,V,TargetScan,N/A,N/A,,
hsa-miR-122-5p,SLC7A1,V,TargetScan,N/A,N/A,,
hsa-miR-122-5p,ADAM10,V,TargetScan,N/A,N/A,,
hsa-miR-122-5p,DLG2,V,TargetScan,N/A,N/A,,
hsa-miR-122-5p,DEDD,V,TargetScan,N/A,N/A,,
hsa-miR-122-5p,GALNT1,V,TargetScan,N/A,N/A,,
hsa-miR-122-5p,NFAT5,V,TargetScan,N/A,N/A,,
hsa-miR-122-5p,SORCS1,V,TargetScan,N/A,N/A,,
hsa-miR-122-5p,SESN2,V,TargetScan,N/A,N/A,,
hsa-miR-122-5p,LARP4B,V,TargetScan,N/A,N/A,,
hsa-miR-122-5p,OTUD7B,V,TargetScan,N/A,N/A,,
hsa-miR-122-5p,RRAGC,V,TargetScan,N/A,N/A,,
hsa-miR-122-5p,CDC25A,V,TargetScan,N/A,N/A,,
hsa-miR-122-5p,CCNYL1,V,TargetScan,N/A,N/A,,
hsa-miR-122-5p,CTDSPL2,V,TargetScan,N/A,N/A,,
hsa-miR-122-5p,HHIP,V,TargetScan,N/A,N/A,,
hsa-miR-122-5p,RAD21,V,TargetScan,N/A,N/A,,
hsa-miR-122-5p,SLC35A4,V,TargetScan,N/A,N/A,,
hsa-miR-122-5p,AGO1,V,TargetScan,N/A,N/A,,
hsa-miR-122-5p,FOXO3,V,TargetScan,N/A,N/A,,
hsa-miR-122-5p,ESR1,V,TargetScan,N/A,N/A,,
hsa-miR-16-5p,CACNB2,Functional MTI (Weak),MIRT051063,CLASH,23622248,,
hsa-miR-16-5p,NAV2,Functional MTI (Weak),MIRT051065,CLASH,23622248,,
hsa-miR-16-5p,OTUD7B,Functional MTI (Weak),MIRT051066,CLASH,23622248,,
hsa-miR-16-5p,RSL1D1,Functional MTI (Weak),MIRT051068,CLASH,23622248,,
hsa-miR-16-5p,MLF2,Functional MTI (Weak),MIRT051088,CLASH,23622248,,
hsa-miR-16-5p,DIXDC1,Functional MTI (Weak),MIRT051092,CLASH,23622248,,
hsa-miR-16-5p,EEF2K,Functional MTI (Weak),MIRT051093,CLASH,23622248,,
hsa-miR-16-5p,ORAI2,Functional MTI (Weak),MIRT051095,CLASH,23622248,,
hsa-miR-16-5p,DDX6,Functional MTI (Weak),MIRT051097,CLASH,23622248,,
hsa-miR-16-5p,IDS,Functional MTI (Weak),MIRT051099,CLASH,23622248,,
hsa-miR-16-5p,C19orf54,Functional MTI (Weak),MIRT051100,CLASH,23622248,,
hsa-miR-16-5p,LSM5,Functional MTI (Weak),MIRT051127,CLASH,23622248,,
hsa-miR-16-5p,ZNF644,Functional MTI (Weak),MIRT051132,CLASH,23622248,,
hsa-miR-16-5p,RIOK3,Functional MTI (Weak),MIRT051135,CLASH,23622248,,
hsa-miR-16-5p,LONRF2,Functional MTI (Weak),MIRT051147,CLASH,23622248,,
hsa-miR-16-5p,TMED1,Functional MTI (Weak),MIRT051161,CLASH,23622248,,
hsa-miR-16-5p,BNC2,Functional MTI (Weak),MIRT051162,CLASH,23622248,,
hsa-miR-16-5p,INO80D,Functional MTI (Weak),MIRT051164,CLASH,23622248,,
hsa-miR-16-5p,USP8,Functional MTI (Weak),MIRT051165,CLASH,23622248,,
hsa-miR-16-5p,AMOT,Functional MTI (Weak),MIRT051168,CLASH,23622248,,
hsa-miR-16-5p,AMOT,Functional MTI (Weak),MIRT051168,PAR-CLIP,21572407,,
hsa-miR-16-5p,AMER1,Functional MTI (Weak),MIRT051169,CLASH,23622248,,
hsa-miR-16-5p,AMER1,Functional MTI (Weak),MIRT051169,HITS-CLIP,22473208,,
hsa-miR-16-5p,NEURL4,Functional MTI (Weak),MIRT051170,CLASH,23622248,,
hsa-miR-16-5p,UBE2Z,Functional MTI (Weak),MIRT051172,CLASH,23622248,,
hsa-miR-16-5p,MSL3,Functional MTI (Weak),MIRT051183,CLASH,23622248,,
hsa-miR-16-5p,E2F3,Functional MTI (Weak),MIRT051187,CLASH,23622248,,
hsa-miR-16-5p,E2F3,Functional MTI (Weak),MIRT051187,HITS-CLIP,22473208,,
hsa-miR-16-5p,IKZF4,Functional MTI (Weak),MIRT051190,CLASH,23622248,,
hsa-miR-16-5p,KCNS2,Functional MTI (Weak),MIRT051192,CLASH,23622248,,
hsa-miR-16-5p,ZNF827,Functional MTI (Weak),MIRT051198,CLASH,23622248,,
hsa-miR-16-5p,CLTC,Functional MTI (Weak),MIRT051201,CLASH,23622248,,
hsa-miR-16-5p,ZZEF1,Functional MTI (Weak),MIRT051207,CLASH,23622248,,
hsa-miR-16-5p,XPO4,Functional MTI (Weak),MIRT051210,CLASH,23622248,,
hsa-miR-16-5p,HM13,Functional MTI (Weak),MIRT051212,CLASH,23622248,,
hsa-miR-16-5p,FAM155B,Functional MTI (Weak),MIRT051218,CLASH,23622248,,
hsa-miR-16-5p,CNN3,Functional MTI (Weak),MIRT051220,CLASH,23622248,,
hsa-miR-16-5p,TXLNG,Functional MTI (Weak),MIRT051225,CLASH,23622248,,
hsa-miR-16-5p,MAP3K7,Functional MTI (Weak),MIRT051235,CLASH,23622248,,
hsa-miR-16-5p,MAP3K7,Functional MTI (Weak),MIRT051235,PAR-CLIP,20371350,,
hsa-miR-16-5p,DICER1,Functional MTI (Weak),MIRT051245,CLASH,23622248,,
hsa-miR-16-5p,DICER1,Functional MTI (Weak),MIRT051245,HITS-CLIP,22473208,,
hsa-miR-16-5p,XPO6,Functional MTI (Weak),MIRT051247,CLASH,23622248,,
hsa-miR-16-5p,BTAF1,Functional MTI (Weak),MIRT051248,CLASH,23622248,,
hsa-miR-16-5p,TEP1,Functional MTI (Weak),MIRT051249,CLASH,23622248,,
hsa-miR-16-5p,DHX30,Functional MTI (Weak),MIRT051274,CLASH,23622248,,
hsa-miR-16-5p,NUDT3,Functional MTI (Weak),MIRT051285,CLASH,23622248,,
hsa-miR-16-5p,SPEN,Functional MTI (Weak),MIRT051293,CLASH,23622248,,
hsa-miR-16-5p,BAMBI,Functional MTI (Weak),MIRT051298,CLASH,23622248,,
hsa-miR-16-5p,SOX6,Functional MTI,MIRT052901,"Luciferase reporter assay, qRT-PCR, Western blot",24852767,,
hsa-miR-16-5p,IGF1R,Functional MTI,MIRT053088,"Luciferase reporter assay, qRT-PCR, Western blot",23507142,,
hsa-miR-16-5p,SLC6A4,Functional MTI,MIRT053620,"qRT-PCR, Western blot",22940131,,
hsa-miR-16-5p,YAP1,Functional MTI,MIRT054284,"Flow, Luciferase reporter assay, qRT-PCR, Western blot",25743273,,
hsa-miR-16-5p,SOX5,Functional MTI,MIRT054896,"Luciferase reporter assay, Western blot",25305446,,
hsa-miR-16-5p,BIRC5,Functional MTI,MIRT054909,"Immunoblot, Luciferase reporter assay, qRT-PCR",23380758,,
hsa-miR-16-5p,PLEKHA1,Functional MTI (Weak),MIRT055812,PAR-CLIP,21572407,,
hsa-miR-16-5p,AKAP11,Functional MTI (Weak),MIRT068656,HITS-CLIP,22473208,,
hsa-miR-16-5p,MINK1,Functional MTI (Weak),MIRT077782,HITS-CLIP,22473208,,
hsa-miR-16-5p,SNTB2,Functional MTI (Weak),MIRT075250,PAR-CLIP,22012620,,
hsa-miR-16-5p,SNTB2,Functional MTI (Weak),MIRT075250,PAR-CLIP,21572407,,
hsa-miR-16-5p,MINK1,Functional MTI (Weak),MIRT077782,PAR-CLIP,27292025,,
hsa-miR-16-5p,ACTR2,Functional MTI (Weak),MIRT089207,HITS-CLIP,22473208,,
hsa-miR-16-5p,GALNT1,Functional MTI (Weak),MIRT080012,PAR-CLIP,21572407,,
hsa-miR-16-5p,GALNT1,Functional MTI (Weak),MIRT080012,PAR-CLIP,20371350,,
hsa-miR-16-5p,ZCCHC3,Functional MTI (Weak),MIRT083266,PAR-CLIP,24398324,,
hsa-miR-16-5p,ZCCHC3,Functional MTI (Weak),MIRT083266,PAR-CLIP,23446348,,
hsa-miR-16-5p,ZCCHC3,Functional MTI (Weak),MIRT083266,PAR-CLIP,20371350,,
hsa-miR-16-5p,UBR3,Functional MTI (Weak),MIRT086006,"PAR-CLIP, HITS-CLIP",21572407,,
hsa-miR-16-5p,ACTR2,Functional MTI (Weak),MIRT089207,PAR-CLIP,21572407,,
hsa-miR-16-5p,CANX,Functional MTI (Weak),MIRT096235,PAR-CLIP,21572407,,
hsa-miR-16-5p,MAFK,Functional MTI (Weak),MIRT103093,HITS-CLIP,22473208,,
hsa-miR-16-5p,MAFK,Functional MTI (Weak),MIRT103093,PAR-CLIP,21572407,,
hsa-miR-16-5p,MAFK,Functional MTI (Weak),MIRT103093,PAR-CLIP,20371350,,
hsa-miR-16-5p,RAD23B,Functional MTI (Weak),MIRT106734,HITS-CLIP,22473208,,
hsa-miR-16-5p,RAD23B,Functional MTI (Weak),MIRT106734,PAR-CLIP,20371350,,
hsa-miR-16-5p,OGT,Functional MTI (Weak),MIRT110052,HITS-CLIP,22473208,,
hsa-miR-16-5p,OGT,Functional MTI (Weak),MIRT110052,PAR-CLIP,23446348,,
hsa-miR-16-5p,OGT,Functional MTI (Weak),MIRT110052,PAR-CLIP,21572407,,
hsa-miR-16-5p,OGT,Functional MTI (Weak),MIRT110052,PAR-CLIP,20371350,,
hsa-miR-16-5p,PAK2,Functional MTI (Weak),MIRT120681,PAR-CLIP,21572407,,
hsa-miR-16-5p,ENTPD1,Functional MTI (Weak),MIRT127726,HITS-CLIP,22473208,,
hsa-miR-16-5p,ENTPD1,Functional MTI (Weak),MIRT127726,PAR-CLIP,21572407,,
hsa-miR-16-5p,RASSF5,Functional MTI (Weak),MIRT132735,HITS-CLIP,22473208,,
hsa-miR-16-5p,RCOR1,Functional MTI (Weak),MIRT137518,HITS-CLIP,22473208,,
hsa-miR-16-5p,DCTN5,Functional MTI (Weak),MIRT142238,HITS-CLIP,22473208,,
hsa-miR-16-5p,DCTN5,Functional MTI (Weak),MIRT142238,PAR-CLIP,24398324,,
hsa-miR-16-5p,DCTN5,Functional MTI (Weak),MIRT142238,PAR-CLIP,23446348,,
hsa-miR-16-5p,DCTN5,Functional MTI (Weak),MIRT142238,PAR-CLIP,21572407,,
hsa-miR-16-5p,DCTN5,Functional MTI (Weak),MIRT142238,PAR-CLIP,20371350,,
hsa-miR-16-5p,NOL4L,Functional MTI (Weak),MIRT152923,HITS-CLIP,22473208,,
hsa-miR-16-5p,TET3,Functional MTI (Weak),MIRT160170,HITS-CLIP,22473208,,
hsa-miR-16-5p,CREBRF,Functional MTI (Weak),MIRT165884,HITS-CLIP,22473208,,
hsa-miR-16-5p,CPEB2,Functional MTI (Weak),MIRT164261,HITS-CLIP,22473208,,
hsa-miR-16-5p,GRAMD2B,Functional MTI (Weak),MIRT165173,HITS-CLIP,22473208,,
hsa-miR-16-5p,CREBRF,Functional MTI (Weak),MIRT165884,PAR-CLIP,23592263,,
hsa-miR-16-5p,GRAMD2B,Functional MTI (Weak),MIRT165173,HITS-CLIP,19536157,,
hsa-miR-16-5p,CDKN1A,Functional MTI (Weak),MIRT168681,HITS-CLIP,22473208,,
hsa-miR-16-5p,KLHDC10,Functional MTI (Weak),MIRT170137,HITS-CLIP,22473208,,
hsa-miR-16-5p,RNF38,Functional MTI (Weak),MIRT174782,HITS-CLIP,22473208,,
hsa-miR-16-5p,RBBP6,Functional MTI (Weak),MIRT194904,PAR-CLIP,24398324,,
hsa-miR-16-5p,RBBP6,Functional MTI (Weak),MIRT194904,PAR-CLIP,23446348,,
hsa-miR-16-5p,RBBP6,Functional MTI (Weak),MIRT194904,PAR-CLIP,21572407,,
hsa-miR-16-5p,RBBP6,Functional MTI (Weak),MIRT194904,PAR-CLIP,20371350,,
hsa-miR-16-5p,MOB4,Functional MTI (Weak),MIRT204624,PAR-CLIP,24398324,,
hsa-miR-16-5p,MOB4,Functional MTI (Weak),MIRT204624,PAR-CLIP,23446348,,
hsa-miR-16-5p,MOB4,Functional MTI (Weak),MIRT204624,PAR-CLIP,21572407,,
hsa-miR-16-5p,MOB4,Functional MTI (Weak),MIRT204624,PAR-CLIP,20371350,,
hsa-miR-16-5p,PAFAH1B1,Functional MTI (Weak),MIRT196276,HITS-CLIP,22473208,,
hsa-miR-16-5p,RBPJ,Functional MTI (Weak),MIRT212605,PAR-CLIP,23592263,,
hsa-miR-16-5p,RBPJ,Functional MTI (Weak),MIRT212605,PAR-CLIP,23446348,,
hsa-miR-16-5p,RBPJ,Functional MTI (Weak),MIRT212605,PAR-CLIP,22012620,,
hsa-miR-16-5p,RBPJ,Functional MTI (Weak),MIRT212605,PAR-CLIP,20371350,,
hsa-miR-16-5p,FZD6,Functional MTI (Weak),MIRT223682,PAR-CLIP,24398324,,
hsa-miR-16-5p,FZD6,Functional MTI (Weak),MIRT223682,PAR-CLIP,21572407,,
hsa-miR-16-5p,FZD6,Functional MTI (Weak),MIRT223682,HITS-CLIP,23313552,,
hsa-miR-16-5p,RAB3IP,Functional MTI (Weak),MIRT274742,PAR-CLIP,20371350,,
hsa-miR-16-5p,ZNRF2,Functional MTI (Weak),MIRT320627,PAR-CLIP,23446348,,
hsa-miR-16-5p,CTDSPL,Functional MTI (Weak),MIRT307142,PAR-CLIP,21572407,,
hsa-miR-16-5p,CTDSPL,Functional MTI (Weak),MIRT307142,PAR-CLIP,20371350,,
hsa-miR-16-5p,PIK3R1,Functional MTI (Weak),MIRT314052,PAR-CLIP,23446348,,
hsa-miR-16-5p,PIK3R1,Functional MTI (Weak),MIRT314052,"PAR-CLIP, HITS-CLIP",21572407,,
hsa-miR-16-5p,PIK3R1,Functional MTI (Weak),MIRT314052,HITS-CLIP,23824327,,
hsa-miR-16-5p,PIK3R1,Functional MTI (Weak),MIRT314052,HITS-CLIP,23313552,,
hsa-miR-16-5p,OCRL,Functional MTI (Weak),MIRT326302,HITS-CLIP,23313552,,
hsa-miR-16-5p,BDNF,Functional MTI,MIRT437463,"Luciferase reporter assay, qRT-PCR, Western blot",24026226,,
hsa-miR-16-5p,RICTOR,Functional MTI,MIRT437349,Luciferase reporter assay,25311506,,
hsa-miR-16-5p,ZEB2,Functional MTI (Weak),MIRT439106,TRAP,24510096,,
hsa-miR-16-5p,DMRT2,Functional MTI (Weak),MIRT447776,PAR-CLIP,22100165,,
hsa-miR-16-5p,LUC7L3,Functional MTI (Weak),MIRT449188,PAR-CLIP,22100165,,
hsa-miR-16-5p,EFTUD2,Functional MTI (Weak),MIRT453286,PAR-CLIP,23592263,,
hsa-miR-16-5p,CSNK1E,Functional MTI (Weak),MIRT453752,PAR-CLIP,23592263,,
hsa-miR-16-5p,ZNF460,Functional MTI (Weak),MIRT456865,PAR-CLIP,23592263,,
hsa-miR-16-5p,ZNF460,Functional MTI (Weak),MIRT456865,PAR-CLIP,24398324,,
hsa-miR-16-5p,ZNF460,Functional MTI (Weak),MIRT456865,PAR-CLIP,23446348,,
hsa-miR-16-5p,ZNF460,Functional MTI (Weak),MIRT456865,"PAR-CLIP, HITS-CLIP",21572407,,
hsa-miR-16-5p,ZNF460,Functional MTI (Weak),MIRT456865,PAR-CLIP,20371350,,
hsa-miR-16-5p,DOCK11,Functional MTI (Weak),MIRT460436,PAR-CLIP,23592263,,
hsa-miR-16-5p,TSC22D2,Functional MTI (Weak),MIRT465160,PAR-CLIP,23592263,,
hsa-miR-16-5p,TOB2,Functional MTI (Weak),MIRT465568,PAR-CLIP,23592263,,
hsa-miR-16-5p,REL,Functional MTI (Weak),MIRT469413,PAR-CLIP,23592263,,
hsa-miR-16-5p,REL,Functional MTI (Weak),MIRT469413,PAR-CLIP,23446348,,
hsa-miR-16-5p,REL,Functional MTI (Weak),MIRT469413,PAR-CLIP,20371350,,
hsa-miR-16-5p,REL,Functional MTI (Weak),MIRT469413,PAR-CLIP,27292025,,
hsa-miR-16-5p,EIF1AX,Functional MTI (Weak),MIRT477563,PAR-CLIP,23592263,,
hsa-miR-16-5p,EIF1AX,Functional MTI (Weak),MIRT477563,PAR-CLIP,23446348,,
hsa-miR-16-5p,EIF1AX,Functional MTI (Weak),MIRT477563,PAR-CLIP,21572407,,
hsa-miR-16-5p,EIF1AX,Functional MTI (Weak),MIRT477563,PAR-CLIP,20371350,,
hsa-miR-16-5p,EIF1AX,Functional MTI (Weak),MIRT477563,PAR-CLIP,27292025,,
hsa-miR-16-5p,VSIR,Functional MTI (Weak),MIRT487392,PAR-CLIP,23592263,,
hsa-miR-16-5p,SREK1,Functional MTI (Weak),MIRT500951,PAR-CLIP,24398324,,
hsa-miR-16-5p,SREK1,Functional MTI (Weak),MIRT500951,PAR-CLIP,23446348,,
hsa-miR-16-5p,SREK1,Functional MTI (Weak),MIRT500951,"PAR-CLIP, HITS-CLIP",21572407,,
hsa-miR-16-5p,SREK1,Functional MTI (Weak),MIRT500951,PAR-CLIP,20371350,,
hsa-miR-16-5p,PRICKLE2,Functional MTI (Weak),MIRT501504,PAR-CLIP,24398324,,
hsa-miR-16-5p,GPATCH8,Functional MTI (Weak),MIRT511843,HITS-CLIP,22473208,,
hsa-miR-16-5p,GPATCH8,Functional MTI (Weak),MIRT511843,PAR-CLIP,23446348,,
hsa-miR-16-5p,GPATCH8,Functional MTI (Weak),MIRT511843,PAR-CLIP,20371350,,
hsa-miR-16-5p,SLC2A3,Functional MTI (Weak),MIRT521053,PAR-CLIP,23446348,,
hsa-miR-16-5p,SLC2A3,Functional MTI (Weak),MIRT521053,PAR-CLIP,21572407,,
hsa-miR-16-5p,TRIM35,Functional MTI (Weak),MIRT518093,PAR-CLIP,23446348,,
hsa-miR-16-5p,SBNO1,Functional MTI (Weak),MIRT521206,PAR-CLIP,23446348,,
hsa-miR-16-5p,SBNO1,Functional MTI (Weak),MIRT521206,PAR-CLIP,21572407,,
hsa-miR-16-5p,SBNO1,Functional MTI (Weak),MIRT521206,PAR-CLIP,20371350,,
hsa-miR-16-5p,BAZ2A,Functional MTI (Weak),MIRT543057,PAR-CLIP,21572407,,
hsa-miR-16-5p,RALGAPB,Functional MTI (Weak),MIRT543799,PAR-CLIP,21572407,,
hsa-miR-16-5p,RALGAPB,Functional MTI (Weak),MIRT543799,PAR-CLIP,20371350,,
hsa-miR-16-5p,GSG1,Functional MTI (Weak),MIRT543837,PAR-CLIP,21572407,,
hsa-miR-16-5p,CLSPN,Functional MTI (Weak),MIRT544914,PAR-CLIP,21572407,,
hsa-miR-16-5p,MAP4K2,Functional MTI (Weak),MIRT545188,PAR-CLIP,21572407,,
hsa-miR-16-5p,MAP4K2,Functional MTI (Weak),MIRT545188,PAR-CLIP,20371350,,
hsa-miR-16-5p,YWHAQ,Functional MTI (Weak),MIRT545974,PAR-CLIP,21572407,,
hsa-miR-16-5p,PHLPP2,Functional MTI (Weak),MIRT547133,PAR-CLIP,21572407,,
hsa-miR-16-5p,MBD4,Functional MTI (Weak),MIRT547464,PAR-CLIP,21572407,,
hsa-miR-16-5p,CRK,Functional MTI (Weak),MIRT548724,PAR-CLIP,21572407,,
hsa-miR-16-5p,FBXL20,Functional MTI (Weak),MIRT548276,PAR-CLIP,21572407,,
hsa-miR-16-5p,KANK1,Functional MTI (Weak),MIRT556856,PAR-CLIP,21572407,,
hsa-miR-16-5p,KANK1,Functional MTI (Weak),MIRT556856,PAR-CLIP,20371350,,
hsa-miR-16-5p,KIAA1456,Functional MTI (Weak),MIRT562879,PAR-CLIP,20371350,,
hsa-miR-16-5p,RAPH1,Functional MTI (Weak),MIRT563898,PAR-CLIP,20371350,,
hsa-miR-16-5p,UBE2H,Functional MTI (Weak),MIRT571121,PAR-CLIP,20371350,,
hsa-miR-16-5p,LSM11,Functional MTI (Weak),MIRT571927,HITS-CLIP,22473208,,
hsa-miR-16-5p,LSM11,Functional MTI (Weak),MIRT571927,PAR-CLIP,20371350,,
hsa-miR-16-5p,ANKRD36,Functional MTI (Weak),MIRT646597,HITS-CLIP,23824327,,
hsa-miR-16-5p,CUL3,Functional MTI (Weak),MIRT659258,HITS-CLIP,23824327,,
hsa-miR-16-5p,NEGR1,Functional MTI (Weak),MIRT701508,HITS-CLIP,23313552,,
hsa-miR-16-5p,SLC35E2B,Functional MTI (Weak),MIRT713421,HITS-CLIP,19536157,,
hsa-miR-16-5p,SYNRG,Functional MTI (Weak),MIRT725134,HITS-CLIP,19536157,,
hsa-miR-16-5p,CHMP3,Functional MTI (Weak),MIRT726129,HITS-CLIP,22473208,,
hsa-miR-16-5p,TBL1XR1,Functional MTI (Weak),MIRT726355,HITS-CLIP,22473208,,
hsa-miR-16-5p,SLC9A1,Functional MTI (Weak),MIRT726506,HITS-CLIP,22473208,,
hsa-miR-16-5p,SLC25A29,Functional MTI (Weak),MIRT726543,HITS-CLIP,22473208,,
hsa-miR-16-5p,PSMB5,Functional MTI (Weak),MIRT726852,HITS-CLIP,22473208,,
hsa-miR-16-5p,NR2C2,Functional MTI (Weak),MIRT727066,HITS-CLIP,22473208,,
hsa-miR-16-5p,MLXIP,Functional MTI (Weak),MIRT727175,HITS-CLIP,22473208,,
hsa-miR-16-5p,CDKN2AIPNL,Functional MTI (Weak),MIRT728004,HITS-CLIP,22473208,,
hsa-miR-16-5p,AFF4,Functional MTI (Weak),MIRT728383,HITS-CLIP,22473208,,
hsa-miR-16-5p,AP3M1,Functional MTI (Weak),MIRT728328,HITS-CLIP,22473208,,
hsa-miR-16-5p,KMT2D,Functional MTI (Weak),MIRT737986,PAR-CLIP,26701625,,
hsa-miR-16-5p,PLEKHB2,Functional MTI (Weak),MIRT737988,PAR-CLIP,26701625,,
hsa-miR-16-5p,C21orf62,Functional MTI (Weak),MIRT762941,PAR-CLIP,27292025,,
hsa-miR-16-5p,VOPP1,Functional MTI (Weak),MIRT762945,PAR-CLIP,27292025,,
hsa-miR-16-5p,BMI1,Functional MTI,MIRT000266,"Luciferase reporter assay, Western blot",19903841,,
hsa-miR-16-5p,BMI1,Functional MTI,MIRT000266,"GFP reporter assay, Western blot",23686310,,
hsa-miR-16-5p,BMI1,Functional MTI,MIRT000266,"Luciferase reporter assay, Western blot",27596816,,
hsa-miR-16-5p,HMGA1,Functional MTI,MIRT000270,"Luciferase reporter assay, qRT-PCR, Western blot",19250063,,
hsa-miR-16-5p,HMGA1,Functional MTI,MIRT000270,"Luciferase reporter assay, qRT-PCR, Western blot",22139073,,
hsa-miR-16-5p,HMGA1,Functional MTI (Weak),MIRT000270,HITS-CLIP,22473208,,
hsa-miR-16-5p,H3F3B,Functional MTI (Weak),MIRT000852,Microarray,18362358,,
hsa-miR-16-5p,PHKB,Functional MTI (Weak),MIRT000889,Microarray,18362358,,
hsa-miR-16-5p,RHOT1,Functional MTI (Weak),MIRT000899,Microarray,18362358,,
hsa-miR-16-5p,TMEM251,Functional MTI (Weak),MIRT000822,Microarray,18362358,,
hsa-miR-16-5p,CENPJ,Functional MTI (Weak),MIRT000828,Microarray,18362358,,
hsa-miR-16-5p,CREBL2,Functional MTI (Weak),MIRT000832,Microarray,18362358,,
hsa-miR-16-5p,CREBL2,Functional MTI (Weak),MIRT000832,PAR-CLIP,21572407,,
hsa-miR-16-5p,CREBL2,Functional MTI (Weak),MIRT000832,PAR-CLIP,20371350,,
hsa-miR-16-5p,RAB30,Functional MTI (Weak),MIRT001424,"pSILAC, Proteomics;Other",18668040,,
hsa-miR-16-5p,PURA,Functional MTI (Weak),MIRT001425,"pSILAC, Proteomics;Other",18668040,,
hsa-miR-16-5p,PURA,Functional MTI,MIRT001425,Luciferase reporter assay,22835829,,
hsa-miR-16-5p,PURA,Functional MTI (Weak),MIRT001425,Sequencing,20371350,,
hsa-miR-16-5p,PURA,Functional MTI (Weak),MIRT001425,HITS-CLIP,22473208,,
hsa-miR-16-5p,PPP2R5C,Functional MTI (Weak),MIRT001428,"pSILAC, Proteomics;Other",18668040,,
hsa-miR-16-5p,PPP2R5C,Functional MTI (Weak),MIRT001428,PAR-CLIP,21572407,,
hsa-miR-16-5p,PPP2R5C,Functional MTI (Weak),MIRT001428,PAR-CLIP,20371350,,
hsa-miR-16-5p,NOTCH2,Functional MTI (Weak),MIRT001437,"pSILAC, Proteomics;Other",18668040,,
hsa-miR-16-5p,NOTCH2,Functional MTI (Weak),MIRT001437,HITS-CLIP,22473208,,
hsa-miR-16-5p,NOTCH2,Functional MTI (Weak),MIRT001437,HITS-CLIP,23824327,,
hsa-miR-16-5p,MLLT1,Functional MTI (Weak),MIRT001442,Proteomics,18668040,,
hsa-miR-16-5p,LUZP1,Functional MTI (Weak),MIRT001445,"pSILAC, Proteomics;Other",18668040,,
hsa-miR-16-5p,LUZP1,Functional MTI (Weak),MIRT001445,"Sequencing, PAR-CLIP",20371350,,
hsa-miR-16-5p,LUZP1,Functional MTI (Weak),MIRT001445,PAR-CLIP,23446348,,
hsa-miR-16-5p,LUZP1,Functional MTI (Weak),MIRT001445,PAR-CLIP,21572407,,
hsa-miR-16-5p,LAMC1,Functional MTI (Weak),MIRT001446,"pSILAC, Proteomics;Other",18668040,,
hsa-miR-16-5p,LAMC1,Functional MTI (Weak),MIRT001446,PAR-CLIP,23592263,,
hsa-miR-16-5p,HMOX1,Functional MTI (Weak),MIRT001455,"pSILAC, Proteomics;Other",18668040,,
hsa-miR-16-5p,UTP15,Functional MTI (Weak),MIRT001398,"pSILAC, Proteomics;Other",18668040,,
hsa-miR-16-5p,UBE2V1,Functional MTI (Weak),MIRT001400,pSILAC,18668040,,
hsa-miR-16-5p,UBE2V1,Functional MTI (Weak),MIRT001400,PAR-CLIP,23592263,,
hsa-miR-16-5p,UBE2V1,Functional MTI (Weak),MIRT001400,PAR-CLIP,23446348,,
hsa-miR-16-5p,UBE2V1,Functional MTI (Weak),MIRT001400,PAR-CLIP,21572407,,
hsa-miR-16-5p,UBE2V1,Functional MTI (Weak),MIRT001400,PAR-CLIP,20371350,,
hsa-miR-16-5p,UBE2V1,Functional MTI (Weak),MIRT001400,PAR-CLIP,26701625,,
hsa-miR-16-5p,UBE2V1,Functional MTI (Weak),MIRT001400,PAR-CLIP,27292025,,
hsa-miR-16-5p,UBE2S,Functional MTI (Weak),MIRT001401,"pSILAC, Proteomics;Other",18668040,,
hsa-miR-16-5p,TPM3,Functional MTI (Weak),MIRT001403,"pSILAC, Proteomics;Other",18668040,,
hsa-miR-16-5p,TPM3,Functional MTI (Weak),MIRT001403,PAR-CLIP,21572407,,
hsa-miR-16-5p,TPM3,Functional MTI (Weak),MIRT001403,PAR-CLIP,26701625,,
hsa-miR-16-5p,SPTLC1,Functional MTI (Weak),MIRT001411,"pSILAC, Proteomics;Other",18668040,,
hsa-miR-16-5p,SPTLC1,Functional MTI (Weak),MIRT001411,HITS-CLIP,22473208,,
hsa-miR-16-5p,SLC7A1,Functional MTI (Weak),MIRT001412,"pSILAC, Proteomics;Other",18668040,,
hsa-miR-16-5p,SLC12A2,Functional MTI (Weak),MIRT001417,"pSILAC, Proteomics;Other",18668040,,
hsa-miR-16-5p,GNL3L,Functional MTI (Weak),MIRT001463,"pSILAC, Proteomics;Other",18668040,,
hsa-miR-16-5p,GFPT1,Functional MTI (Weak),MIRT001464,"pSILAC, Proteomics;Other",18668040,,
hsa-miR-16-5p,GALNT7,Functional MTI (Weak),MIRT001466,"pSILAC, Proteomics;Other",18668040,,
hsa-miR-16-5p,EIF4E,Functional MTI (Weak),MIRT001469,"pSILAC, Proteomics;Other",18668040,,
hsa-miR-16-5p,EGFR,Functional MTI (Weak),MIRT001470,"pSILAC, Proteomics;Other",18668040,,
hsa-miR-16-5p,ARL2,Functional MTI (Weak),MIRT001478,"pSILAC, Proteomics;Other",18668040,,
hsa-miR-16-5p,ARL2,Functional MTI,MIRT001478,"Luciferase reporter assay, qRT-PCR, Western blot, Reporter assay;Microarray;Other",21199864,,
hsa-miR-16-5p,ADSS,Functional MTI (Weak),MIRT001480,"pSILAC, Proteomics;Other",18668040,,
hsa-miR-16-5p,ABCF2,Functional MTI (Weak),MIRT001483,"pSILAC, Proteomics;Other",18668040,,
hsa-miR-16-5p,F2,Functional MTI (Weak),MIRT001484,"pSILAC, Proteomics;Other",18668040,,
hsa-miR-16-5p,CCNT2,Functional MTI (Weak),MIRT001801,HITS-CLIP,22473208,,
hsa-miR-16-5p,VEGFA,Functional MTI,MIRT003890,"ELISA, Luciferase reporter assay",18320040,,
hsa-miR-16-5p,VEGFA,Functional MTI,MIRT003890,"Luciferase reporter assay, Western blot",19144909,,
hsa-miR-16-5p,VEGFA,Functional MTI,MIRT003890,"Luciferase reporter assay, qRT-PCR, Western blot",21885851,,
hsa-miR-16-5p,VEGFA,Functional MTI,MIRT003890,Luciferase reporter assay,23083510,,
hsa-miR-16-5p,VEGFA,Functional MTI,MIRT003890,"Luciferase reporter assay, qRT-PCR, Western blot",23104180,,
hsa-miR-16-5p,VEGFA,Functional MTI,MIRT003890,Luciferase reporter assay,23233752,,
hsa-miR-16-5p,VEGFA,Functional MTI (Weak),MIRT003890,HITS-CLIP,22473208,,
hsa-miR-16-5p,VEGFA,Functional MTI (Weak),MIRT003890,PAR-CLIP,23592263,,
hsa-miR-16-5p,VEGFA,Functional MTI (Weak),MIRT003890,PAR-CLIP,24398324,,
hsa-miR-16-5p,VEGFA,Functional MTI (Weak),MIRT003890,PAR-CLIP,23446348,,
hsa-miR-16-5p,VEGFA,Functional MTI (Weak),MIRT003890,PAR-CLIP,22012620,,
hsa-miR-16-5p,VEGFA,Functional MTI (Weak),MIRT003890,"PAR-CLIP, HITS-CLIP",21572407,,
hsa-miR-16-5p,VEGFA,Functional MTI (Weak),MIRT003890,PAR-CLIP,20371350,,
hsa-miR-16-5p,AKT3,Functional MTI,MIRT003329,Luciferase reporter assay,23233752,,
hsa-miR-16-5p,AKT3,Functional MTI (Weak),MIRT003329,PAR-CLIP,23592263,,
hsa-miR-16-5p,AKT3,Functional MTI (Weak),MIRT003329,PAR-CLIP,21572407,,
hsa-miR-16-5p,CCND2,Functional MTI (Weak),MIRT003431,"Sequencing, PAR-CLIP",20371350,,
hsa-miR-16-5p,CCND2,Functional MTI (Weak),MIRT003431,PAR-CLIP,21572407,,
hsa-miR-16-5p,CCND2,Functional MTI,MIRT003431,"qRT-PCR, Western blot",26393798,,
hsa-miR-16-5p,FAM69A,Functional MTI (Weak),MIRT004371,Microarray,18362358,,
hsa-miR-16-5p,CADM1,Functional MTI,MIRT004382,"Reporter assay, qRT-PCR",18362358,,
hsa-miR-16-5p,MYB,Functional MTI,MIRT004637,"Luciferase reporter assay, Microarray, qRT-PCR",21205891,,
hsa-miR-16-5p,ALG3,Functional MTI (Weak),MIRT005258,"pSILAC, Proteomics;Other",18668040,,
hsa-miR-16-5p,CAPRIN1,Functional MTI,MIRT005086,"Luciferase reporter assay, qRT-PCR, Western blot",19250063,,
hsa-miR-16-5p,ZNF384,Functional MTI (Weak),MIRT005266,pSILAC,18668040,,
hsa-miR-16-5p,PTCD3,Functional MTI (Weak),MIRT005269,"pSILAC, Proteomics;Other",18668040,,
hsa-miR-16-5p,ALG3,Functional MTI (Weak),MIRT005258,Microarray,21199864,,
hsa-miR-16-5p,NAA25,Functional MTI (Weak),MIRT005259,"pSILAC, Proteomics",18668040,,
hsa-miR-16-5p,NAA25,Functional MTI (Weak),MIRT005259,PAR-CLIP,23592263,,
hsa-miR-16-5p,NAA25,Functional MTI (Weak),MIRT005259,PAR-CLIP,21572407,,
hsa-miR-16-5p,TP53,Functional MTI,MIRT005764,"Immunoblot, Luciferase reporter assay",21205967,,
hsa-miR-16-5p,PIM1,Functional MTI,MIRT006870,Luciferase reporter assay,22970245,,
hsa-miR-16-5p,PIM1,Functional MTI (Weak),MIRT006870,PAR-CLIP,23446348,,
hsa-miR-16-5p,SEC11A,Functional MTI (Weak),MIRT031376,Proteomics,18668040,,
hsa-miR-16-5p,NT5C3A,Functional MTI (Weak),MIRT031382,Proteomics,18668040,,
hsa-miR-16-5p,LIN7C,Functional MTI (Weak),MIRT031406,Proteomics,18668040,,
hsa-miR-16-5p,ABCF1,Functional MTI (Weak),MIRT031407,Proteomics,18668040,,
hsa-miR-16-5p,METAP2,Functional MTI (Weak),MIRT031408,Proteomics,18668040,,
hsa-miR-16-5p,SLC1A5,Functional MTI (Weak),MIRT031414,Proteomics,18668040,,
hsa-miR-16-5p,SLC1A5,Functional MTI (Weak),MIRT031414,CLASH,23622248,,
hsa-miR-16-5p,UGT8,Functional MTI (Weak),MIRT031420,Proteomics,18668040,,
hsa-miR-16-5p,CYCS,Functional MTI (Weak),MIRT031466,Proteomics,18668040,,
hsa-miR-16-5p,LUC7L,Functional MTI (Weak),MIRT031469,Proteomics,18668040,,
hsa-miR-16-5p,VMP1,Functional MTI (Weak),MIRT031480,Proteomics,18668040,,
hsa-miR-16-5p,POFUT1,Functional MTI (Weak),MIRT031483,Proteomics,18668040,,
hsa-miR-16-5p,USP9X,Functional MTI (Weak),MIRT031499,Proteomics,18668040,,
hsa-miR-16-5p,TMEM168,Functional MTI (Weak),MIRT031501,Sequencing,20371350,,
hsa-miR-16-5p,RIMS3,Functional MTI (Weak),MIRT031509,"Sequencing, PAR-CLIP",20371350,,
hsa-miR-16-5p,RIMS3,Functional MTI (Weak),MIRT031509,PAR-CLIP,23446348,,
hsa-miR-16-5p,RIMS3,Functional MTI (Weak),MIRT031509,PAR-CLIP,21572407,,
hsa-miR-16-5p,CEP55,Functional MTI (Weak),MIRT031510,"Sequencing, PAR-CLIP",20371350,,
hsa-miR-16-5p,CEP55,Functional MTI (Weak),MIRT031510,PAR-CLIP,24398324,,
hsa-miR-16-5p,CEP55,Functional MTI (Weak),MIRT031510,PAR-CLIP,23446348,,
hsa-miR-16-5p,CEP55,Functional MTI (Weak),MIRT031510,PAR-CLIP,21572407,,
hsa-miR-16-5p,IVNS1ABP,Functional MTI (Weak),MIRT031511,"Sequencing, PAR-CLIP",20371350,,
hsa-miR-16-5p,IVNS1ABP,Functional MTI (Weak),MIRT031511,PAR-CLIP,23592263,,
hsa-miR-16-5p,IVNS1ABP,Functional MTI (Weak),MIRT031511,PAR-CLIP,21572407,,
hsa-miR-16-5p,BZW1,Functional MTI (Weak),MIRT031563,PAR-CLIP,22012620,,
hsa-miR-16-5p,BZW1,Functional MTI (Weak),MIRT031563,PAR-CLIP,21572407,,
hsa-miR-16-5p,BZW1,Functional MTI (Weak),MIRT031563,PAR-CLIP,20371350,,
hsa-miR-16-5p,RPS6KA3,Functional MTI (Weak),MIRT031564,Microarray,21199864,,
hsa-miR-16-5p,RPS6KA3,Functional MTI (Weak),MIRT031564,HITS-CLIP,22473208,,
hsa-miR-16-5p,DLD,Functional MTI (Weak),MIRT031565,Proteomics,18668040,,
hsa-miR-16-5p,USP42,Functional MTI (Weak),MIRT031569,"Sequencing, PAR-CLIP",20371350,,
hsa-miR-16-5p,USP42,Functional MTI (Weak),MIRT031569,PAR-CLIP,23446348,,
hsa-miR-16-5p,USP42,Functional MTI (Weak),MIRT031569,PAR-CLIP,21572407,,
hsa-miR-16-5p,SP1,Functional MTI (Weak),MIRT031577,Sequencing,20371350,,
hsa-miR-16-5p,KMT2A,Functional MTI (Weak),MIRT031581,Sequencing,20371350,,
hsa-miR-16-5p,UBN2,Functional MTI (Weak),MIRT031587,"Sequencing, PAR-CLIP",20371350,,
hsa-miR-16-5p,UBN2,Functional MTI (Weak),MIRT031587,HITS-CLIP,22473208,,
hsa-miR-16-5p,UBN2,Functional MTI (Weak),MIRT031587,PAR-CLIP,24398324,,
hsa-miR-16-5p,UBN2,Functional MTI (Weak),MIRT031587,PAR-CLIP,23446348,,
hsa-miR-16-5p,UBN2,Functional MTI (Weak),MIRT031587,PAR-CLIP,22012620,,
hsa-miR-16-5p,UBN2,Functional MTI (Weak),MIRT031587,PAR-CLIP,21572407,,
hsa-miR-16-5p,CDK17,Functional MTI (Weak),MIRT031589,Sequencing,20371350,,
hsa-miR-16-5p,CDK17,Functional MTI (Weak),MIRT031589,HITS-CLIP,22473208,,
hsa-miR-16-5p,CDK17,Functional MTI (Weak),MIRT031589,PAR-CLIP,21572407,,
hsa-miR-16-5p,PLAG1,Functional MTI (Weak),MIRT031591,"Sequencing, PAR-CLIP",20371350,,
hsa-miR-16-5p,PLAG1,Functional MTI (Weak),MIRT031591,HITS-CLIP,22473208,,
hsa-miR-16-5p,PLAG1,Functional MTI (Weak),MIRT031591,PAR-CLIP,23446348,,
hsa-miR-16-5p,PLAG1,Functional MTI (Weak),MIRT031591,PAR-CLIP,22012620,,
hsa-miR-16-5p,PLAG1,Functional MTI (Weak),MIRT031591,PAR-CLIP,21572407,,
hsa-miR-16-5p,MPDU1,Functional MTI (Weak),MIRT031593,Proteomics,18668040,,
hsa-miR-16-5p,RRP15,Functional MTI (Weak),MIRT031597,Proteomics,18668040,,
hsa-miR-16-5p,NRP1,Functional MTI (Weak),MIRT031601,Proteomics,18668040,,
hsa-miR-16-5p,GEMIN5,Functional MTI (Weak),MIRT031602,Proteomics,18668040,,
hsa-miR-16-5p,PHKA1,Functional MTI (Weak),MIRT031657,"Sequencing, PAR-CLIP",20371350,,
hsa-miR-16-5p,PHKA1,Functional MTI (Weak),MIRT031657,PAR-CLIP,23446348,,
hsa-miR-16-5p,PHKA1,Functional MTI (Weak),MIRT031657,"PAR-CLIP, HITS-CLIP",21572407,,
hsa-miR-16-5p,TMCC1,Functional MTI (Weak),MIRT031658,Sequencing,20371350,,
hsa-miR-16-5p,AP2A1,Functional MTI (Weak),MIRT031661,Sequencing,20371350,,
hsa-miR-16-5p,AP2A1,Functional MTI (Weak),MIRT031661,Proteomics,18668040,,
hsa-miR-16-5p,PUM1,Functional MTI (Weak),MIRT031662,Proteomics,18668040,,
hsa-miR-16-5p,TUBA1C,Functional MTI (Weak),MIRT031663,Proteomics,18668040,,
hsa-miR-16-5p,STAU1,Functional MTI (Weak),MIRT031669,Proteomics,18668040,,
hsa-miR-16-5p,CENPF,Functional MTI (Weak),MIRT031672,Proteomics,18668040,,
hsa-miR-16-5p,PSMD11,Functional MTI (Weak),MIRT031677,Proteomics,18668040,,
hsa-miR-16-5p,GALNT3,Functional MTI (Weak),MIRT031681,Proteomics,18668040,,
hsa-miR-16-5p,VIM,Functional MTI (Weak),MIRT031690,Proteomics,18668040,,
hsa-miR-16-5p,MRPS25,Functional MTI (Weak),MIRT031700,Proteomics,18668040,,
hsa-miR-16-5p,SUCLA2,Functional MTI (Weak),MIRT031701,Proteomics,18668040,,
hsa-miR-16-5p,XPNPEP3,Functional MTI (Weak),MIRT031703,Proteomics,18668040,,
hsa-miR-16-5p,DNAJB1,Functional MTI (Weak),MIRT031754,Proteomics,18668040,,
hsa-miR-16-5p,DMD,Functional MTI (Weak),MIRT031761,Proteomics,18668040,,
hsa-miR-16-5p,GTF3C2,Functional MTI (Weak),MIRT031765,Proteomics,18668040,,
hsa-miR-16-5p,POLR3A,Functional MTI (Weak),MIRT031770,Proteomics,18668040,,
hsa-miR-16-5p,B4GALT1,Functional MTI (Weak),MIRT031774,Proteomics,18668040,,
hsa-miR-16-5p,B4GALT1,Functional MTI (Weak),MIRT031774,HITS-CLIP,22473208,,
hsa-miR-16-5p,NCAPD2,Functional MTI (Weak),MIRT031777,Proteomics,18668040,,
hsa-miR-16-5p,DCAF7,Functional MTI (Weak),MIRT031778,Proteomics,18668040,,
hsa-miR-16-5p,YIPF4,Functional MTI (Weak),MIRT031780,Proteomics,18668040,,
hsa-miR-16-5p,PRRC2C,Functional MTI (Weak),MIRT031781,Proteomics,18668040,,
hsa-miR-16-5p,PRRC2C,Functional MTI (Weak),MIRT031781,HITS-CLIP,22473208,,
hsa-miR-16-5p,SRSF1,Functional MTI (Weak),MIRT031783,"Sequencing, PAR-CLIP",20371350,,
hsa-miR-16-5p,SRSF1,Functional MTI (Weak),MIRT031783,PAR-CLIP,23446348,,
hsa-miR-16-5p,SRSF1,Functional MTI (Weak),MIRT031783,PAR-CLIP,21572407,,
hsa-miR-16-5p,PHC3,Functional MTI (Weak),MIRT031784,Sequencing,20371350,,
hsa-miR-16-5p,PHC3,Functional MTI (Weak),MIRT031784,HITS-CLIP,22473208,,
hsa-miR-16-5p,PHC3,Functional MTI (Weak),MIRT031784,PAR-CLIP,21572407,,
hsa-miR-16-5p,ZNF207,Functional MTI (Weak),MIRT031789,Sequencing,20371350,,
hsa-miR-16-5p,RUNX1T1,Functional MTI (Weak),MIRT031791,Sequencing,20371350,,
hsa-miR-16-5p,RUNX1T1,Functional MTI (Weak),MIRT031791,PAR-CLIP,21572407,,
hsa-miR-16-5p,DDX3X,Functional MTI (Weak),MIRT031843,PAR-CLIP,20371350,,
hsa-miR-16-5p,IPO7,Functional MTI (Weak),MIRT031844,Proteomics,18668040,,
hsa-miR-16-5p,TFAP2A,Functional MTI (Weak),MIRT031854,"Sequencing, PAR-CLIP",20371350,,
hsa-miR-16-5p,TFAP2A,Functional MTI (Weak),MIRT031854,PAR-CLIP,23592263,,
hsa-miR-16-5p,TFAP2A,Functional MTI (Weak),MIRT031854,PAR-CLIP,23446348,,
hsa-miR-16-5p,TFAP2A,Functional MTI (Weak),MIRT031854,PAR-CLIP,21572407,,
hsa-miR-16-5p,TFAP2A,Functional MTI (Weak),MIRT031854,PAR-CLIP,26701625,,
hsa-miR-16-5p,TFAP2A,Functional MTI (Weak),MIRT031854,PAR-CLIP,27292025,,
hsa-miR-16-5p,HAUS3,Functional MTI (Weak),MIRT031858,"Sequencing, PAR-CLIP",20371350,,
hsa-miR-16-5p,HAUS3,Functional MTI (Weak),MIRT031858,PAR-CLIP,23446348,,
hsa-miR-16-5p,HAUS3,Functional MTI (Weak),MIRT031858,"PAR-CLIP, HITS-CLIP",21572407,,
hsa-miR-16-5p,SLC9A6,Functional MTI (Weak),MIRT031859,Sequencing,20371350,,
hsa-miR-16-5p,SLC9A6,Functional MTI (Weak),MIRT031859,HITS-CLIP,22473208,,
hsa-miR-16-5p,USP15,Functional MTI (Weak),MIRT031860,"Sequencing, PAR-CLIP",20371350,,
hsa-miR-16-5p,C1orf21,Functional MTI (Weak),MIRT031863,"Sequencing, PAR-CLIP",20371350,,
hsa-miR-16-5p,C1orf21,Functional MTI (Weak),MIRT031863,PAR-CLIP,23446348,,
hsa-miR-16-5p,C1orf21,Functional MTI (Weak),MIRT031863,PAR-CLIP,21572407,,
hsa-miR-16-5p,GNB1,Functional MTI (Weak),MIRT031864,"Sequencing, PAR-CLIP",20371350,,
hsa-miR-16-5p,GNB1,Functional MTI (Weak),MIRT031864,Microarray,21199864,,
hsa-miR-16-5p,GNB1,Functional MTI (Weak),MIRT031864,HITS-CLIP,22473208,,
hsa-miR-16-5p,GNB1,Functional MTI (Weak),MIRT031864,PAR-CLIP,23592263,,
hsa-miR-16-5p,GNB1,Functional MTI (Weak),MIRT031864,PAR-CLIP,21572407,,
hsa-miR-16-5p,DNAJC9,Functional MTI (Weak),MIRT031865,Sequencing,20371350,,
hsa-miR-16-5p,DNAJC9,Functional MTI (Weak),MIRT031865,Proteomics,18668040,,
hsa-miR-16-5p,DNAJC9,Functional MTI (Weak),MIRT031865,HITS-CLIP,22473208,,
hsa-miR-16-5p,SLC35A4,Functional MTI (Weak),MIRT031866,Sequencing,20371350,,
hsa-miR-16-5p,SLC35A4,Functional MTI (Weak),MIRT031866,Microarray,21199864,,
hsa-miR-16-5p,TPBG,Functional MTI (Weak),MIRT031878,Proteomics,18668040,,
hsa-miR-16-5p,PABPC4,Functional MTI (Weak),MIRT031882,Proteomics,18668040,,
hsa-miR-16-5p,PABPC4,Functional MTI (Weak),MIRT031882,CLASH,23622248,,
hsa-miR-16-5p,BYSL,Functional MTI (Weak),MIRT031885,Proteomics,18668040,,
hsa-miR-16-5p,BCL11B,Functional MTI (Weak),MIRT031515,Sequencing,20371350,,
hsa-miR-16-5p,BCL11B,Functional MTI (Weak),MIRT031515,CLASH,23622248,,
hsa-miR-16-5p,ATP13A3,Functional MTI (Weak),MIRT031517,Sequencing,20371350,,
hsa-miR-16-5p,ATP13A3,Functional MTI (Weak),MIRT031517,HITS-CLIP,22473208,,
hsa-miR-16-5p,SIPA1L2,Functional MTI (Weak),MIRT031520,Sequencing,20371350,,
hsa-miR-16-5p,PRDM4,Functional MTI (Weak),MIRT031524,Sequencing,20371350,,
hsa-miR-16-5p,PRDM4,Functional MTI (Weak),MIRT031524,PAR-CLIP,21572407,,
hsa-miR-16-5p,PRDM4,Functional MTI,MIRT031524,"Luciferase reporter assay, Western blot, Microarray, qRT-PCR",23941513,,
hsa-miR-16-5p,BCAS2,Functional MTI (Weak),MIRT031526,Proteomics,18668040,,
hsa-miR-16-5p,UTP4,Functional MTI (Weak),MIRT031534,Proteomics,18668040,,
hsa-miR-16-5p,VMA21,Functional MTI (Weak),MIRT031550,Proteomics,18668040,,
hsa-miR-16-5p,G3BP2,Functional MTI (Weak),MIRT031551,Proteomics,18668040,,
hsa-miR-16-5p,CDC23,Functional MTI (Weak),MIRT031557,Proteomics,18668040,,
hsa-miR-16-5p,RACGAP1,Functional MTI (Weak),MIRT031559,Proteomics,18668040,,
hsa-miR-16-5p,RACGAP1,Functional MTI (Weak),MIRT031559,PAR-CLIP,21572407,,
hsa-miR-16-5p,ZC3H11A,Functional MTI (Weak),MIRT031561,Proteomics,18668040,,
hsa-miR-16-5p,BZW1,Functional MTI (Weak),MIRT031563,Proteomics,18668040,,
hsa-miR-16-5p,BZW1,Functional MTI (Weak),MIRT031563,PAR-CLIP,23592263,,
hsa-miR-16-5p,BZW1,Functional MTI (Weak),MIRT031563,PAR-CLIP,24398324,,
hsa-miR-16-5p,BZW1,Functional MTI (Weak),MIRT031563,PAR-CLIP,23446348,,
hsa-miR-16-5p,MRPL3,Functional MTI (Weak),MIRT031613,Proteomics,18668040,,
hsa-miR-16-5p,LARP4,Functional MTI (Weak),MIRT031626,Proteomics,18668040,,
hsa-miR-16-5p,AHCYL1,Functional MTI (Weak),MIRT031633,Proteomics,18668040,,
hsa-miR-16-5p,SMAD5,Functional MTI (Weak),MIRT031637,Proteomics,18668040,,
hsa-miR-16-5p,NARF,Functional MTI (Weak),MIRT031638,Microarray,21199864,,
hsa-miR-16-5p,NUP50,Functional MTI (Weak),MIRT031641,Proteomics,18668040,,
hsa-miR-16-5p,NUP50,Functional MTI (Weak),MIRT031641,CLASH,23622248,,
hsa-miR-16-5p,NUP50,Functional MTI (Weak),MIRT031641,HITS-CLIP,22473208,,
hsa-miR-16-5p,NUP50,Functional MTI (Weak),MIRT031641,PAR-CLIP,23446348,,
hsa-miR-16-5p,NUP50,Functional MTI (Weak),MIRT031641,PAR-CLIP,21572407,,
hsa-miR-16-5p,NUP50,Functional MTI (Weak),MIRT031641,PAR-CLIP,20371350,,
hsa-miR-16-5p,HSPA4L,Functional MTI (Weak),MIRT031642,Proteomics,18668040,,
hsa-miR-16-5p,HSPA4L,Functional MTI (Weak),MIRT031642,PAR-CLIP,24398324,,
hsa-miR-16-5p,HSPA4L,Functional MTI (Weak),MIRT031642,PAR-CLIP,21572407,,
hsa-miR-16-5p,RNMT,Functional MTI (Weak),MIRT031646,Sequencing,20371350,,
hsa-miR-16-5p,RNMT,Functional MTI (Weak),MIRT031646,HITS-CLIP,22473208,,
hsa-miR-16-5p,TMEM87A,Functional MTI (Weak),MIRT031706,Proteomics,18668040,,
hsa-miR-16-5p,SRPK1,Functional MTI (Weak),MIRT031711,Proteomics,18668040,,
hsa-miR-16-5p,SRPK1,Functional MTI (Weak),MIRT031711,HITS-CLIP,22473208,,
hsa-miR-16-5p,ARL3,Functional MTI (Weak),MIRT031723,Sequencing,20371350,,
hsa-miR-16-5p,DMTF1,Functional MTI (Weak),MIRT031727,Sequencing,20371350,,
hsa-miR-16-5p,DMTF1,Functional MTI (Weak),MIRT031727,HITS-CLIP,22473208,,
hsa-miR-16-5p,DMTF1,Functional MTI (Weak),MIRT031727,PAR-CLIP,21572407,,
hsa-miR-16-5p,HELZ,Functional MTI (Weak),MIRT031728,Sequencing,20371350,,
hsa-miR-16-5p,SLC11A2,Functional MTI (Weak),MIRT031729,Sequencing,20371350,,
hsa-miR-16-5p,KPNA1,Functional MTI (Weak),MIRT031732,"Sequencing, PAR-CLIP",20371350,,
hsa-miR-16-5p,KPNA1,Functional MTI (Weak),MIRT031732,Proteomics,18668040,,
hsa-miR-16-5p,KPNA1,Functional MTI (Weak),MIRT031732,CLASH,23622248,,
hsa-miR-16-5p,KPNA1,Functional MTI (Weak),MIRT031732,PAR-CLIP,21572407,,
hsa-miR-16-5p,NUFIP2,Functional MTI (Weak),MIRT031733,"Sequencing, PAR-CLIP",20371350,,
hsa-miR-16-5p,NUFIP2,Functional MTI (Weak),MIRT031733,Proteomics,18668040,,
hsa-miR-16-5p,NUFIP2,Functional MTI (Weak),MIRT031733,HITS-CLIP,22473208,,
hsa-miR-16-5p,NUFIP2,Functional MTI (Weak),MIRT031733,PAR-CLIP,23446348,,
hsa-miR-16-5p,NUFIP2,Functional MTI (Weak),MIRT031733,PAR-CLIP,27292025,,
hsa-miR-16-5p,BMS1,Functional MTI (Weak),MIRT031746,Proteomics,18668040,,
hsa-miR-16-5p,ASH1L,Functional MTI (Weak),MIRT031796,Sequencing,20371350,,
hsa-miR-16-5p,ASH1L,Functional MTI (Weak),MIRT031796,HITS-CLIP,22473208,,
hsa-miR-16-5p,ASH1L,Functional MTI (Weak),MIRT031796,PAR-CLIP,21572407,,
hsa-miR-16-5p,HSPD1,Functional MTI (Weak),MIRT031799,Proteomics,18668040,,
hsa-miR-16-5p,ASPH,Functional MTI (Weak),MIRT031802,Microarray,21199864,,
hsa-miR-16-5p,RRP36,Functional MTI (Weak),MIRT031805,Proteomics,18668040,,
hsa-miR-16-5p,NARS,Functional MTI (Weak),MIRT031806,Proteomics,18668040,,
hsa-miR-16-5p,DDX31,Functional MTI (Weak),MIRT031816,Proteomics,18668040,,
hsa-miR-16-5p,KDM2A,Functional MTI (Weak),MIRT031826,Proteomics,18668040,,
hsa-miR-16-5p,SLC7A5,Functional MTI (Weak),MIRT031833,Proteomics,18668040,,
hsa-miR-16-5p,SLC7A5,Functional MTI (Weak),MIRT031833,HITS-CLIP,22473208,,
hsa-miR-16-5p,STXBP3,Functional MTI (Weak),MIRT031842,Proteomics,18668040,,
hsa-miR-16-5p,STXBP3,Functional MTI (Weak),MIRT031842,HITS-CLIP,22473208,,
hsa-miR-16-5p,DDX3X,Functional MTI (Weak),MIRT031843,Proteomics,18668040,,
hsa-miR-16-5p,DDX3X,Functional MTI (Weak),MIRT031843,PAR-CLIP,24398324,,
hsa-miR-16-5p,DDX3X,Functional MTI (Weak),MIRT031843,PAR-CLIP,23446348,,
hsa-miR-16-5p,DDX3X,Functional MTI (Weak),MIRT031843,PAR-CLIP,21572407,,
hsa-miR-16-5p,MRRF,Functional MTI (Weak),MIRT031902,Proteomics,18668040,,
hsa-miR-16-5p,ERLIN2,Functional MTI (Weak),MIRT031903,Proteomics,18668040,,
hsa-miR-16-5p,SYPL1,Functional MTI (Weak),MIRT031908,Proteomics,18668040,,
hsa-miR-16-5p,SYPL1,Functional MTI (Weak),MIRT031908,PAR-CLIP,24398324,,
hsa-miR-16-5p,SYPL1,Functional MTI (Weak),MIRT031908,PAR-CLIP,23446348,,
hsa-miR-16-5p,SYPL1,Functional MTI (Weak),MIRT031908,PAR-CLIP,21572407,,
hsa-miR-16-5p,SYPL1,Functional MTI (Weak),MIRT031908,PAR-CLIP,20371350,,
hsa-miR-16-5p,ANKRD17,Functional MTI (Weak),MIRT031910,Proteomics,18668040,,
hsa-miR-16-5p,RNF111,Functional MTI (Weak),MIRT031911,Microarray,21199864,,
hsa-miR-16-5p,MED13,Functional MTI (Weak),MIRT031923,Sequencing,20371350,,
hsa-miR-16-5p,MED13,Functional MTI (Weak),MIRT031923,CLASH,23622248,,
hsa-miR-16-5p,SPRED1,Functional MTI (Weak),MIRT031930,Sequencing,20371350,,
hsa-miR-16-5p,SPRED1,Functional MTI (Weak),MIRT031930,HITS-CLIP,22473208,,
hsa-miR-16-5p,SPRED1,Functional MTI (Weak),MIRT031930,PAR-CLIP,23446348,,
hsa-miR-16-5p,CAPZA2,Functional MTI (Weak),MIRT031933,"Sequencing, PAR-CLIP",20371350,,
hsa-miR-16-5p,GOLT1B,Functional MTI (Weak),MIRT031937,Proteomics,18668040,,
hsa-miR-16-5p,GOLT1B,Functional MTI (Weak),MIRT031937,Sequencing,20371350,,
hsa-miR-16-5p,PPP6C,Functional MTI (Weak),MIRT031938,Proteomics,18668040,,
hsa-miR-16-5p,PPP6C,Functional MTI (Weak),MIRT031938,Sequencing,20371350,,
hsa-miR-16-5p,PPP6C,Functional MTI (Weak),MIRT031938,HITS-CLIP,22473208,,
hsa-miR-16-5p,WARS,Functional MTI (Weak),MIRT031943,Proteomics,18668040,,
hsa-miR-16-5p,MRPS23,Functional MTI (Weak),MIRT031963,Proteomics,18668040,,
hsa-miR-16-5p,IWS1,Functional MTI (Weak),MIRT031971,Proteomics,18668040,,
hsa-miR-16-5p,TTLL12,Functional MTI (Weak),MIRT031972,Proteomics,18668040,,
hsa-miR-16-5p,TTLL12,Functional MTI (Weak),MIRT031972,CLASH,23622248,,
hsa-miR-16-5p,SCAF4,Functional MTI (Weak),MIRT031980,Proteomics,18668040,,
hsa-miR-16-5p,C16orf72,Functional MTI (Weak),MIRT032066,Sequencing,20371350,,
hsa-miR-16-5p,C16orf72,Functional MTI (Weak),MIRT032066,HITS-CLIP,22473208,,
hsa-miR-16-5p,C16orf72,Functional MTI (Weak),MIRT032066,PAR-CLIP,23592263,,
hsa-miR-16-5p,C16orf72,Functional MTI (Weak),MIRT032066,PAR-CLIP,24398324,,
hsa-miR-16-5p,C16orf72,Functional MTI (Weak),MIRT032066,"PAR-CLIP, HITS-CLIP",21572407,,
hsa-miR-16-5p,C16orf72,Functional MTI (Weak),MIRT032066,PAR-CLIP,26701625,,
hsa-miR-16-5p,TMEM255A,Functional MTI (Weak),MIRT032067,Sequencing,20371350,,
hsa-miR-16-5p,ATXN7L3,Functional MTI (Weak),MIRT032069,Sequencing,20371350,,
hsa-miR-16-5p,E2F7,Functional MTI (Weak),MIRT032071,"Sequencing, PAR-CLIP",20371350,,
hsa-miR-16-5p,E2F7,Functional MTI (Weak),MIRT032071,HITS-CLIP,22473208,,
hsa-miR-16-5p,E2F7,Functional MTI (Weak),MIRT032071,PAR-CLIP,24398324,,
hsa-miR-16-5p,E2F7,Functional MTI (Weak),MIRT032071,PAR-CLIP,23446348,,
hsa-miR-16-5p,E2F7,Functional MTI (Weak),MIRT032071,PAR-CLIP,22012620,,
hsa-miR-16-5p,E2F7,Functional MTI (Weak),MIRT032071,PAR-CLIP,21572407,,
hsa-miR-16-5p,SCAF4,Functional MTI (Weak),MIRT031980,CLASH,23622248,,
hsa-miR-16-5p,COPS7B,Functional MTI (Weak),MIRT031981,Proteomics,18668040,,
hsa-miR-16-5p,SMURF2,Functional MTI (Weak),MIRT031987,Microarray,21199864,,
hsa-miR-16-5p,PRR3,Functional MTI (Weak),MIRT031995,Sequencing,20371350,,
hsa-miR-16-5p,FAT3,Functional MTI (Weak),MIRT031999,Sequencing,20371350,,
hsa-miR-16-5p,EN2,Functional MTI (Weak),MIRT032001,"Sequencing, PAR-CLIP",20371350,,
hsa-miR-16-5p,EN2,Functional MTI (Weak),MIRT032001,PAR-CLIP,23446348,,
hsa-miR-16-5p,EN2,Functional MTI (Weak),MIRT032001,PAR-CLIP,21572407,,
hsa-miR-16-5p,PDK4,Functional MTI (Weak),MIRT032003,Sequencing,20371350,,
hsa-miR-16-5p,AK2,Functional MTI (Weak),MIRT032010,Proteomics,18668040,,
hsa-miR-16-5p,PSPH,Functional MTI (Weak),MIRT032012,Proteomics,18668040,,
hsa-miR-16-5p,IARS,Functional MTI (Weak),MIRT032046,Proteomics,18668040,,
hsa-miR-16-5p,EFNB2,Functional MTI (Weak),MIRT032048,Proteomics,18668040,,
hsa-miR-16-5p,EFNB2,Functional MTI (Weak),MIRT032048,PAR-CLIP,22012620,,
hsa-miR-16-5p,EFNB2,Functional MTI (Weak),MIRT032048,PAR-CLIP,20371350,,
hsa-miR-16-5p,DDX3Y,Functional MTI (Weak),MIRT032055,Proteomics,18668040,,
hsa-miR-16-5p,DDX3Y,Functional MTI (Weak),MIRT032055,HITS-CLIP,22473208,,
hsa-miR-16-5p,CALU,Functional MTI (Weak),MIRT032058,Sequencing,20371350,,
hsa-miR-16-5p,CALU,Functional MTI (Weak),MIRT032058,HITS-CLIP,22473208,,
hsa-miR-16-5p,CALU,Functional MTI (Weak),MIRT032058,PAR-CLIP,23592263,,
hsa-miR-16-5p,PTPDC1,Functional MTI (Weak),MIRT032059,Sequencing,20371350,,
hsa-miR-16-5p,USP53,Functional MTI (Weak),MIRT032060,Sequencing,20371350,,
hsa-miR-16-5p,USP53,Functional MTI (Weak),MIRT032060,PAR-CLIP,24398324,,
hsa-miR-16-5p,DDX52,Functional MTI (Weak),MIRT031427,Proteomics,18668040,,
hsa-miR-16-5p,EIF2B2,Functional MTI (Weak),MIRT031428,Proteomics,18668040,,
hsa-miR-16-5p,EIF2B2,Functional MTI (Weak),MIRT031428,HITS-CLIP,23824327,,
hsa-miR-16-5p,SERBP1,Functional MTI (Weak),MIRT031433,Proteomics,18668040,,
hsa-miR-16-5p,SERBP1,Functional MTI (Weak),MIRT031433,PAR-CLIP,20371350,,
hsa-miR-16-5p,CMPK1,Functional MTI (Weak),MIRT031434,Proteomics,18668040,,
hsa-miR-16-5p,RPS6KB1,Functional MTI (Weak),MIRT031441,Sequencing,20371350,,
hsa-miR-16-5p,RPS6KB1,Functional MTI (Weak),MIRT031441,PAR-CLIP,24398324,,
hsa-miR-16-5p,RPS6KB1,Functional MTI,MIRT031441,"Luciferase reporter assay, qRT-PCR",25261849,,
hsa-miR-16-5p,KATNAL1,Functional MTI (Weak),MIRT031447,Sequencing,20371350,,
hsa-miR-16-5p,KATNAL1,Functional MTI (Weak),MIRT031447,HITS-CLIP,22473208,,
hsa-miR-16-5p,CDC25A,Functional MTI (Weak),MIRT031451,Sequencing,20371350,,
hsa-miR-16-5p,CDC25A,Functional MTI (Weak),MIRT031451,HITS-CLIP,22473208,,
hsa-miR-16-5p,CDC25A,Functional MTI (Weak),MIRT031451,PAR-CLIP,23592263,,
hsa-miR-16-5p,ABL2,Functional MTI (Weak),MIRT031452,"Sequencing, PAR-CLIP",20371350,,
hsa-miR-16-5p,ABL2,Functional MTI (Weak),MIRT031452,PAR-CLIP,23592263,,
hsa-miR-16-5p,ABL2,Functional MTI (Weak),MIRT031452,PAR-CLIP,24398324,,
hsa-miR-16-5p,ABL2,Functional MTI (Weak),MIRT031452,PAR-CLIP,23446348,,
hsa-miR-16-5p,ABL2,Functional MTI (Weak),MIRT031452,PAR-CLIP,21572407,,
hsa-miR-16-5p,KIF5B,Functional MTI (Weak),MIRT031456,"Sequencing, PAR-CLIP",20371350,,
hsa-miR-16-5p,KIF5B,Functional MTI (Weak),MIRT031456,Proteomics,18668040,,
hsa-miR-16-5p,KIF5B,Functional MTI (Weak),MIRT031456,CLASH,23622248,,
hsa-miR-16-5p,KIF5B,Functional MTI (Weak),MIRT031456,HITS-CLIP,22473208,,
hsa-miR-16-5p,KIF5B,Functional MTI (Weak),MIRT031456,PAR-CLIP,24398324,,
hsa-miR-16-5p,KIF5B,Functional MTI (Weak),MIRT031456,PAR-CLIP,23446348,,
hsa-miR-16-5p,KIF5B,Functional MTI (Weak),MIRT031456,PAR-CLIP,21572407,,
hsa-miR-16-5p,CALR,Functional MTI (Weak),MIRT031457,Proteomics,18668040,,
hsa-miR-16-5p,RAB30,V,TargetScan,N/A,N/A,,
hsa-miR-16-5p,RBPJ,V,TargetScan,N/A,N/A,,
hsa-miR-16-5p,RICTOR,V,TargetScan,N/A,N/A,,
hsa-miR-16-5p,SLC35A4,V,TargetScan,N/A,N/A,,
hsa-miR-16-5p,SORT1,V,TargetScan,N/A,N/A,,
hsa-miR-16-5p,TRIM29,V,TargetScan,N/A,N/A,,
hsa-miR-16-5p,WWC1,V,TargetScan,N/A,N/A,,
hsa-miR-16-5p,AGO1,V,TargetScan,N/A,N/A,,
hsa-miR-16-5p,C20orf194,V,TargetScan,N/A,N/A,,
hsa-miR-16-5p,CHD2,V,TargetScan,N/A,N/A,,
hsa-miR-16-5p,CHD9,V,TargetScan,N/A,N/A,,
hsa-miR-16-5p,CLCN5,V,TargetScan,N/A,N/A,,
hsa-miR-16-5p,FAT3,V,TargetScan,N/A,N/A,,
hsa-miR-16-5p,PLEKHH1,V,TargetScan,N/A,N/A,,
hsa-miR-16-5p,UBN2,V,TargetScan,N/A,N/A,,
hsa-miR-16-5p,AGO3,V,TargetScan,N/A,N/A,,
hsa-miR-16-5p,CNKSR2,V,TargetScan,N/A,N/A,,
hsa-miR-16-5p,ERC2,V,TargetScan,N/A,N/A,,
hsa-miR-16-5p,EYA4,V,TargetScan,N/A,N/A,,
hsa-miR-16-5p,KHNYN,V,TargetScan,N/A,N/A,,
hsa-miR-16-5p,KIAA0513,V,TargetScan,N/A,N/A,,
hsa-miR-16-5p,KLHDC10,V,TargetScan,N/A,N/A,,
hsa-miR-16-5p,LUZP1,V,TargetScan,N/A,N/A,,
hsa-miR-16-5p,PHLPP2,V,TargetScan,N/A,N/A,,
hsa-miR-16-5p,PLXNA2,V,TargetScan,N/A,N/A,,
hsa-miR-16-5p,POLR3D,V,TargetScan,N/A,N/A,,
hsa-miR-16-5p,PRRC2C,V,TargetScan,N/A,N/A,,
hsa-miR-16-5p,RBM12,V,TargetScan,N/A,N/A,,
hsa-miR-16-5p,RSBN1,V,TargetScan,N/A,N/A,,
hsa-miR-16-5p,AFF4,V,TargetScan,N/A,N/A,,
hsa-miR-16-5p,CHD5,V,TargetScan,N/A,N/A,,
hsa-miR-16-5p,CREBL2,V,TargetScan,N/A,N/A,,
hsa-miR-16-5p,DIXDC1,V,TargetScan,N/A,N/A,,
hsa-miR-16-5p,DNAJC5,V,TargetScan,N/A,N/A,,
hsa-miR-16-5p,ENTPD5,V,TargetScan,N/A,N/A,,
hsa-miR-16-5p,EXOC5,V,TargetScan,N/A,N/A,,
hsa-miR-16-5p,FOXO1,V,TargetScan,N/A,N/A,,
hsa-miR-16-5p,MINDY2,V,TargetScan,N/A,N/A,,
hsa-miR-16-5p,TEAD1,V,TargetScan,N/A,N/A,,
hsa-miR-16-5p,AMER1,V,TargetScan,N/A,N/A,,
hsa-miR-16-5p,FNIP2,V,TargetScan,N/A,N/A,,
hsa-miR-16-5p,CDK4,V,TargetScan,N/A,N/A,,
hsa-miR-16-5p,GPR153,V,TargetScan,N/A,N/A,,
hsa-miR-16-5p,SLC6A11,V,TargetScan,N/A,N/A,,
hsa-miR-16-5p,UBR3,V,TargetScan,N/A,N/A,,
hsa-miR-16-5p,BCL11B,V,TargetScan,N/A,N/A,,
hsa-miR-16-5p,NFATC3,V,TargetScan,N/A,N/A,,
hsa-miR-16-5p,ADNP2,V,TargetScan,N/A,N/A,,
hsa-miR-16-5p,FZD4,V,TargetScan,N/A,N/A,,
hsa-miR-16-5p,CINP,V,TargetScan,N/A,N/A,,
hsa-miR-16-5p,LPP,V,TargetScan,N/A,N/A,,
hsa-miR-16-5p,NR2C2,V,TargetScan,N/A,N/A,,
hsa-miR-16-5p,MINK1,V,TargetScan,N/A,N/A,,
hsa-miR-16-5p,PHKA1,V,TargetScan,N/A,N/A,,
hsa-miR-16-5p,RIMS3,V,TargetScan,N/A,N/A,,
hsa-miR-16-5p,UBXN10,V,TargetScan,N/A,N/A,,
hsa-miR-16-5p,STRN,V,TargetScan,N/A,N/A,,
hsa-miR-16-5p,SLITRK1,V,TargetScan,N/A,N/A,,
hsa-miR-16-5p,VTA1,V,TargetScan,N/A,N/A,,
hsa-miR-16-5p,EIF5A2,V,TargetScan,N/A,N/A,,
hsa-miR-16-5p,KIF1C,V,TargetScan,N/A,N/A,,
hsa-miR-16-5p,TMEM250,V,TargetScan,N/A,N/A,,
hsa-miR-16-5p,RFFL,V,TargetScan,N/A,N/A,,
hsa-miR-16-5p,HCN1,V,TargetScan,N/A,N/A,,
hsa-miR-16-5p,CLSPN,V,TargetScan,N/A,N/A,,
hsa-miR-16-5p,DDX3X,V,TargetScan,N/A,N/A,,
hsa-miR-16-5p,GOLT1B,V,TargetScan,N/A,N/A,,
hsa-miR-16-5p,KATNAL1,V,TargetScan,N/A,N/A,,
hsa-miR-16-5p,NLRP1,V,TargetScan,N/A,N/A,,
hsa-miR-16-5p,OGT,V,TargetScan,N/A,N/A,,
hsa-miR-16-5p,PCGF5,V,TargetScan,N/A,N/A,,
hsa-miR-16-5p,MED1,V,TargetScan,N/A,N/A,,
hsa-miR-16-5p,SLC12A2,V,TargetScan,N/A,N/A,,
hsa-miR-16-5p,UNC13A,V,TargetScan,N/A,N/A,,
hsa-miR-16-5p,DENND2C,V,TargetScan,N/A,N/A,,
hsa-miR-16-5p,FOXP2,V,TargetScan,N/A,N/A,,
hsa-miR-16-5p,JMJD1C,V,TargetScan,N/A,N/A,,
hsa-miR-16-5p,TET3,V,TargetScan,N/A,N/A,,
hsa-miR-16-5p,ARHGAP20,V,TargetScan,N/A,N/A,,
hsa-miR-16-5p,FBXL20,V,TargetScan,N/A,N/A,,
hsa-miR-16-5p,GLCE,V,TargetScan,N/A,N/A,,
hsa-miR-16-5p,PI4KB,V,TargetScan,N/A,N/A,,
hsa-miR-16-5p,HMGXB4,V,TargetScan,N/A,N/A,,
hsa-miR-16-5p,SLC7A1,V,TargetScan,N/A,N/A,,
hsa-miR-16-5p,SOX6,V,TargetScan,N/A,N/A,,
hsa-miR-16-5p,SPEN,V,TargetScan,N/A,N/A,,
hsa-miR-16-5p,WDR47,V,TargetScan,N/A,N/A,,
hsa-miR-16-5p,DEDD,V,TargetScan,N/A,N/A,,
hsa-miR-16-5p,RAB10,V,TargetScan,N/A,N/A,,
hsa-miR-16-5p,B3GALT1,V,TargetScan,N/A,N/A,,
hsa-miR-16-5p,WNT2B,V,TargetScan,N/A,N/A,,
hsa-miR-16-5p,BRI3BP,V,TargetScan,N/A,N/A,,
hsa-miR-16-5p,MARCH4,V,TargetScan,N/A,N/A,,
hsa-miR-16-5p,TBL1XR1,V,TargetScan,N/A,N/A,,
hsa-miR-16-5p,JADE2,V,TargetScan,N/A,N/A,,
hsa-miR-16-5p,SEMA3A,V,TargetScan,N/A,N/A,,
hsa-miR-16-5p,HECTD4,V,TargetScan,N/A,N/A,,
hsa-miR-16-5p,EPB41L1,V,TargetScan,N/A,N/A,,
hsa-miR-16-5p,CDK12,V,TargetScan,N/A,N/A,,
hsa-miR-16-5p,ABI2,V,TargetScan,N/A,N/A,,
hsa-miR-16-5p,NAA25,V,TargetScan,N/A,N/A,,
hsa-miR-16-5p,DRP2,V,TargetScan,N/A,N/A,,
hsa-miR-16-5p,PHC3,V,TargetScan,N/A,N/A,,
hsa-miR-16-5p,SPRTN,V,TargetScan,N/A,N/A,,
hsa-miR-16-5p,SRPK1,V,TargetScan,N/A,N/A,,
hsa-miR-16-5p,TMEM87A,V,TargetScan,N/A,N/A,,
hsa-miR-16-5p,YOD1,V,TargetScan,N/A,N/A,,
hsa-miR-16-5p,SLC5A3,V,TargetScan,N/A,N/A,,
hsa-miR-16-5p,SYPL1,V,TargetScan,N/A,N/A,,
hsa-miR-16-5p,AKAP11,V,TargetScan,N/A,N/A,,
hsa-miR-16-5p,NFASC,V,TargetScan,N/A,N/A,,
hsa-miR-16-5p,FADS6,V,TargetScan,N/A,N/A,,
hsa-miR-16-5p,IGF1,V,TargetScan,N/A,N/A,,
hsa-miR-16-5p,XKR4,V,TargetScan,N/A,N/A,,
hsa-miR-16-5p,ZNRF2,V,TargetScan,N/A,N/A,,
hsa-miR-16-5p,NLGN1,V,TargetScan,N/A,N/A,,
hsa-miR-16-5p,FKBP5,V,TargetScan,N/A,N/A,,
hsa-miR-16-5p,KMT2A,V,TargetScan,N/A,N/A,,
hsa-miR-16-5p,MMP24,V,TargetScan,N/A,N/A,,
hsa-miR-16-5p,NMNAT2,V,TargetScan,N/A,N/A,,
hsa-miR-16-5p,NUFIP2,V,TargetScan,N/A,N/A,,
hsa-miR-16-5p,PLXNA4,V,TargetScan,N/A,N/A,,
hsa-miR-16-5p,ROCK2,V,TargetScan,N/A,N/A,,
hsa-miR-16-5p,RAB11FIP5,V,TargetScan,N/A,N/A,,
hsa-miR-16-5p,USP15,V,TargetScan,N/A,N/A,,
hsa-miR-16-5p,AP3M1,V,TargetScan,N/A,N/A,,
hsa-miR-16-5p,ARMC8,V,TargetScan,N/A,N/A,,
hsa-miR-16-5p,PGM2L1,V,TargetScan,N/A,N/A,,
hsa-miR-16-5p,GABBR1,V,TargetScan,N/A,N/A,,
hsa-miR-16-5p,FGF1,V,TargetScan,N/A,N/A,,
hsa-miR-16-5p,COLGALT2,V,TargetScan,N/A,N/A,,
hsa-miR-16-5p,CRAMP1,V,TargetScan,N/A,N/A,,
hsa-miR-16-5p,FASTK,V,TargetScan,N/A,N/A,,
hsa-miR-16-5p,KMT2C,V,TargetScan,N/A,N/A,,
hsa-miR-16-5p,KMT2D,V,TargetScan,N/A,N/A,,
hsa-miR-16-5p,LHFPL4,V,TargetScan,N/A,N/A,,
hsa-miR-16-5p,SESN2,V,TargetScan,N/A,N/A,,
hsa-miR-16-5p,PRELP,V,TargetScan,N/A,N/A,,
hsa-miR-16-5p,RGMA,V,TargetScan,N/A,N/A,,
hsa-miR-16-5p,BAZ2A,V,TargetScan,N/A,N/A,,
hsa-miR-16-5p,DICER1,V,TargetScan,N/A,N/A,,
hsa-miR-16-5p,ARHGEF39,V,TargetScan,N/A,N/A,,
hsa-miR-16-5p,TRPM3,V,TargetScan,N/A,N/A,,
hsa-miR-16-5p,ESF1,V,TargetScan,N/A,N/A,,
hsa-miR-16-5p,SNX13,V,TargetScan,N/A,N/A,,
hsa-miR-16-5p,LIMS1,V,TargetScan,N/A,N/A,,
hsa-miR-16-5p,TXLNG,V,TargetScan,N/A,N/A,,
hsa-miR-16-5p,SREK1,V,TargetScan,N/A,N/A,,
hsa-miR-16-5p,NCBP3,V,TargetScan,N/A,N/A,,
hsa-miR-16-5p,PAK2,V,TargetScan,N/A,N/A,,
hsa-miR-16-5p,PHF21A,V,TargetScan,N/A,N/A,,
hsa-miR-16-5p,CDC6,V,TargetScan,N/A,N/A,,
hsa-miR-16-5p,RBM23,V,TargetScan,N/A,N/A,,
hsa-miR-16-5p,SBNO1,V,TargetScan,N/A,N/A,,
hsa-miR-16-5p,RAB11FIP1,V,TargetScan,N/A,N/A,,
hsa-miR-16-5p,CYB5R4,V,TargetScan,N/A,N/A,,
hsa-miR-16-5p,CCDC6,V,TargetScan,N/A,N/A,,
hsa-miR-16-5p,DCAF10,V,TargetScan,N/A,N/A,,
hsa-miR-16-5p,SEC31B,V,TargetScan,N/A,N/A,,
hsa-miR-16-5p,PHKG2,V,TargetScan,N/A,N/A,,
hsa-miR-16-5p,UBE2K,V,TargetScan,N/A,N/A,,
hsa-miR-16-5p,CADM1,V,TargetScan,N/A,N/A,,
hsa-miR-16-5p,UBR4,V,TargetScan,N/A,N/A,,
hsa-miR-16-5p,PDHB,V,TargetScan,N/A,N/A,,
hsa-miR-16-5p,APC,V,TargetScan,N/A,N/A,,
hsa-miR-16-5p,PRR11,V,TargetScan,N/A,N/A,,
hsa-miR-16-5p,MYB,V,microrna.org,N/A,N/A,,
hsa-miR-16-5p,SLC44A1,V,microrna.org,N/A,N/A,,
hsa-miR-16-5p,PHF20L1,V,microrna.org,N/A,N/A,,
hsa-miR-16-5p,USP15,V,microrna.org,N/A,N/A,,
hsa-miR-16-5p,RUNX1T1,V,microrna.org,N/A,N/A,,
hsa-miR-16-5p,PRDM4,V,microrna.org,N/A,N/A,,
hsa-miR-16-5p,BTAF1,V,microrna.org,N/A,N/A,,
hsa-miR-16-5p,ZCCHC3,V,microrna.org,N/A,N/A,,
hsa-miR-16-5p,PHKA1,V,microrna.org,N/A,N/A,,
hsa-miR-16-5p,SHPRH,V,microrna.org,N/A,N/A,,
hsa-miR-16-5p,LHX9,V,microrna.org,N/A,N/A,,
hsa-miR-16-5p,ALS2,V,microrna.org,N/A,N/A,,
hsa-miR-16-5p,VEGFA,V,microrna.org,N/A,N/A,,
hsa-miR-16-5p,ANKRD46,V,microrna.org,N/A,N/A,,
hsa-miR-16-5p,TMED9,V,microrna.org,N/A,N/A,,
hsa-miR-16-5p,PURA,V,microrna.org,N/A,N/A,,
hsa-miR-16-5p,USP42,V,microrna.org,N/A,N/A,,
hsa-miR-16-5p,ABCB5,V,microrna.org,N/A,N/A,,
hsa-miR-16-5p,ARMC8,V,microrna.org,N/A,N/A,,
hsa-miR-16-5p,NARF,V,microrna.org,N/A,N/A,,
hsa-miR-16-5p,CDK17,V,microrna.org,N/A,N/A,,
hsa-miR-16-5p,MIPOL1,V,microrna.org,N/A,N/A,,
hsa-miR-16-5p,SYPL1,V,microrna.org,N/A,N/A,,
hsa-miR-16-5p,DDX3X,V,microrna.org,N/A,N/A,,
hsa-miR-16-5p,ZCCHC2,V,microrna.org,N/A,N/A,,
hsa-miR-16-5p,UBR3,V,microrna.org,N/A,N/A,,
hsa-miR-16-5p,DDX3Y,V,microrna.org,N/A,N/A,,
hsa-miR-16-5p,CAPZA2,V,microrna.org,N/A,N/A,,
hsa-miR-16-5p,GPATCH8,V,microrna.org,N/A,N/A,,
hsa-miR-16-5p,CREBRF,V,microrna.org,N/A,N/A,,
hsa-miR-16-5p,SLC38A9,V,microrna.org,N/A,N/A,,
hsa-miR-16-5p,BAMBI,V,microrna.org,N/A,N/A,,
hsa-miR-16-5p,SLC9A6,V,microrna.org,N/A,N/A,,
hsa-miR-16-5p,ADGRE4P,V,microrna.org,N/A,N/A,,
hsa-miR-16-5p,TMEM255A,V,microrna.org,N/A,N/A,,
hsa-miR-16-5p,RBBP6,V,microrna.org,N/A,N/A,,
hsa-miR-16-5p,C8orf86,V,microrna.org,N/A,N/A,,
hsa-miR-16-5p,SYNDIG1,V,microrna.org,N/A,N/A,,
hsa-miR-16-5p,IARS,V,microrna.org,N/A,N/A,,
hsa-miR-16-5p,MOB4,V,microrna.org,N/A,N/A,,
hsa-miR-16-5p,PCDHAC1,V,microrna.org,N/A,N/A,,
hsa-miR-16-5p,SEMA6D,V,microrna.org,N/A,N/A,,
hsa-miR-16-5p,PPP1R12B,V,microrna.org,N/A,N/A,,
hsa-miR-16-5p,DLD,V,microrna.org,N/A,N/A,,
hsa-miR-16-5p,IPO7,V,microrna.org,N/A,N/A,,
hsa-miR-16-5p,MYBL1,V,microrna.org,N/A,N/A,,
hsa-miR-16-5p,DMTF1,V,microrna.org,N/A,N/A,,
hsa-miR-16-5p,UNC80,V,microrna.org,N/A,N/A,,
hsa-miR-16-5p,NCKAP5,V,microrna.org,N/A,N/A,,
hsa-miR-16-5p,BDNF,V,microrna.org,N/A,N/A,,
hsa-miR-16-5p,ZBTB8A,V,microrna.org,N/A,N/A,,
hsa-miR-16-5p,ZNF410,V,microrna.org,N/A,N/A,,
hsa-miR-16-5p,SOBP,V,microrna.org,N/A,N/A,,
hsa-miR-16-5p,PLEKHA1,V,microrna.org,N/A,N/A,,
hsa-miR-16-5p,GALNT1,V,microrna.org,N/A,N/A,,
hsa-miR-16-5p,HSPA4L,V,microrna.org,N/A,N/A,,
hsa-miR-16-5p,EPHA6,V,microrna.org,N/A,N/A,,
hsa-miR-16-5p,YLPM1,V,microrna.org,N/A,N/A,,
hsa-miR-16-5p,SIPA1L2,V,microrna.org,N/A,N/A,,
hsa-miR-16-5p,ASH1L,V,microrna.org,N/A,N/A,,
hsa-miR-16-5p,AP2A1,V,microrna.org,N/A,N/A,,
hsa-miR-16-5p,DYRK1A,V,microrna.org,N/A,N/A,,
hsa-miR-16-5p,YWHAQ,V,microrna.org,N/A,N/A,,
hsa-miR-16-5p,CPED1,V,microrna.org,N/A,N/A,,
hsa-miR-16-5p,SLC2A14,V,microrna.org,N/A,N/A,,
hsa-miR-16-5p,ACSS2,V,microrna.org,N/A,N/A,,
hsa-miR-16-5p,PLAG1,V,microrna.org,N/A,N/A,,
hsa-miR-16-5p,OGT,V,microrna.org,N/A,N/A,,
hsa-miR-16-5p,ANKIB1,V,microrna.org,N/A,N/A,,
hsa-miR-16-5p,SLC11A2,V,microrna.org,N/A,N/A,,
hsa-miR-16-5p,PRRC2C,V,microrna.org,N/A,N/A,,
hsa-miR-16-5p,ZDHHC17,V,microrna.org,N/A,N/A,,
hsa-miR-16-5p,PPT2,V,microrna.org,N/A,N/A,,
hsa-miR-16-5p,GRPR,V,microrna.org,N/A,N/A,,
hsa-miR-16-5p,KCNE2,V,microrna.org,N/A,N/A,,
hsa-miR-16-5p,LSM11,V,microrna.org,N/A,N/A,,
hsa-miR-16-5p,CANX,V,microrna.org,N/A,N/A,,
hsa-miR-16-5p,AK3,V,microrna.org,N/A,N/A,,
hsa-miR-16-5p,PRKAG2,V,microrna.org,N/A,N/A,,
hsa-miR-16-5p,GAPVD1,V,microrna.org,N/A,N/A,,
hsa-miR-16-5p,E2F7,V,microrna.org,N/A,N/A,,
hsa-miR-16-5p,RFX4,V,microrna.org,N/A,N/A,,
hsa-miR-16-5p,SLC4A4,V,microrna.org,N/A,N/A,,
hsa-miR-16-5p,RTKN2,V,microrna.org,N/A,N/A,,
hsa-miR-16-5p,PAFAH1B1,V,microrna.org,N/A,N/A,,
hsa-miR-16-5p,MBD5,V,microrna.org,N/A,N/A,,
hsa-miR-16-5p,ZNF362,V,microrna.org,N/A,N/A,,
hsa-miR-16-5p,NF2,V,microrna.org,N/A,N/A,,
hsa-miR-16-5p,MAPRE1,V,microrna.org,N/A,N/A,,
hsa-miR-16-5p,ATRX,V,microrna.org,N/A,N/A,,
hsa-miR-16-5p,PAK1,V,microrna.org,N/A,N/A,,
hsa-miR-16-5p,IVNS1ABP,V,microrna.org,N/A,N/A,,
hsa-miR-16-5p,TRIM2,V,microrna.org,N/A,N/A,,
hsa-miR-16-5p,BZW1,V,microrna.org,N/A,N/A,,
hsa-miR-16-5p,AKT3,V,microrna.org,N/A,N/A,,
hsa-miR-16-5p,MIER3,V,microrna.org,N/A,N/A,,
hsa-miR-16-5p,PDK4,V,microrna.org,N/A,N/A,,
hsa-miR-16-5p,CPEB2,V,microrna.org,N/A,N/A,,
hsa-miR-16-5p,PTBP3,V,microrna.org,N/A,N/A,,
hsa-miR-16-5p,SP5,V,microrna.org,N/A,N/A,,
hsa-miR-16-5p,PRPF38A,V,microrna.org,N/A,N/A,,
hsa-miR-16-5p,RBPJ,V,microrna.org,N/A,N/A,,
hsa-miR-16-5p,SEL1L3,V,microrna.org,N/A,N/A,,
hsa-miR-16-5p,SLC2A3,V,microrna.org,N/A,N/A,,
hsa-miR-16-5p,CD58,V,microrna.org,N/A,N/A,,
hsa-miR-16-5p,STXBP3,V,microrna.org,N/A,N/A,,
hsa-miR-16-5p,QKI,V,microrna.org,N/A,N/A,,
hsa-miR-16-5p,RAB10,V,microrna.org,N/A,N/A,,
hsa-miR-16-5p,MASP1,V,microrna.org,N/A,N/A,,
hsa-miR-16-5p,GRAMD2B,V,microrna.org,N/A,N/A,,
hsa-miR-16-5p,RNF111,V,microrna.org,N/A,N/A,,
hsa-miR-16-5p,CCNT2,V,microrna.org,N/A,N/A,,
hsa-miR-16-5p,SPRY3,V,microrna.org,N/A,N/A,,
hsa-miR-16-5p,TRIM35,V,microrna.org,N/A,N/A,,
hsa-miR-16-5p,CEP55,V,microrna.org,N/A,N/A,,
hsa-miR-16-5p,BLCAP,V,microrna.org,N/A,N/A,,
hsa-miR-16-5p,FZD3,V,microrna.org,N/A,N/A,,
hsa-miR-16-5p,KCNH8,V,microrna.org,N/A,N/A,,
hsa-miR-16-5p,NRG1,V,microrna.org,N/A,N/A,,
hsa-miR-16-5p,E2F3,V,microrna.org,N/A,N/A,,
hsa-miR-16-5p,PPP3CB,V,microrna.org,N/A,N/A,,
hsa-miR-16-5p,TENM2,V,microrna.org,N/A,N/A,,
hsa-miR-16-5p,ID4,V,microrna.org,N/A,N/A,,
hsa-miR-16-5p,RBM12,V,microrna.org,N/A,N/A,,
hsa-miR-16-5p,C16orf72,V,microrna.org,N/A,N/A,,
hsa-miR-16-5p,AP2A2,V,microrna.org,N/A,N/A,,
hsa-miR-16-5p,ZYG11B,V,microrna.org,N/A,N/A,,
hsa-miR-16-5p,GALNT7,V,microrna.org,N/A,N/A,,
hsa-miR-16-5p,FNIP2,V,microrna.org,N/A,N/A,,
hsa-miR-16-5p,GOLT1B,V,microrna.org,N/A,N/A,,
hsa-miR-16-5p,RNF165,V,microrna.org,N/A,N/A,,
hsa-miR-16-5p,CLCN3,V,microrna.org,N/A,N/A,,
hsa-miR-16-5p,RAD23B,V,microrna.org,N/A,N/A,,
hsa-miR-16-5p,TMEM87B,V,microrna.org,N/A,N/A,,
hsa-miR-16-5p,RNF170,V,microrna.org,N/A,N/A,,
hsa-miR-16-5p,ANXA11,V,microrna.org,N/A,N/A,,
hsa-miR-16-5p,DLG2,V,microrna.org,N/A,N/A,,
hsa-miR-16-5p,VTA1,V,microrna.org,N/A,N/A,,
hsa-miR-16-5p,KALRN,V,microrna.org,N/A,N/A,,
hsa-miR-16-5p,ARHGAP20,V,microrna.org,N/A,N/A,,
hsa-miR-16-5p,PDP1,V,microrna.org,N/A,N/A,,
hsa-miR-16-5p,PPP2R5C,V,microrna.org,N/A,N/A,,
hsa-miR-16-5p,COPS2,V,microrna.org,N/A,N/A,,
hsa-miR-16-5p,NOL4L,V,microrna.org,N/A,N/A,,
hsa-miR-16-5p,RACGAP1,V,microrna.org,N/A,N/A,,
hsa-miR-16-5p,TMEM168,V,microrna.org,N/A,N/A,,
hsa-miR-16-5p,POLR2D,V,microrna.org,N/A,N/A,,
hsa-miR-16-5p,ACTR2,V,microrna.org,N/A,N/A,,
hsa-miR-16-5p,STK38L,V,microrna.org,N/A,N/A,,
hsa-miR-16-5p,GPD2,V,microrna.org,N/A,N/A,,
hsa-miR-16-5p,ATP13A3,V,microrna.org,N/A,N/A,,
hsa-miR-16-5p,MPV17,V,microrna.org,N/A,N/A,,
hsa-miR-16-5p,SRPK1,V,microrna.org,N/A,N/A,,
hsa-miR-16-5p,H2AFZ,V,microrna.org,N/A,N/A,,
hsa-miR-16-5p,MAFK,V,microrna.org,N/A,N/A,,
hsa-miR-16-5p,SLC4A8,V,microrna.org,N/A,N/A,,
hsa-miR-16-5p,SEMA3A,V,microrna.org,N/A,N/A,,
hsa-miR-16-5p,FNBP1L,V,microrna.org,N/A,N/A,,
hsa-miR-16-5p,NUP50,V,microrna.org,N/A,N/A,,
hsa-miR-16-5p,HEXA,V,microrna.org,N/A,N/A,,
hsa-miR-16-5p,RCOR3,V,microrna.org,N/A,N/A,,
hsa-miR-16-5p,SEMA6D,V,miRcode,N/A,N/A,,
hsa-miR-16-5p,SLITRK1,V,miRcode,N/A,N/A,,
hsa-miR-16-5p,SMURF2,V,miRcode,N/A,N/A,,
hsa-miR-16-5p,ST5,V,miRcode,N/A,N/A,,
hsa-miR-16-5p,USP34,V,miRcode,N/A,N/A,,
hsa-miR-16-5p,USP42,V,miRcode,N/A,N/A,,
hsa-miR-16-5p,AKT3,V,miRcode,N/A,N/A,,
hsa-miR-16-5p,ANKRD17,V,miRcode,N/A,N/A,,
hsa-miR-16-5p,BACH2,V,miRcode,N/A,N/A,,
hsa-miR-16-5p,BPTF,V,miRcode,N/A,N/A,,
hsa-miR-16-5p,C16orf72,V,miRcode,N/A,N/A,,
hsa-miR-16-5p,CREBRF,V,miRcode,N/A,N/A,,
hsa-miR-16-5p,CLCN5,V,miRcode,N/A,N/A,,
hsa-miR-16-5p,DNAJC5,V,miRcode,N/A,N/A,,
hsa-miR-16-5p,FBN1,V,miRcode,N/A,N/A,,
hsa-miR-16-5p,FBN2,V,miRcode,N/A,N/A,,
hsa-miR-16-5p,HECTD1,V,miRcode,N/A,N/A,,
hsa-miR-16-5p,LTBP2,V,miRcode,N/A,N/A,,
hsa-miR-16-5p,MBD5,V,miRcode,N/A,N/A,,
hsa-miR-16-5p,NRCAM,V,miRcode,N/A,N/A,,
hsa-miR-16-5p,PCDHAC1,V,miRcode,N/A,N/A,,
hsa-miR-16-5p,PCGF5,V,miRcode,N/A,N/A,,
hsa-miR-16-5p,RAP1A,V,miRcode,N/A,N/A,,
hsa-miR-16-5p,RICTOR,V,miRcode,N/A,N/A,,
hsa-miR-16-5p,RUNX1T1,V,miRcode,N/A,N/A,,
hsa-miR-16-5p,LHX1,V,miRcode,N/A,N/A,,
hsa-miR-16-5p,MYBL1,V,miRcode,N/A,N/A,,
hsa-miR-16-5p,NUFIP2,V,miRcode,N/A,N/A,,
hsa-miR-16-5p,PABPC4,V,miRcode,N/A,N/A,,
hsa-miR-16-5p,PCDH9,V,miRcode,N/A,N/A,,
hsa-miR-16-5p,POU2F1,V,miRcode,N/A,N/A,,
hsa-miR-16-5p,RBBP6,V,miRcode,N/A,N/A,,
hsa-miR-16-5p,ACVR2B,V,miRcode,N/A,N/A,,
hsa-miR-16-5p,ADAM10,V,miRcode,N/A,N/A,,
hsa-miR-16-5p,CCND2,V,miRcode,N/A,N/A,,
hsa-miR-16-5p,CDK17,V,miRcode,N/A,N/A,,
hsa-miR-16-5p,EP400,V,miRcode,N/A,N/A,,
hsa-miR-16-5p,GRIN2B,V,miRcode,N/A,N/A,,
hsa-miR-16-5p,HHIP,V,miRcode,N/A,N/A,,
hsa-miR-16-5p,SOX5,V,miRcode,N/A,N/A,,
hsa-miR-16-5p,STK39,V,miRcode,N/A,N/A,,
hsa-miR-16-5p,TSC22D2,V,miRcode,N/A,N/A,,
hsa-miR-16-5p,UBR3,V,miRcode,N/A,N/A,,
hsa-miR-16-5p,ZCCHC2,V,miRcode,N/A,N/A,,
hsa-miR-16-5p,AKAP10,V,miRcode,N/A,N/A,,
hsa-miR-16-5p,ASH1L,V,miRcode,N/A,N/A,,
hsa-miR-16-5p,ASTN2,V,miRcode,N/A,N/A,,
hsa-miR-16-5p,BRWD1,V,miRcode,N/A,N/A,,
hsa-miR-16-5p,NOL4L,V,miRcode,N/A,N/A,,
hsa-miR-16-5p,C2orf69,V,miRcode,N/A,N/A,,
hsa-miR-16-5p,CLTC,V,miRcode,N/A,N/A,,
hsa-miR-16-5p,CTDSPL,V,miRcode,N/A,N/A,,
hsa-miR-16-5p,CUL3,V,miRcode,N/A,N/A,,
hsa-miR-16-5p,DYNC1H1,V,miRcode,N/A,N/A,,
hsa-miR-16-5p,DYRK1A,V,miRcode,N/A,N/A,,
hsa-miR-16-5p,E2F3,V,miRcode,N/A,N/A,,
hsa-miR-16-5p,EIF4E,V,miRcode,N/A,N/A,,
hsa-miR-16-5p,EP300,V,miRcode,N/A,N/A,,
hsa-miR-16-5p,ERC2,V,miRcode,N/A,N/A,,
hsa-miR-16-5p,FOXP2,V,miRcode,N/A,N/A,,
hsa-miR-16-5p,IGF1R,V,miRcode,N/A,N/A,,
hsa-miR-16-5p,KCNJ2,V,miRcode,N/A,N/A,,
hsa-miR-16-5p,KMT2C,V,miRcode,N/A,N/A,,
hsa-miR-16-5p,NLGN1,V,miRcode,N/A,N/A,,
hsa-miR-16-5p,PLAG1,V,miRcode,N/A,N/A,,
hsa-miR-16-5p,PRICKLE2,V,miRcode,N/A,N/A,,
hsa-miR-16-5p,PURA,V,miRcode,N/A,N/A,,
hsa-miR-16-5p,RASSF5,V,miRcode,N/A,N/A,,
hsa-miR-16-5p,RNF111,V,miRcode,N/A,N/A,,
hsa-miR-16-5p,SERBP1,V,miRcode,N/A,N/A,,
hsa-miR-16-5p,SLC12A6,V,miRcode,N/A,N/A,,
hsa-miR-16-5p,SLMAP,V,miRcode,N/A,N/A,,
hsa-miR-16-5p,SOBP,V,miRcode,N/A,N/A,,
hsa-miR-16-5p,SOX6,V,miRcode,N/A,N/A,,
hsa-miR-16-5p,UBN2,V,miRcode,N/A,N/A,,
hsa-miR-16-5p,UBR4,V,miRcode,N/A,N/A,,
hsa-miR-16-5p,VEGFA,V,miRcode,N/A,N/A,,
hsa-miR-16-5p,ZNF827,V,miRcode,N/A,N/A,,
hsa-miR-16-5p,ABCF2,V,miRcode,N/A,N/A,,
hsa-miR-16-5p,CSNK1G1,V,miRcode,N/A,N/A,,
hsa-miR-16-5p,NAA25,V,miRcode,N/A,N/A,,
hsa-miR-16-5p,TENM2,V,miRcode,N/A,N/A,,
hsa-miR-16-5p,PLAGL2,V,miRcode,N/A,N/A,,
hsa-miR-16-5p,UNC79,V,miRcode,N/A,N/A,,
hsa-miR-16-5p,XPO6,V,miRcode,N/A,N/A,,
hsa-miR-16-5p,ANKIB1,V,miRcode,N/A,N/A,,
hsa-miR-16-5p,ARHGAP44,V,miRcode,N/A,N/A,,
hsa-miR-16-5p,ATP13A3,V,miRcode,N/A,N/A,,
hsa-miR-16-5p,BCL9,V,miRcode,N/A,N/A,,
hsa-miR-16-5p,BTBD3,V,miRcode,N/A,N/A,,
hsa-miR-16-5p,HECTD4,V,miRcode,N/A,N/A,,
hsa-miR-16-5p,COPS2,V,miRcode,N/A,N/A,,
hsa-miR-16-5p,CPEB2,V,miRcode,N/A,N/A,,
hsa-miR-16-5p,CRK,V,miRcode,N/A,N/A,,
hsa-miR-16-5p,CUL4B,V,miRcode,N/A,N/A,,
hsa-miR-16-5p,DICER1,V,miRcode,N/A,N/A,,
hsa-miR-16-5p,EPHA7,V,miRcode,N/A,N/A,,
hsa-miR-16-5p,FRS2,V,miRcode,N/A,N/A,,
hsa-miR-16-5p,GALNT1,V,miRcode,N/A,N/A,,
hsa-miR-16-5p,GPATCH8,V,miRcode,N/A,N/A,,
hsa-miR-16-5p,GRIN2A,V,miRcode,N/A,N/A,,
hsa-miR-16-5p,HS3ST1,V,miRcode,N/A,N/A,,
hsa-miR-16-5p,IGF1,V,miRcode,N/A,N/A,,
hsa-miR-16-5p,KIF5B,V,miRcode,N/A,N/A,,
hsa-miR-16-5p,KPNA1,V,miRcode,N/A,N/A,,
hsa-miR-16-5p,LCOR,V,miRcode,N/A,N/A,,
hsa-miR-16-5p,LCORL,V,miRcode,N/A,N/A,,
hsa-miR-16-5p,LPP,V,miRcode,N/A,N/A,,
hsa-miR-16-5p,MAP4K4,V,miRcode,N/A,N/A,,
hsa-miR-16-5p,MBNL1,V,miRcode,N/A,N/A,,
hsa-miR-16-5p,NPEPPS,V,miRcode,N/A,N/A,,
hsa-miR-16-5p,NRP2,V,miRcode,N/A,N/A,,
hsa-miR-16-5p,PAPPA,V,miRcode,N/A,N/A,,
hsa-miR-16-5p,PLCH1,V,miRcode,N/A,N/A,,
hsa-miR-16-5p,PLEKHA1,V,miRcode,N/A,N/A,,
hsa-miR-16-5p,PRKAG2,V,miRcode,N/A,N/A,,
hsa-miR-16-5p,R3HDM2,V,miRcode,N/A,N/A,,
hsa-miR-16-5p,RFX3,V,miRcode,N/A,N/A,,
hsa-miR-16-5p,RORA,V,miRcode,N/A,N/A,,
hsa-miR-16-5p,RPS6KA3,V,miRcode,N/A,N/A,,
hsa-miR-16-5p,SHPRH,V,miRcode,N/A,N/A,,
hsa-miR-16-5p,SIM1,V,miRcode,N/A,N/A,,
hsa-miR-16-5p,SLC4A4,V,miRcode,N/A,N/A,,
hsa-miR-16-5p,SMAD2,V,miRcode,N/A,N/A,,
hsa-miR-16-5p,SYNCRIP,V,miRcode,N/A,N/A,,
hsa-miR-16-5p,USP15,V,miRcode,N/A,N/A,,
hsa-miR-16-5p,USP9X,V,miRcode,N/A,N/A,,
hsa-miR-16-5p,VIM,V,miRcode,N/A,N/A,,
hsa-miR-16-5p,WDFY3,V,miRcode,N/A,N/A,,
hsa-miR-16-5p,RSBN1,V,miRcode,N/A,N/A,,
hsa-miR-16-5p,ARID4B,V,miRcode,N/A,N/A,,
hsa-miR-16-5p,ARID5B,V,miRcode,N/A,N/A,,
hsa-miR-16-5p,ARL3,V,miRcode,N/A,N/A,,
hsa-miR-16-5p,ATP2B2,V,miRcode,N/A,N/A,,
hsa-miR-16-5p,BCL11A,V,miRcode,N/A,N/A,,
hsa-miR-16-5p,ELL2,V,miRcode,N/A,N/A,,
hsa-miR-16-5p,ERLIN2,V,miRcode,N/A,N/A,,
hsa-miR-16-5p,EXOC8,V,miRcode,N/A,N/A,,
hsa-miR-16-5p,HCN1,V,miRcode,N/A,N/A,,
hsa-miR-16-5p,HELZ,V,miRcode,N/A,N/A,,
hsa-miR-16-5p,KDM2A,V,miRcode,N/A,N/A,,
hsa-miR-16-5p,LRP10,V,miRcode,N/A,N/A,,
hsa-miR-16-5p,LRP6,V,miRcode,N/A,N/A,,
hsa-miR-16-5p,MAP3K1,V,miRcode,N/A,N/A,,
hsa-miR-16-5p,MINK1,V,miRcode,N/A,N/A,,
hsa-miR-16-5p,MIPOL1,V,miRcode,N/A,N/A,,
hsa-miR-16-5p,NDST1,V,miRcode,N/A,N/A,,
hsa-miR-16-5p,PHTF2,V,miRcode,N/A,N/A,,
hsa-miR-16-5p,PIEZO1,V,miRcode,N/A,N/A,,
hsa-miR-16-5p,PPP2R5C,V,miRcode,N/A,N/A,,
hsa-miR-16-5p,PPP6C,V,miRcode,N/A,N/A,,
hsa-miR-16-5p,PRDM4,V,miRcode,N/A,N/A,,
hsa-miR-16-5p,RBM22,V,miRcode,N/A,N/A,,
hsa-miR-16-5p,SEMA3A,V,miRcode,N/A,N/A,,
hsa-miR-16-5p,SIPA1L2,V,miRcode,N/A,N/A,,
hsa-miR-16-5p,STC1,V,miRcode,N/A,N/A,,
hsa-miR-16-5p,STK35,V,miRcode,N/A,N/A,,
hsa-miR-16-5p,TMCC1,V,miRcode,N/A,N/A,,
hsa-miR-16-5p,TNKS2,V,miRcode,N/A,N/A,,
hsa-miR-16-5p,TRIM2,V,miRcode,N/A,N/A,,
hsa-miR-16-5p,USP24,V,miRcode,N/A,N/A,,
hsa-miR-16-5p,USP47,V,miRcode,N/A,N/A,,
hsa-miR-16-5p,WDR26,V,miRcode,N/A,N/A,,
hsa-miR-16-5p,YAP1,V,miRcode,N/A,N/A,,
hsa-miR-16-5p,ABCA1,V,miRcode,N/A,N/A,,
hsa-miR-16-5p,CCNT2,V,miRcode,N/A,N/A,,
hsa-miR-16-5p,ETV1,V,miRcode,N/A,N/A,,
hsa-miR-16-5p,FAM160A1,V,miRcode,N/A,N/A,,
hsa-miR-16-5p,GPR85,V,miRcode,N/A,N/A,,
hsa-miR-16-5p,GREB1L,V,miRcode,N/A,N/A,,
hsa-miR-16-5p,HEATR5A,V,miRcode,N/A,N/A,,
hsa-miR-16-5p,HIRA,V,miRcode,N/A,N/A,,
hsa-miR-16-5p,IBA57,V,miRcode,N/A,N/A,,
hsa-miR-16-5p,KANK1,V,miRcode,N/A,N/A,,
hsa-miR-16-5p,MAPKAP1,V,miRcode,N/A,N/A,,
hsa-miR-16-5p,MOB4,V,miRcode,N/A,N/A,,
hsa-miR-16-5p,MYB,V,miRcode,N/A,N/A,,
hsa-miR-16-5p,NCKIPSD,V,miRcode,N/A,N/A,,
hsa-miR-16-5p,NFE2L1,V,miRcode,N/A,N/A,,
hsa-miR-16-5p,PHLPP1,V,miRcode,N/A,N/A,,
hsa-miR-16-5p,PIK3R1,V,miRcode,N/A,N/A,,
hsa-miR-16-5p,PLXNA2,V,miRcode,N/A,N/A,,
hsa-miR-16-5p,PPM1E,V,miRcode,N/A,N/A,,
hsa-miR-16-5p,PRRC2C,V,miRcode,N/A,N/A,,
hsa-miR-16-5p,QKI,V,miRcode,N/A,N/A,,
hsa-miR-16-5p,REV3L,V,miRcode,N/A,N/A,,
hsa-miR-16-5p,RNF216,V,miRcode,N/A,N/A,,
hsa-miR-16-5p,SIPA1L1,V,miRcode,N/A,N/A,,
hsa-miR-16-5p,SLC19A2,V,miRcode,N/A,N/A,,
hsa-miR-16-5p,SLC38A9,V,miRcode,N/A,N/A,,
hsa-miR-16-5p,SORCS1,V,miRcode,N/A,N/A,,
hsa-miR-16-5p,SPEN,V,miRcode,N/A,N/A,,
hsa-miR-16-5p,SRPK2,V,miRcode,N/A,N/A,,
hsa-miR-16-5p,TIAL1,V,miRcode,N/A,N/A,,
hsa-miR-16-5p,TMEM65,V,miRcode,N/A,N/A,,
hsa-miR-16-5p,TNRC6A,V,miRcode,N/A,N/A,,
hsa-miR-16-5p,TRHDE,V,miRcode,N/A,N/A,,
hsa-miR-16-5p,USH2A,V,miRcode,N/A,N/A,,
hsa-miR-16-5p,YEATS2,V,miRcode,N/A,N/A,,
hsa-miR-16-5p,YIPF4,V,miRcode,N/A,N/A,,
hsa-miR-16-5p,YWHAQ,V,miRcode,N/A,N/A,,
hsa-miR-16-5p,ZZEF1,V,miRcode,N/A,N/A,,
hsa-miR-16-5p,ADAMTS5,V,miRcode,N/A,N/A,,
hsa-miR-16-5p,ATRX,V,miRcode,N/A,N/A,,
hsa-miR-16-5p,BBX,V,miRcode,N/A,N/A,,
hsa-miR-16-5p,BCL2L2,V,miRcode,N/A,N/A,,
hsa-miR-16-5p,GPATCH2L,V,miRcode,N/A,N/A,,
hsa-miR-16-5p,C1orf21,V,miRcode,N/A,N/A,,
hsa-miR-16-5p,C22orf39,V,miRcode,N/A,N/A,,
hsa-miR-16-5p,CCDC6,V,miRcode,N/A,N/A,,
hsa-miR-16-5p,CDK14,V,miRcode,N/A,N/A,,
hsa-miR-16-5p,CDK5R1,V,miRcode,N/A,N/A,,
hsa-miR-16-5p,CHD9,V,miRcode,N/A,N/A,,
hsa-miR-16-5p,CHSY1,V,miRcode,N/A,N/A,,
hsa-miR-16-5p,CINP,V,miRcode,N/A,N/A,,
hsa-miR-16-5p,DAAM1,V,miRcode,N/A,N/A,,
hsa-miR-16-5p,EFNB2,V,miRcode,N/A,N/A,,
hsa-miR-16-5p,KMT2A,V,miRcode,N/A,N/A,,
hsa-miR-16-5p,MMD,V,miRcode,N/A,N/A,,
hsa-miR-16-5p,MRI1,V,miRcode,N/A,N/A,,
hsa-miR-16-5p,OGT,V,miRcode,N/A,N/A,,
hsa-miR-16-5p,PAFAH1B1,V,miRcode,N/A,N/A,,
hsa-miR-16-5p,PHLPP2,V,miRcode,N/A,N/A,,
hsa-miR-16-5p,POLR3A,V,miRcode,N/A,N/A,,
hsa-miR-16-5p,PTBP3,V,miRcode,N/A,N/A,,
hsa-miR-16-5p,RALGAPA1,V,miRcode,N/A,N/A,,
hsa-miR-16-5p,RBL1,V,miRcode,N/A,N/A,,
hsa-miR-16-5p,RCOR3,V,miRcode,N/A,N/A,,
hsa-miR-16-5p,AHCYL1,V,miRcode,N/A,N/A,,
hsa-miR-16-5p,RIMS1,V,miRcode,N/A,N/A,,
hsa-miR-16-5p,SCAF11,V,miRcode,N/A,N/A,,
hsa-miR-16-5p,SNX13,V,miRcode,N/A,N/A,,
hsa-miR-16-5p,SORT1,V,miRcode,N/A,N/A,,
hsa-miR-16-5p,SRPK1,V,miRcode,N/A,N/A,,
hsa-miR-16-5p,SYNDIG1,V,miRcode,N/A,N/A,,
hsa-miR-16-5p,TBL1XR1,V,miRcode,N/A,N/A,,
hsa-miR-16-5p,TEK,V,miRcode,N/A,N/A,,
hsa-miR-16-5p,TMEM216,V,miRcode,N/A,N/A,,
hsa-miR-16-5p,TRPS1,V,miRcode,N/A,N/A,,
hsa-miR-16-5p,TTN,V,miRcode,N/A,N/A,,
hsa-miR-16-5p,TUBG1,V,miRcode,N/A,N/A,,
hsa-miR-16-5p,TUBG2,V,miRcode,N/A,N/A,,
hsa-miR-16-5p,USP1,V,miRcode,N/A,N/A,,
hsa-miR-16-5p,UST,V,miRcode,N/A,N/A,,
hsa-miR-16-5p,WNT16,V,miRcode,N/A,N/A,,
hsa-miR-16-5p,ZCCHC3,V,miRcode,N/A,N/A,,
hsa-miR-16-5p,ARHGAP20,V,miRcode,N/A,N/A,,
hsa-miR-16-5p,ASTN1,V,miRcode,N/A,N/A,,
hsa-miR-16-5p,B4GALT1,V,miRcode,N/A,N/A,,
hsa-miR-16-5p,BAZ2A,V,miRcode,N/A,N/A,,
hsa-miR-16-5p,BTAF1,V,miRcode,N/A,N/A,,
hsa-miR-16-5p,BTBD11,V,miRcode,N/A,N/A,,
hsa-miR-16-5p,CHDH,V,miRcode,N/A,N/A,,
hsa-miR-16-5p,CMPK1,V,miRcode,N/A,N/A,,
hsa-miR-16-5p,CNKSR2,V,miRcode,N/A,N/A,,
hsa-miR-16-5p,COL6A6,V,miRcode,N/A,N/A,,
hsa-miR-16-5p,DNAJC13,V,miRcode,N/A,N/A,,
hsa-miR-16-5p,DOPEY2,V,miRcode,N/A,N/A,,
hsa-miR-16-5p,AGO3,V,miRcode,N/A,N/A,,
hsa-miR-16-5p,ELK3,V,miRcode,N/A,N/A,,
hsa-miR-16-5p,FGF7,V,miRcode,N/A,N/A,,
hsa-miR-16-5p,FOXO1,V,miRcode,N/A,N/A,,
hsa-miR-16-5p,GPR3,V,miRcode,N/A,N/A,,
hsa-miR-16-5p,GRAMD1B,V,miRcode,N/A,N/A,,
hsa-miR-16-5p,KIAA0100,V,miRcode,N/A,N/A,,
hsa-miR-16-5p,KREMEN1,V,miRcode,N/A,N/A,,
hsa-miR-16-5p,LRRTM4,V,miRcode,N/A,N/A,,
hsa-miR-16-5p,MEX3C,V,miRcode,N/A,N/A,,
hsa-miR-16-5p,CSTF1,V,miRcode,N/A,N/A,,
hsa-miR-16-5p,SPRED1,V,miRcode,N/A,N/A,,
hsa-miR-16-5p,NSD3,V,miRcode,N/A,N/A,,
hsa-miR-16-5p,DDX20,V,miRcode,N/A,N/A,,
hsa-miR-16-5p,DIXDC1,V,miRcode,N/A,N/A,,
hsa-miR-16-5p,DMD,V,miRcode,N/A,N/A,,
hsa-miR-16-5p,EFR3B,V,miRcode,N/A,N/A,,
hsa-miR-16-5p,AGO1,V,miRcode,N/A,N/A,,
hsa-miR-16-5p,FNDC3A,V,miRcode,N/A,N/A,,
hsa-miR-16-5p,GALNT7,V,miRcode,N/A,N/A,,
hsa-miR-16-5p,GBA2,V,miRcode,N/A,N/A,,
hsa-miR-16-5p,GLCE,V,miRcode,N/A,N/A,,
hsa-miR-16-5p,GOLT1B,V,miRcode,N/A,N/A,,
hsa-miR-16-5p,GPR161,V,miRcode,N/A,N/A,,
hsa-miR-16-5p,HIVEP2,V,miRcode,N/A,N/A,,
hsa-miR-16-5p,KALRN,V,miRcode,N/A,N/A,,
hsa-miR-16-5p,KRTAP2-1,V,miRcode,N/A,N/A,,
hsa-miR-16-5p,LMTK2,V,miRcode,N/A,N/A,,
hsa-miR-16-5p,LSM11,V,miRcode,N/A,N/A,,
hsa-miR-16-5p,LUZP1,V,miRcode,N/A,N/A,,
hsa-miR-16-5p,MAPK6,V,miRcode,N/A,N/A,,
hsa-miR-16-5p,MFHAS1,V,miRcode,N/A,N/A,,
hsa-miR-16-5p,MYCBP2,V,miRcode,N/A,N/A,,
hsa-miR-16-5p,NCAM1,V,miRcode,N/A,N/A,,
hsa-miR-16-5p,NCAPD2,V,miRcode,N/A,N/A,,
hsa-miR-16-5p,NEB,V,miRcode,N/A,N/A,,
hsa-miR-16-5p,NFATC3,V,miRcode,N/A,N/A,,
hsa-miR-16-5p,NPAS3,V,miRcode,N/A,N/A,,
hsa-miR-16-5p,PIM1,V,miRcode,N/A,N/A,,
hsa-miR-16-5p,PLAGL1,V,miRcode,N/A,N/A,,
hsa-miR-16-5p,PLXNA4,V,miRcode,N/A,N/A,,
hsa-miR-16-5p,PTP4A1,V,miRcode,N/A,N/A,,
hsa-miR-16-5p,PTPN23,V,miRcode,N/A,N/A,,
hsa-miR-16-5p,PTPRK,V,miRcode,N/A,N/A,,
hsa-miR-16-5p,SLC12A5,V,miRcode,N/A,N/A,,
hsa-miR-16-5p,SLC25A33,V,miRcode,N/A,N/A,,
hsa-miR-16-5p,SMARCC1,V,miRcode,N/A,N/A,,
hsa-miR-16-5p,TRAM2,V,miRcode,N/A,N/A,,
hsa-miR-16-5p,UNC80,V,miRcode,N/A,N/A,,
hsa-miR-16-5p,VCPIP1,V,miRcode,N/A,N/A,,
hsa-miR-16-5p,VMP1,V,miRcode,N/A,N/A,,
hsa-miR-16-5p,ZMYND8,V,miRcode,N/A,N/A,,
hsa-miR-16-5p,ABL2,V,miRcode,N/A,N/A,,
hsa-miR-16-5p,ARID1A,V,miRcode,N/A,N/A,,
hsa-miR-16-5p,BZW1,V,miRcode,N/A,N/A,,
hsa-miR-16-5p,CAPZA2,V,miRcode,N/A,N/A,,
hsa-miR-16-5p,CDK12,V,miRcode,N/A,N/A,,
hsa-miR-16-5p,CLCN3,V,miRcode,N/A,N/A,,
hsa-miR-16-5p,ABR,V,miRcode,N/A,N/A,,
hsa-miR-16-5p,GDA,V,miRcode,N/A,N/A,,
hsa-miR-16-5p,ANK3,V,miRcode,N/A,N/A,,
hsa-miR-16-5p,HIPK1,V,miRcode,N/A,N/A,,
hsa-miR-16-5p,HNRNPU,V,miRcode,N/A,N/A,,
hsa-miR-16-5p,IHH,V,miRcode,N/A,N/A,,
hsa-miR-16-5p,KCNN3,V,miRcode,N/A,N/A,,
hsa-miR-16-5p,KIF1C,V,miRcode,N/A,N/A,,
hsa-miR-16-5p,KLHL29,V,miRcode,N/A,N/A,,
hsa-miR-16-5p,MAP2K4,V,miRcode,N/A,N/A,,
hsa-miR-16-5p,NEO1,V,miRcode,N/A,N/A,,
hsa-miR-16-5p,NIPSNAP1,V,miRcode,N/A,N/A,,
hsa-miR-16-5p,NMNAT2,V,miRcode,N/A,N/A,,
hsa-miR-16-5p,SMARCAD1,V,miRcode,N/A,N/A,,
hsa-miR-16-5p,SNTB2,V,miRcode,N/A,N/A,,
hsa-miR-16-5p,SRSF11,V,miRcode,N/A,N/A,,
hsa-miR-16-5p,TANC1,V,miRcode,N/A,N/A,,
hsa-miR-16-5p,TEAD1,V,miRcode,N/A,N/A,,
hsa-miR-16-5p,TOB1,V,miRcode,N/A,N/A,,
hsa-miR-16-5p,TPM3,V,miRcode,N/A,N/A,,
hsa-miR-16-5p,VPS13D,V,miRcode,N/A,N/A,,
hsa-miR-16-5p,ZNF362,V,miRcode,N/A,N/A,,
hsa-miR-16-5p,PIEZO2,V,miRcode,N/A,N/A,,
hsa-miR-16-5p,PIGT,V,miRcode,N/A,N/A,,
hsa-miR-16-5p,PPP1R12A,V,miRcode,N/A,N/A,,
hsa-miR-16-5p,PRKCQ,V,miRcode,N/A,N/A,,
hsa-miR-16-5p,RBPJ,V,miRcode,N/A,N/A,,
hsa-miR-16-5p,RHOQ,V,miRcode,N/A,N/A,,
hsa-miR-16-5p,RNF125,V,miRcode,N/A,N/A,,
hsa-miR-16-5p,SBNO1,V,miRcode,N/A,N/A,,
hsa-miR-16-5p,SIAH1,V,miRcode,N/A,N/A,,
hsa-miR-16-5p,SLC10A7,V,miRcode,N/A,N/A,,
hsa-miR-16-5p,SLC12A2,V,miRcode,N/A,N/A,,
hsa-miR-16-5p,AP2A1,V,miRcode,N/A,N/A,,
hsa-miR-16-5p,ARID2,V,miRcode,N/A,N/A,,
hsa-miR-16-5p,TBC1D22B,V,miRcode,N/A,N/A,,
hsa-miR-16-5p,BHLHE41,V,miRcode,N/A,N/A,,
hsa-miR-16-5p,CALU,V,miRcode,N/A,N/A,,
hsa-miR-16-5p,CELF2,V,miRcode,N/A,N/A,,
hsa-miR-16-5p,CRHR1,V,miRcode,N/A,N/A,,
hsa-miR-16-5p,CS,V,miRcode,N/A,N/A,,
hsa-miR-16-5p,DCAF7,V,miRcode,N/A,N/A,,
hsa-miR-16-5p,DMTF1,V,miRcode,N/A,N/A,,
hsa-miR-16-5p,DNAH5,V,miRcode,N/A,N/A,,
hsa-miR-16-5p,DR1,V,miRcode,N/A,N/A,,
hsa-miR-16-5p,ABHD17B,V,miRcode,N/A,N/A,,
hsa-miR-16-5p,FAM135A,V,miRcode,N/A,N/A,,
hsa-miR-16-5p,FAT3,V,miRcode,N/A,N/A,,
hsa-miR-16-5p,GABBR1,V,miRcode,N/A,N/A,,
hsa-miR-16-5p,ACTR2,V,miRcode,N/A,N/A,,
hsa-miR-16-5p,AKAP11,V,miRcode,N/A,N/A,,
hsa-miR-16-5p,ATXN7L3,V,miRcode,N/A,N/A,,
hsa-miR-16-5p,ELMSAN1,V,miRcode,N/A,N/A,,
hsa-miR-16-5p,CADM1,V,miRcode,N/A,N/A,,
hsa-miR-16-5p,CAPRIN1,V,miRcode,N/A,N/A,,
hsa-miR-16-5p,CAPZA1,V,miRcode,N/A,N/A,,
hsa-miR-16-5p,CCR6,V,miRcode,N/A,N/A,,
hsa-miR-16-5p,CREB5,V,miRcode,N/A,N/A,,
hsa-miR-16-5p,DHX30,V,miRcode,N/A,N/A,,
hsa-miR-16-5p,EDA,V,miRcode,N/A,N/A,,
hsa-miR-16-5p,AMER1,V,miRcode,N/A,N/A,,
hsa-miR-16-5p,FBXL20,V,miRcode,N/A,N/A,,
hsa-miR-16-5p,PURB,V,miRcode,N/A,N/A,,
hsa-miR-16-5p,RAB10,V,miRcode,N/A,N/A,,
hsa-miR-16-5p,RAD23B,V,miRcode,N/A,N/A,,
hsa-miR-16-5p,RBM46,V,miRcode,N/A,N/A,,
hsa-miR-16-5p,RBM5,V,miRcode,N/A,N/A,,
hsa-miR-16-5p,RIMS3,V,miRcode,N/A,N/A,,
hsa-miR-16-5p,RUFY3,V,miRcode,N/A,N/A,,
hsa-miR-16-5p,RXFP3,V,miRcode,N/A,N/A,,
hsa-miR-16-5p,SCAF4,V,miRcode,N/A,N/A,,
hsa-miR-16-5p,SLC9A6,V,miRcode,N/A,N/A,,
hsa-miR-16-5p,SPAG9,V,miRcode,N/A,N/A,,
hsa-miR-16-5p,SPDYA,V,miRcode,N/A,N/A,,
hsa-miR-16-5p,SPTLC1,V,miRcode,N/A,N/A,,
hsa-miR-16-5p,SSR1,V,miRcode,N/A,N/A,,
hsa-miR-16-5p,TECPR1,V,miRcode,N/A,N/A,,
hsa-miR-16-5p,TXLNG,V,miRcode,N/A,N/A,,
hsa-miR-16-5p,UGT8,V,miRcode,N/A,N/A,,
hsa-miR-16-5p,WSB1,V,miRcode,N/A,N/A,,
hsa-miR-16-5p,YES1,V,miRcode,N/A,N/A,,
hsa-miR-16-5p,ZDHHC7,V,miRcode,N/A,N/A,,
hsa-miR-16-5p,FGD2,V,miRcode,N/A,N/A,,
hsa-miR-16-5p,FMR1,V,miRcode,N/A,N/A,,
hsa-miR-16-5p,FRMD3,V,miRcode,N/A,N/A,,
hsa-miR-16-5p,GK5,V,miRcode,N/A,N/A,,
hsa-miR-16-5p,YLPM1,V,miRcode,N/A,N/A,,
hsa-miR-16-5p,HSPA13,V,miRcode,N/A,N/A,,
hsa-miR-16-5p,IYD,V,miRcode,N/A,N/A,,
hsa-miR-16-5p,KANK4,V,miRcode,N/A,N/A,,
hsa-miR-16-5p,KCNV2,V,miRcode,N/A,N/A,,
hsa-miR-16-5p,LPIN1,V,miRcode,N/A,N/A,,
hsa-miR-16-5p,MAPK1,V,miRcode,N/A,N/A,,
hsa-miR-16-5p,MAPRE1,V,miRcode,N/A,N/A,,
hsa-miR-16-5p,MAT2A,V,miRcode,N/A,N/A,,
hsa-miR-16-5p,MOB3B,V,miRcode,N/A,N/A,,
hsa-miR-16-5p,NARF,V,miRcode,N/A,N/A,,
hsa-miR-16-5p,NOTCH2,V,miRcode,N/A,N/A,,
hsa-miR-16-5p,OCRL,V,miRcode,N/A,N/A,,
hsa-miR-16-5p,OSBPL10,V,miRcode,N/A,N/A,,
hsa-miR-16-5p,PARP2,V,miRcode,N/A,N/A,,
hsa-miR-16-5p,PGM2L1,V,miRcode,N/A,N/A,,
hsa-miR-16-5p,PHLDA3,V,miRcode,N/A,N/A,,
hsa-miR-16-5p,PI4KB,V,miRcode,N/A,N/A,,
hsa-miR-16-5p,BDNF,V,miRcode,N/A,N/A,,
hsa-miR-16-5p,PRKCE,V,miRcode,N/A,N/A,,
hsa-miR-16-5p,ANK2,V,miRcode,N/A,N/A,,
hsa-miR-16-5p,DDX6,V,miRcode,N/A,N/A,,
hsa-miR-16-5p,DENND1B,V,miRcode,N/A,N/A,,
hsa-miR-16-5p,DLD,V,miRcode,N/A,N/A,,
hsa-miR-16-5p,DNAH2,V,miRcode,N/A,N/A,,
hsa-miR-16-5p,DSCAM,V,miRcode,N/A,N/A,,
hsa-miR-16-5p,EN2,V,miRcode,N/A,N/A,,
hsa-miR-16-5p,FBXL14,V,miRcode,N/A,N/A,,
hsa-miR-16-5p,FGF9,V,miRcode,N/A,N/A,,
hsa-miR-16-5p,GJB6,V,miRcode,N/A,N/A,,
hsa-miR-16-5p,GPR153,V,miRcode,N/A,N/A,,
hsa-miR-16-5p,HM13,V,miRcode,N/A,N/A,,
hsa-miR-16-5p,HR,V,miRcode,N/A,N/A,,
hsa-miR-16-5p,INTS3,V,miRcode,N/A,N/A,,
hsa-miR-16-5p,IST1,V,miRcode,N/A,N/A,,
hsa-miR-16-5p,JMJD1C,V,miRcode,N/A,N/A,,
hsa-miR-16-5p,LRP11,V,miRcode,N/A,N/A,,
hsa-miR-16-5p,MED1,V,miRcode,N/A,N/A,,
hsa-miR-16-5p,KMT2B,V,miRcode,N/A,N/A,,
hsa-miR-16-5p,KMT2D,V,miRcode,N/A,N/A,,
hsa-miR-16-5p,NASP,V,miRcode,N/A,N/A,,
hsa-miR-16-5p,NF1,V,miRcode,N/A,N/A,,
hsa-miR-16-5p,NFAT5,V,miRcode,N/A,N/A,,
hsa-miR-16-5p,NRG1,V,miRcode,N/A,N/A,,
hsa-miR-16-5p,YOD1,V,miRcode,N/A,N/A,,
hsa-miR-16-5p,YTHDF2,V,miRcode,N/A,N/A,,
hsa-miR-16-5p,ZC3H11A,V,miRcode,N/A,N/A,,
hsa-miR-16-5p,ZDHHC13,V,miRcode,N/A,N/A,,
hsa-miR-16-5p,ZKSCAN1,V,miRcode,N/A,N/A,,
hsa-miR-16-5p,NUP50,V,miRcode,N/A,N/A,,
hsa-miR-16-5p,TENM4,V,miRcode,N/A,N/A,,
hsa-miR-16-5p,PHF21A,V,miRcode,N/A,N/A,,
hsa-miR-16-5p,PUM2,V,miRcode,N/A,N/A,,
hsa-miR-16-5p,RBM12,V,miRcode,N/A,N/A,,
hsa-miR-16-5p,RBM12B,V,miRcode,N/A,N/A,,
hsa-miR-16-5p,RNF180,V,miRcode,N/A,N/A,,
hsa-miR-16-5p,SATB1,V,miRcode,N/A,N/A,,
hsa-miR-16-5p,SLC13A5,V,miRcode,N/A,N/A,,
hsa-miR-16-5p,STARD13,V,miRcode,N/A,N/A,,
hsa-miR-16-5p,STXBP3,V,miRcode,N/A,N/A,,
hsa-miR-16-5p,SUCLA2,V,miRcode,N/A,N/A,,
hsa-miR-16-5p,SYNRG,V,miRcode,N/A,N/A,,
hsa-miR-16-5p,TDRD1,V,miRcode,N/A,N/A,,
hsa-miR-16-5p,UBXN10,V,miRcode,N/A,N/A,,
hsa-miR-16-5p,WDR47,V,miRcode,N/A,N/A,,
hsa-miR-16-5p,ABI2,V,miRcode,N/A,N/A,,
hsa-miR-16-5p,ADCY2,V,miRcode,N/A,N/A,,
hsa-miR-16-5p,ADSS,V,miRcode,N/A,N/A,,
hsa-miR-16-5p,ATXN7L1,V,miRcode,N/A,N/A,,
hsa-miR-16-5p,BICD1,V,miRcode,N/A,N/A,,
hsa-miR-16-5p,BSN,V,miRcode,N/A,N/A,,
hsa-miR-16-5p,POMGNT2,V,miRcode,N/A,N/A,,
hsa-miR-16-5p,CDC23,V,miRcode,N/A,N/A,,
hsa-miR-16-5p,CHD2,V,miRcode,N/A,N/A,,
hsa-miR-16-5p,CHD5,V,miRcode,N/A,N/A,,
hsa-miR-16-5p,CNDP1,V,miRcode,N/A,N/A,,
hsa-miR-16-5p,CNPPD1,V,miRcode,N/A,N/A,,
hsa-miR-16-5p,A2M,V,miRcode,N/A,N/A,,
hsa-miR-16-5p,ABCA4,V,miRcode,N/A,N/A,,
hsa-miR-16-5p,ABCF1,V,miRcode,N/A,N/A,,
hsa-miR-16-5p,AFF4,V,miRcode,N/A,N/A,,
hsa-miR-16-5p,AMOT,V,miRcode,N/A,N/A,,
hsa-miR-16-5p,AP1AR,V,miRcode,N/A,N/A,,
hsa-miR-16-5p,AP1G1,V,miRcode,N/A,N/A,,
hsa-miR-16-5p,ARFGEF1,V,miRcode,N/A,N/A,,
hsa-miR-16-5p,ARHGAP33,V,miRcode,N/A,N/A,,
hsa-miR-16-5p,ARMC8,V,miRcode,N/A,N/A,,
hsa-miR-16-5p,ARPP19,V,miRcode,N/A,N/A,,
hsa-miR-16-5p,CPED1,V,miRcode,N/A,N/A,,
hsa-miR-16-5p,CACNA1C,V,miRcode,N/A,N/A,,
hsa-miR-16-5p,CCDC85C,V,miRcode,N/A,N/A,,
hsa-miR-16-5p,CEP350,V,miRcode,N/A,N/A,,
hsa-miR-16-5p,COPA,V,miRcode,N/A,N/A,,
hsa-miR-16-5p,CSMD3,V,miRcode,N/A,N/A,,
hsa-miR-16-5p,CTDSPL2,V,miRcode,N/A,N/A,,
hsa-miR-16-5p,DCBLD2,V,miRcode,N/A,N/A,,
hsa-miR-16-5p,DENND4B,V,miRcode,N/A,N/A,,
hsa-miR-16-5p,E2F7,V,miRcode,N/A,N/A,,
hsa-miR-16-5p,FADS1,V,miRcode,N/A,N/A,,
hsa-miR-16-5p,TRPM3,V,miRcode,N/A,N/A,,
hsa-miR-16-5p,UBE2H,V,miRcode,N/A,N/A,,
hsa-miR-16-5p,UBE2V1,V,miRcode,N/A,N/A,,
hsa-miR-16-5p,UPK2,V,miRcode,N/A,N/A,,
hsa-miR-16-5p,VPS53,V,miRcode,N/A,N/A,,
hsa-miR-16-5p,WWC1,V,miRcode,N/A,N/A,,
hsa-miR-16-5p,ZBTB40,V,miRcode,N/A,N/A,,
hsa-miR-16-5p,ZC3H15,V,miRcode,N/A,N/A,,
hsa-miR-16-5p,ZNF609,V,miRcode,N/A,N/A,,
hsa-miR-16-5p,ZNRF2,V,miRcode,N/A,N/A,,
hsa-miR-16-5p,ZSWIM1,V,miRcode,N/A,N/A,,
hsa-miR-16-5p,PAN3,V,miRcode,N/A,N/A,,
hsa-miR-16-5p,PDP1,V,miRcode,N/A,N/A,,
hsa-miR-16-5p,PIGA,V,miRcode,N/A,N/A,,
hsa-miR-16-5p,PIGO,V,miRcode,N/A,N/A,,
hsa-miR-16-5p,PPTC7,V,miRcode,N/A,N/A,,
hsa-miR-16-5p,PRKRA,V,miRcode,N/A,N/A,,
hsa-miR-16-5p,PUM1,V,miRcode,N/A,N/A,,
hsa-miR-16-5p,QSER1,V,miRcode,N/A,N/A,,
hsa-miR-16-5p,RAB30,V,miRcode,N/A,N/A,,
hsa-miR-16-5p,RNF38,V,miRcode,N/A,N/A,,
hsa-miR-16-5p,RYBP,V,miRcode,N/A,N/A,,
hsa-miR-16-5p,SEC14L1,V,miRcode,N/A,N/A,,
hsa-miR-16-5p,SEMA4D,V,miRcode,N/A,N/A,,
hsa-miR-16-5p,SESN2,V,miRcode,N/A,N/A,,
hsa-miR-16-5p,SLC11A2,V,miRcode,N/A,N/A,,
hsa-miR-16-5p,SLC35A4,V,miRcode,N/A,N/A,,
hsa-miR-16-5p,SLC35E2B,V,miRcode,N/A,N/A,,
hsa-miR-16-5p,SLC44A1,V,miRcode,N/A,N/A,,
hsa-miR-16-5p,SLC4A10,V,miRcode,N/A,N/A,,
hsa-miR-16-5p,SMG1,V,miRcode,N/A,N/A,,
hsa-miR-16-5p,SP1,V,miRcode,N/A,N/A,,
hsa-miR-16-5p,SP4,V,miRcode,N/A,N/A,,
hsa-miR-16-5p,SPTLC2,V,miRcode,N/A,N/A,,
hsa-miR-16-5p,SYPL1,V,miRcode,N/A,N/A,,
hsa-miR-16-5p,TBC1D10B,V,miRcode,N/A,N/A,,
hsa-miR-16-5p,TFAP2B,V,miRcode,N/A,N/A,,
hsa-miR-16-5p,TMED8,V,miRcode,N/A,N/A,,
hsa-miR-16-5p,FKBP5,V,miRcode,N/A,N/A,,
hsa-miR-16-5p,FMN1,V,miRcode,N/A,N/A,,
hsa-miR-16-5p,FNIP2,V,miRcode,N/A,N/A,,
hsa-miR-16-5p,GPLD1,V,miRcode,N/A,N/A,,
hsa-miR-16-5p,GPSM2,V,miRcode,N/A,N/A,,
hsa-miR-16-5p,GRIN3A,V,miRcode,N/A,N/A,,
hsa-miR-16-5p,HIF1AN,V,miRcode,N/A,N/A,,
hsa-miR-16-5p,HPGD,V,miRcode,N/A,N/A,,
hsa-miR-16-5p,INTS8,V,miRcode,N/A,N/A,,
hsa-miR-16-5p,ISPD,V,miRcode,N/A,N/A,,
hsa-miR-16-5p,KCNQ2,V,miRcode,N/A,N/A,,
hsa-miR-16-5p,CEMIP,V,miRcode,N/A,N/A,,
hsa-miR-16-5p,LRP3,V,miRcode,N/A,N/A,,
hsa-miR-16-5p,MED13,V,miRcode,N/A,N/A,,
hsa-miR-16-5p,MON2,V,miRcode,N/A,N/A,,
hsa-miR-16-5p,MTPN,V,miRcode,N/A,N/A,,
hsa-miR-16-5p,MXD1,V,miRcode,N/A,N/A,,
hsa-miR-16-5p,MYH10,V,miRcode,N/A,N/A,,
hsa-miR-16-5p,NAV2,V,miRcode,N/A,N/A,,
hsa-miR-16-5p,NBEA,V,miRcode,N/A,N/A,,
hsa-miR-16-5p,NCDN,V,miRcode,N/A,N/A,,
hsa-miR-16-5p,PAK2,V,miRcode,N/A,N/A,,
hsa-miR-16-5p,GNPDA1,V,miRcode,N/A,N/A,,
hsa-miR-16-5p,BACE2,V,miRcode,N/A,N/A,,
hsa-miR-16-5p,C20orf194,V,miRcode,N/A,N/A,,
hsa-miR-16-5p,TMEM250,V,miRcode,N/A,N/A,,
hsa-miR-16-5p,CELSR3,V,miRcode,N/A,N/A,,
hsa-miR-16-5p,CREBL2,V,miRcode,N/A,N/A,,
hsa-miR-16-5p,DLG2,V,miRcode,N/A,N/A,,
hsa-miR-16-5p,ENTPD4,V,miRcode,N/A,N/A,,
hsa-miR-16-5p,ERGIC1,V,miRcode,N/A,N/A,,
hsa-miR-16-5p,TMEM255A,V,miRcode,N/A,N/A,,
hsa-miR-16-5p,FASTK,V,miRcode,N/A,N/A,,
hsa-miR-16-5p,ALS2,V,miRcode,N/A,N/A,,
hsa-miR-16-5p,APC,V,miRcode,N/A,N/A,,
hsa-miR-16-5p,ARHGAP5,V,miRcode,N/A,N/A,,
hsa-miR-16-5p,SLC16A2,V,miRcode,N/A,N/A,,
hsa-miR-16-5p,SLC6A11,V,miRcode,N/A,N/A,,
hsa-miR-16-5p,SLC7A5,V,miRcode,N/A,N/A,,
hsa-miR-16-5p,SPTBN1,V,miRcode,N/A,N/A,,
hsa-miR-16-5p,SSPN,V,miRcode,N/A,N/A,,
hsa-miR-16-5p,STAU1,V,miRcode,N/A,N/A,,
hsa-miR-16-5p,TAP2,V,miRcode,N/A,N/A,,
hsa-miR-16-5p,THAP2,V,miRcode,N/A,N/A,,
hsa-miR-16-5p,TMEM115,V,miRcode,N/A,N/A,,
hsa-miR-16-5p,TMEM67,V,miRcode,N/A,N/A,,
hsa-miR-16-5p,TMEM87A,V,miRcode,N/A,N/A,,
hsa-miR-16-5p,TSC22D3,V,miRcode,N/A,N/A,,
hsa-miR-16-5p,UNC5C,V,miRcode,N/A,N/A,,
hsa-miR-16-5p,WDR55,V,miRcode,N/A,N/A,,
hsa-miR-16-5p,GTF2H4,V,miRcode,N/A,N/A,,
hsa-miR-16-5p,HEXA,V,miRcode,N/A,N/A,,
hsa-miR-16-5p,ICMT,V,miRcode,N/A,N/A,,
hsa-miR-16-5p,IQGAP1,V,miRcode,N/A,N/A,,
hsa-miR-16-5p,CCAR2,V,miRcode,N/A,N/A,,
hsa-miR-16-5p,KIF17,V,miRcode,N/A,N/A,,
hsa-miR-16-5p,LHFPL4,V,miRcode,N/A,N/A,,
hsa-miR-16-5p,NIPA2,V,miRcode,N/A,N/A,,
hsa-miR-16-5p,NIPBL,V,miRcode,N/A,N/A,,
hsa-miR-16-5p,NOD2,V,miRcode,N/A,N/A,,
hsa-miR-16-5p,NR2C2,V,miRcode,N/A,N/A,,
hsa-miR-16-5p,PDP2,V,miRcode,N/A,N/A,,
hsa-miR-16-5p,PHKB,V,miRcode,N/A,N/A,,
hsa-miR-16-5p,PLEKHH1,V,miRcode,N/A,N/A,,
hsa-miR-16-5p,PRICKLE3,V,miRcode,N/A,N/A,,
hsa-miR-16-5p,PRMT3,V,miRcode,N/A,N/A,,
hsa-miR-16-5p,AGPAT1,V,miRcode,N/A,N/A,,
hsa-miR-16-5p,ANKRD9,V,miRcode,N/A,N/A,,
hsa-miR-16-5p,GRHL1,V,miRcode,N/A,N/A,,
hsa-miR-16-5p,INTS4,V,miRcode,N/A,N/A,,
hsa-miR-16-5p,KLHL18,V,miRcode,N/A,N/A,,
hsa-miR-16-5p,LRRC42,V,miRcode,N/A,N/A,,
hsa-miR-16-5p,MAP3K7,V,miRcode,N/A,N/A,,
hsa-miR-16-5p,MDM4,V,miRcode,N/A,N/A,,
hsa-miR-16-5p,MFF,V,miRcode,N/A,N/A,,
hsa-miR-16-5p,MKLN1,V,miRcode,N/A,N/A,,
hsa-miR-16-5p,NALCN,V,miRcode,N/A,N/A,,
hsa-miR-16-5p,NRXN2,V,miRcode,N/A,N/A,,
hsa-miR-16-5p,OTOF,V,miRcode,N/A,N/A,,
hsa-miR-16-5p,TPR,V,miRcode,N/A,N/A,,
hsa-miR-16-5p,ZNF281,V,miRcode,N/A,N/A,,
hsa-miR-16-5p,B3GALNT1,V,miRcode,N/A,N/A,,
hsa-miR-16-5p,BCORL1,V,miRcode,N/A,N/A,,
hsa-miR-16-5p,BIRC6,V,miRcode,N/A,N/A,,
hsa-miR-16-5p,BYSL,V,miRcode,N/A,N/A,,
hsa-miR-16-5p,CALR,V,miRcode,N/A,N/A,,
hsa-miR-16-5p,CDH13,V,miRcode,N/A,N/A,,
hsa-miR-16-5p,COG5,V,miRcode,N/A,N/A,,
hsa-miR-16-5p,CPNE5,V,miRcode,N/A,N/A,,
hsa-miR-16-5p,CSNK1E,V,miRcode,N/A,N/A,,
hsa-miR-16-5p,CSNK2A1,V,miRcode,N/A,N/A,,
hsa-miR-16-5p,DEDD,V,miRcode,N/A,N/A,,
hsa-miR-16-5p,EIF5A2,V,miRcode,N/A,N/A,,
hsa-miR-16-5p,EPHA6,V,miRcode,N/A,N/A,,
hsa-miR-16-5p,EXOC5,V,miRcode,N/A,N/A,,
hsa-miR-16-5p,CCSER2,V,miRcode,N/A,N/A,,
hsa-miR-16-5p,MINDY2,V,miRcode,N/A,N/A,,
hsa-miR-16-5p,POLR3B,V,miRcode,N/A,N/A,,
hsa-miR-16-5p,PYCR2,V,miRcode,N/A,N/A,,
hsa-miR-16-5p,RAB22A,V,miRcode,N/A,N/A,,
hsa-miR-16-5p,RALGAPB,V,miRcode,N/A,N/A,,
hsa-miR-16-5p,RAPGEFL1,V,miRcode,N/A,N/A,,
hsa-miR-16-5p,RNF32,V,miRcode,N/A,N/A,,
hsa-miR-16-5p,RPS6KC1,V,miRcode,N/A,N/A,,
hsa-miR-16-5p,SEL1L,V,miRcode,N/A,N/A,,
hsa-miR-16-5p,SLC10A3,V,miRcode,N/A,N/A,,
hsa-miR-16-5p,SLC1A5,V,miRcode,N/A,N/A,,
hsa-miR-16-5p,SLC29A3,V,miRcode,N/A,N/A,,
hsa-miR-16-5p,SLC29A4,V,miRcode,N/A,N/A,,
hsa-miR-16-5p,SLC4A1,V,miRcode,N/A,N/A,,
hsa-miR-16-5p,SLC4A3,V,miRcode,N/A,N/A,,
hsa-miR-16-5p,SLC5A3,V,miRcode,N/A,N/A,,
hsa-miR-16-5p,SLC9A1,V,miRcode,N/A,N/A,,
hsa-miR-16-5p,SMAD5,V,miRcode,N/A,N/A,,
hsa-miR-16-5p,SMARCD2,V,miRcode,N/A,N/A,,
hsa-miR-16-5p,SPAG6,V,miRcode,N/A,N/A,,
hsa-miR-16-5p,ST6GALNAC4,V,miRcode,N/A,N/A,,
hsa-miR-16-5p,TANC2,V,miRcode,N/A,N/A,,
hsa-miR-16-5p,TEP1,V,miRcode,N/A,N/A,,
hsa-miR-16-5p,ABCC5,V,miRcode,N/A,N/A,,
hsa-miR-16-5p,DMTF1,V,BCmicrO,N/A,N/A,,
hsa-miR-16-5p,E2F7,V,BCmicrO,N/A,N/A,,
hsa-miR-16-5p,EDA,V,BCmicrO,N/A,N/A,,
hsa-miR-16-5p,ACTR2,V,BCmicrO,N/A,N/A,,
hsa-miR-16-5p,ADAMTS5,V,BCmicrO,N/A,N/A,,
hsa-miR-16-5p,ANKRD46,V,BCmicrO,N/A,N/A,,
hsa-miR-16-5p,AP2A1,V,BCmicrO,N/A,N/A,,
hsa-miR-16-5p,TMCC1,V,BCmicrO,N/A,N/A,,
hsa-miR-16-5p,TMEM255A,V,BCmicrO,N/A,N/A,,
hsa-miR-16-5p,UBE2V1,V,BCmicrO,N/A,N/A,,
hsa-miR-16-5p,UBN2,V,BCmicrO,N/A,N/A,,
hsa-miR-16-5p,UBR3,V,BCmicrO,N/A,N/A,,
hsa-miR-16-5p,USP15,V,BCmicrO,N/A,N/A,,
hsa-miR-16-5p,VEGFA,V,BCmicrO,N/A,N/A,,
hsa-miR-16-5p,WWC1,V,BCmicrO,N/A,N/A,,
hsa-miR-16-5p,YWHAQ,V,BCmicrO,N/A,N/A,,
hsa-miR-16-5p,ZCCHC2,V,BCmicrO,N/A,N/A,,
hsa-miR-16-5p,ZCCHC3,V,BCmicrO,N/A,N/A,,
hsa-miR-16-5p,ARHGAP5,V,BCmicrO,N/A,N/A,,
hsa-miR-16-5p,ARL2,V,BCmicrO,N/A,N/A,,
hsa-miR-16-5p,ASH1L,V,BCmicrO,N/A,N/A,,
hsa-miR-16-5p,B4GALT1,V,BCmicrO,N/A,N/A,,
hsa-miR-16-5p,BCL2L2,V,BCmicrO,N/A,N/A,,
hsa-miR-16-5p,BDNF,V,BCmicrO,N/A,N/A,,
hsa-miR-16-5p,C1orf21,V,BCmicrO,N/A,N/A,,
hsa-miR-16-5p,CAPZA2,V,BCmicrO,N/A,N/A,,
hsa-miR-16-5p,CCND2,V,BCmicrO,N/A,N/A,,
hsa-miR-16-5p,CCNT2,V,BCmicrO,N/A,N/A,,
hsa-miR-16-5p,CDC25A,V,BCmicrO,N/A,N/A,,
hsa-miR-16-5p,CDK5R1,V,BCmicrO,N/A,N/A,,
hsa-miR-16-5p,CLCN3,V,BCmicrO,N/A,N/A,,
hsa-miR-16-5p,CLCN5,V,BCmicrO,N/A,N/A,,
hsa-miR-16-5p,COPS2,V,BCmicrO,N/A,N/A,,
hsa-miR-16-5p,CPEB2,V,BCmicrO,N/A,N/A,,
hsa-miR-16-5p,DDX3X,V,BCmicrO,N/A,N/A,,
hsa-miR-16-5p,DIXDC1,V,BCmicrO,N/A,N/A,,
hsa-miR-16-5p,GPATCH8,V,BCmicrO,N/A,N/A,,
hsa-miR-16-5p,HAUS3,V,BCmicrO,N/A,N/A,,
hsa-miR-16-5p,HELZ,V,BCmicrO,N/A,N/A,,
hsa-miR-16-5p,KCNJ2,V,BCmicrO,N/A,N/A,,
hsa-miR-16-5p,LRP6,V,BCmicrO,N/A,N/A,,
hsa-miR-16-5p,LUZP1,V,BCmicrO,N/A,N/A,,
hsa-miR-16-5p,MAFK,V,BCmicrO,N/A,N/A,,
hsa-miR-16-5p,MMD,V,BCmicrO,N/A,N/A,,
hsa-miR-16-5p,MOB4,V,BCmicrO,N/A,N/A,,
hsa-miR-16-5p,MYB,V,BCmicrO,N/A,N/A,,
hsa-miR-16-5p,NUP50,V,BCmicrO,N/A,N/A,,
hsa-miR-16-5p,PAFAH1B1,V,BCmicrO,N/A,N/A,,
hsa-miR-16-5p,PAPPA,V,BCmicrO,N/A,N/A,,
hsa-miR-16-5p,PCDH9,V,BCmicrO,N/A,N/A,,
hsa-miR-16-5p,PIM1,V,BCmicrO,N/A,N/A,,
hsa-miR-16-5p,PLAG1,V,BCmicrO,N/A,N/A,,
hsa-miR-16-5p,PPP6C,V,BCmicrO,N/A,N/A,,
hsa-miR-16-5p,PRDM4,V,BCmicrO,N/A,N/A,,
hsa-miR-16-5p,RAB10,V,BCmicrO,N/A,N/A,,
hsa-miR-16-5p,RAD23B,V,BCmicrO,N/A,N/A,,
hsa-miR-16-5p,RBBP6,V,BCmicrO,N/A,N/A,,
hsa-miR-16-5p,RNF111,V,BCmicrO,N/A,N/A,,
hsa-miR-16-5p,RSBN1,V,BCmicrO,N/A,N/A,,
hsa-miR-16-5p,RUNX1T1,V,BCmicrO,N/A,N/A,,
hsa-miR-16-5p,SEMA6D,V,BCmicrO,N/A,N/A,,
hsa-miR-16-5p,SIAH1,V,BCmicrO,N/A,N/A,,
hsa-miR-16-5p,SLC12A2,V,BCmicrO,N/A,N/A,,
hsa-miR-16-5p,SLC1A2,V,BCmicrO,N/A,N/A,,
hsa-miR-16-5p,SLC9A6,V,BCmicrO,N/A,N/A,,
hsa-miR-16-5p,SMAD5,V,BCmicrO,N/A,N/A,,
hsa-miR-16-5p,SP5,V,BCmicrO,N/A,N/A,,
hsa-miR-16-5p,SPRED1,V,BCmicrO,N/A,N/A,,
hsa-miR-16-5p,SSR1,V,BCmicrO,N/A,N/A,,
hsa-miR-16-5p,STXBP3,V,BCmicrO,N/A,N/A,,
hsa-miR-16-5p,SYPL1,V,BCmicrO,N/A,N/A,,
hsa-miR-16-5p,ERC2,V,BCmicrO,N/A,N/A,,
hsa-miR-16-5p,BACH2,V,BCmicrO,N/A,N/A,,
hsa-miR-16-5p,IVNS1ABP,V,BCmicrO,N/A,N/A,,
hsa-miR-16-5p,SLC11A2,V,BCmicrO,N/A,N/A,,
hsa-miR-16-5p,GALNT1,V,BCmicrO,N/A,N/A,,
hsa-miR-16-5p,FBXO21,V,BCmicrO,N/A,N/A,,
hsa-miR-16-5p,USP9X,V,BCmicrO,N/A,N/A,,
hsa-miR-16-5p,THAP6,V,BCmicrO,N/A,N/A,,
hsa-miR-16-5p,SIPA1L2,V,BCmicrO,N/A,N/A,,
hsa-miR-16-5p,ACVR2B,V,BCmicrO,N/A,N/A,,
hsa-miR-16-5p,IST1,V,BCmicrO,N/A,N/A,,
hsa-miR-16-5p,SLC4A4,V,BCmicrO,N/A,N/A,,
hsa-miR-16-5p,MAP2K4,V,BCmicrO,N/A,N/A,,
hsa-miR-16-5p,SRSF11,V,BCmicrO,N/A,N/A,,
hsa-miR-16-5p,TACC1,V,BCmicrO,N/A,N/A,,
hsa-miR-16-5p,NFATC3,V,BCmicrO,N/A,N/A,,
hsa-miR-16-5p,QKI,V,BCmicrO,N/A,N/A,,
hsa-miR-16-5p,CREBRF,V,BCmicrO,N/A,N/A,,
hsa-miR-16-5p,GRAMD2B,V,BCmicrO,N/A,N/A,,
hsa-miR-16-5p,CDK17,V,BCmicrO,N/A,N/A,,
hsa-miR-16-5p,PURB,V,BCmicrO,N/A,N/A,,
hsa-miR-16-5p,DYRK1A,V,BCmicrO,N/A,N/A,,
hsa-miR-16-5p,ACSS2,V,BCmicrO,N/A,N/A,,
hsa-miR-16-5p,PPP1R12B,V,BCmicrO,N/A,N/A,,
hsa-miR-16-5p,ATP7A,V,BCmicrO,N/A,N/A,,
hsa-miR-16-5p,CUL5,V,CoMeTa,N/A,N/A,,
hsa-miR-16-5p,SERBP1,V,CoMeTa,N/A,N/A,,
hsa-miR-16-5p,AKAP11,V,CoMeTa,N/A,N/A,,
hsa-miR-16-5p,YME1L1,V,CoMeTa,N/A,N/A,,
hsa-miR-16-5p,PRRC2C,V,CoMeTa,N/A,N/A,,
hsa-miR-16-5p,DDX3X,V,CoMeTa,N/A,N/A,,
hsa-miR-16-5p,ACAP2,V,CoMeTa,N/A,N/A,,
hsa-miR-16-5p,YWHAZ,V,CoMeTa,N/A,N/A,,
hsa-miR-16-5p,PPP2R5C,V,CoMeTa,N/A,N/A,,
hsa-miR-16-5p,QKI,V,CoMeTa,N/A,N/A,,
hsa-miR-16-5p,ACTR2,V,CoMeTa,N/A,N/A,,
hsa-miR-16-5p,MBNL1,V,CoMeTa,N/A,N/A,,
hsa-miR-16-5p,CAPRIN1,V,CoMeTa,N/A,N/A,,
hsa-miR-16-5p,RYBP,V,CoMeTa,N/A,N/A,,
hsa-miR-16-5p,HNRNPA3P1,V,CoMeTa,N/A,N/A,,
hsa-miR-16-5p,HNRNPA3,V,CoMeTa,N/A,N/A,,
hsa-miR-16-5p,SRSF1,V,CoMeTa,N/A,N/A,,
hsa-miR-16-5p,PAFAH1B1,V,CoMeTa,N/A,N/A,,
hsa-miR-16-5p,CANX,V,CoMeTa,N/A,N/A,,
hsa-miR-16-5p,CUL3,V,CoMeTa,N/A,N/A,,
hsa-miR-16-5p,SPTLC1,V,CoMeTa,N/A,N/A,,
hsa-miR-16-5p,RNF38,V,CoMeTa,N/A,N/A,,
hsa-miR-16-5p,ATRX,V,CoMeTa,N/A,N/A,,
hsa-miR-16-5p,CAPZA2,V,CoMeTa,N/A,N/A,,
hsa-miR-16-5p,ARFGEF1,V,CoMeTa,N/A,N/A,,
hsa-miR-16-5p,EXOC5,V,CoMeTa,N/A,N/A,,
hsa-miR-16-5p,SYPL1,V,CoMeTa,N/A,N/A,,
hsa-miR-16-5p,COPS2,V,CoMeTa,N/A,N/A,,
hsa-miR-16-5p,STXBP3,V,CoMeTa,N/A,N/A,,
hsa-miR-16-5p,ZC3H11A,V,CoMeTa,N/A,N/A,,
hsa-miR-16-5p,BZW1,V,CoMeTa,N/A,N/A,,
hsa-miR-16-5p,DICER1,V,CoMeTa,N/A,N/A,,
hsa-miR-16-5p,MED13,V,CoMeTa,N/A,N/A,,
hsa-miR-16-5p,TBL1XR1,V,CoMeTa,N/A,N/A,,
hsa-miR-16-5p,CBFB,V,CoMeTa,N/A,N/A,,
hsa-miR-16-5p,PURA,V,CoMeTa,N/A,N/A,,
hsa-miR-16-5p,BMI1,V,CoMeTa,N/A,N/A,,
hsa-miR-16-5p,PAK1,V,CoMeTa,N/A,N/A,,
hsa-miR-16-5p,CLCN3,V,CoMeTa,N/A,N/A,,
hsa-miR-16-5p,TJP1,V,CoMeTa,N/A,N/A,,
hsa-miR-16-5p,OGT,V,CoMeTa,N/A,N/A,,
hsa-miR-16-5p,CEP350,V,CoMeTa,N/A,N/A,,
hsa-miR-16-5p,MEX3C,V,CoMeTa,N/A,N/A,,
hsa-miR-16-5p,SWAP70,V,CoMeTa,N/A,N/A,,
hsa-miR-16-5p,SEC62,V,CoMeTa,N/A,N/A,,
hsa-miR-16-5p,MOB4,V,CoMeTa,N/A,N/A,,
hsa-miR-16-5p,IQGAP1,V,CoMeTa,N/A,N/A,,
hsa-miR-16-5p,GALNT7,V,CoMeTa,N/A,N/A,,
hsa-miR-16-5p,DYRK1A,V,CoMeTa,N/A,N/A,,
hsa-miR-16-5p,SRSF11,V,CoMeTa,N/A,N/A,,
hsa-miR-16-5p,NONO,V,CoMeTa,N/A,N/A,,
hsa-miR-16-5p,SLC9A6,V,CoMeTa,N/A,N/A,,
hsa-miR-16-5p,EIF4E,V,CoMeTa,N/A,N/A,,
hsa-miR-16-5p,MAPRE1,V,CoMeTa,N/A,N/A,,
hsa-miR-16-5p,ARPP19,V,CoMeTa,N/A,N/A,,
hsa-miR-16-5p,BTAF1,V,CoMeTa,N/A,N/A,,
hsa-miR-16-5p,RBM12,V,CoMeTa,N/A,N/A,,
hsa-miR-16-5p,HLTF,V,CoMeTa,N/A,N/A,,
hsa-miR-16-5p,WSB1,V,CoMeTa,N/A,N/A,,
hsa-miR-16-5p,GNB1,V,CoMeTa,N/A,N/A,,
hsa-miR-16-5p,GMFB,V,CoMeTa,N/A,N/A,,
hsa-miR-16-5p,SRPK1,V,CoMeTa,N/A,N/A,,
hsa-miR-16-5p,FOXN3,V,CoMeTa,N/A,N/A,,
hsa-miR-16-5p,SCAF11,V,CoMeTa,N/A,N/A,,
hsa-miR-16-5p,KLHDC10,V,CoMeTa,N/A,N/A,,
hsa-miR-16-5p,KHDRBS1,V,CoMeTa,N/A,N/A,,
hsa-miR-16-5p,SMAD2,V,CoMeTa,N/A,N/A,,
hsa-miR-16-5p,CMPK1,V,CoMeTa,N/A,N/A,,
hsa-miR-16-5p,TMEM106B,V,CoMeTa,N/A,N/A,,
hsa-miR-16-5p,NOTCH2,V,CoMeTa,N/A,N/A,,
hsa-miR-16-5p,DLD,V,CoMeTa,N/A,N/A,,
hsa-miR-16-5p,PPP1CB,V,CoMeTa,N/A,N/A,,
hsa-miR-16-5p,ADSS,V,CoMeTa,N/A,N/A,,
hsa-miR-16-5p,USP9X,V,CoMeTa,N/A,N/A,,
hsa-miR-16-5p,KIF5B,V,CoMeTa,N/A,N/A,,
hsa-miR-16-5p,RNF111,V,CoMeTa,N/A,N/A,,
hsa-miR-16-5p,SIRT1,V,CoMeTa,N/A,N/A,,
hsa-miR-16-5p,GALNT1,V,CoMeTa,N/A,N/A,,
hsa-miR-16-5p,TMEM47,V,CoMeTa,N/A,N/A,,
hsa-miR-16-5p,TACC1,V,CoMeTa,N/A,N/A,,
hsa-miR-16-5p,CDK19,V,CoMeTa,N/A,N/A,,
hsa-miR-16-5p,SSR1,V,CoMeTa,N/A,N/A,,
hsa-miR-16-5p,UBE2A,V,CoMeTa,N/A,N/A,,
hsa-miR-16-5p,RBM25,V,CoMeTa,N/A,N/A,,
hsa-miR-16-5p,KPNA1,V,CoMeTa,N/A,N/A,,
hsa-miR-16-5p,CHD9,V,CoMeTa,N/A,N/A,,
hsa-miR-16-5p,CREBL2,V,CoMeTa,N/A,N/A,,
hsa-miR-16-5p,HIPK1,V,CoMeTa,N/A,N/A,,
hsa-miR-16-5p,CELF1,V,CoMeTa,N/A,N/A,,
hsa-miR-16-5p,YWHAQ,V,CoMeTa,N/A,N/A,,
hsa-miR-16-5p,CDK17,V,CoMeTa,N/A,N/A,,
hsa-miR-16-5p,FBXO21,V,CoMeTa,N/A,N/A,,
hsa-miR-16-5p,CCSER2,V,CoMeTa,N/A,N/A,,
hsa-miR-16-5p,ATP13A3,V,CoMeTa,N/A,N/A,,
hsa-miR-16-5p,RSBN1,V,CoMeTa,N/A,N/A,,
hsa-miR-16-5p,AKT3,V,CoMeTa,N/A,N/A,,
hsa-miR-16-5p,SLC4A4,V,CoMeTa,N/A,N/A,,
hsa-miR-16-5p,CCNT2,V,CoMeTa,N/A,N/A,,
hsa-miR-16-5p,ROCK2,V,CoMeTa,N/A,N/A,,
hsa-miR-16-5p,TRIM2,V,CoMeTa,N/A,N/A,,
hsa-miR-16-5p,CALU,V,CoMeTa,N/A,N/A,,
hsa-miR-16-5p,LAMC1,V,CoMeTa,N/A,N/A,,
hsa-miR-16-5p,ANKRD46,V,CoMeTa,N/A,N/A,,
hsa-miR-16-5p,DPY19L4,V,CoMeTa,N/A,N/A,,
hsa-miR-16-5p,PAK2,V,CoMeTa,N/A,N/A,,
hsa-miR-16-5p,RAP1A,V,CoMeTa,N/A,N/A,,
hsa-miR-16-5p,PLCB1,V,CoMeTa,N/A,N/A,,
hsa-miR-16-5p,RHOQ,V,CoMeTa,N/A,N/A,,
hsa-miR-16-5p,GOLT1B,V,CoMeTa,N/A,N/A,,
hsa-miR-16-5p,IVNS1ABP,V,CoMeTa,N/A,N/A,,
hsa-miR-16-5p,MAP3K7,V,CoMeTa,N/A,N/A,,
hsa-miR-16-5p,CYBRD1,V,CoMeTa,N/A,N/A,,
hsa-miR-16-5p,LARP4,V,CoMeTa,N/A,N/A,,
hsa-miR-16-5p,HBP1,V,CoMeTa,N/A,N/A,,
hsa-miR-16-5p,UBE2V1,V,CoMeTa,N/A,N/A,,
hsa-miR-16-5p,NAA50,V,CoMeTa,N/A,N/A,,
hsa-miR-16-5p,SMURF2,V,CoMeTa,N/A,N/A,,
hsa-miR-16-5p,PPP6C,V,CoMeTa,N/A,N/A,,
hsa-miR-16-5p,KANK1,V,CoMeTa,N/A,N/A,,
hsa-miR-16-5p,RAD23B,V,CoMeTa,N/A,N/A,,
hsa-miR-16-5p,REEP1,V,CoMeTa,N/A,N/A,,
hsa-miR-16-5p,SLC5A3,V,CoMeTa,N/A,N/A,,
hsa-miR-16-5p,MAP2K4,V,CoMeTa,N/A,N/A,,
hsa-miR-16-5p,TUG1,V,CoMeTa,N/A,N/A,,
hsa-miR-16-5p,WDR47,V,CoMeTa,N/A,N/A,,
hsa-miR-16-5p,LARP4B,V,CoMeTa,N/A,N/A,,
hsa-miR-16-5p,ERLIN2,V,CoMeTa,N/A,N/A,,
hsa-miR-16-5p,RPS6KA3,V,CoMeTa,N/A,N/A,,
hsa-miR-16-5p,DMTF1,V,CoMeTa,N/A,N/A,,
hsa-miR-16-5p,PCDH9,V,CoMeTa,N/A,N/A,,
hsa-miR-16-5p,PTEN,V,CoMeTa,N/A,N/A,,
hsa-miR-16-5p,PPP3CB,V,CoMeTa,N/A,N/A,,
hsa-miR-16-5p,CCDC6,V,CoMeTa,N/A,N/A,,
hsa-miR-16-5p,BLCAP,V,CoMeTa,N/A,N/A,,
hsa-miR-16-5p,CCND2,V,CoMeTa,N/A,N/A,,
hsa-miR-16-5p,STK17A,V,CoMeTa,N/A,N/A,,
hsa-miR-16-5p,TSC22D2,V,CoMeTa,N/A,N/A,,
hsa-miR-16-5p,KAT6A,V,CoMeTa,N/A,N/A,,
hsa-miR-16-5p,LPP,V,CoMeTa,N/A,N/A,,
hsa-miR-16-5p,NPEPPS,V,CoMeTa,N/A,N/A,,
hsa-miR-16-5p,ANK2,V,CoMeTa,N/A,N/A,,
hsa-miR-16-5p,ANKRD12,V,CoMeTa,N/A,N/A,,
hsa-miR-16-5p,CDH11,V,CoMeTa,N/A,N/A,,
hsa-miR-16-5p,GALC,V,CoMeTa,N/A,N/A,,
hsa-miR-16-5p,NRIP1,V,CoMeTa,N/A,N/A,,
hsa-miR-16-5p,GRAMD2B,V,CoMeTa,N/A,N/A,,
hsa-miR-16-5p,USP15,V,CoMeTa,N/A,N/A,,
hsa-miR-16-5p,SPEN,V,CoMeTa,N/A,N/A,,
hsa-miR-16-5p,GRB10,V,CoMeTa,N/A,N/A,,
hsa-miR-16-5p,CEP55,V,CoMeTa,N/A,N/A,,
hsa-miR-16-5p,BPTF,V,CoMeTa,N/A,N/A,,
hsa-miR-16-5p,ARHGAP5,V,CoMeTa,N/A,N/A,,
hsa-miR-16-5p,ARID1A,V,CoMeTa,N/A,N/A,,
hsa-miR-16-5p,NCKIPSD,V,CoMeTa,N/A,N/A,,
hsa-miR-16-5p,MED1,V,CoMeTa,N/A,N/A,,
hsa-miR-16-5p,TMEM87A,V,CoMeTa,N/A,N/A,,
hsa-miR-16-5p,AKAP2,V,CoMeTa,N/A,N/A,,
hsa-miR-16-5p,ARF3,V,CoMeTa,N/A,N/A,,
hsa-miR-16-5p,SEL1L,V,CoMeTa,N/A,N/A,,
hsa-miR-16-5p,ASPH,V,CoMeTa,N/A,N/A,,
hsa-miR-16-5p,PLAGL1,V,CoMeTa,N/A,N/A,,
hsa-miR-16-5p,MAX,V,CoMeTa,N/A,N/A,,
hsa-miR-16-5p,IARS,V,CoMeTa,N/A,N/A,,
hsa-miR-16-5p,VEGFA,V,CoMeTa,N/A,N/A,,
hsa-miR-16-5p,SEL1L3,V,CoMeTa,N/A,N/A,,
hsa-miR-16-5p,DCTN5,V,CoMeTa,N/A,N/A,,
hsa-miR-16-5p,CDC23,V,CoMeTa,N/A,N/A,,
hsa-miR-16-5p,AKT3,V,Cupid,N/A,N/A,,
hsa-miR-16-5p,ATP2B2,V,Cupid,N/A,N/A,,
hsa-miR-16-5p,BHLHE41,V,Cupid,N/A,N/A,,
hsa-miR-16-5p,CADM1,V,Cupid,N/A,N/A,,
hsa-miR-16-5p,CCDC6,V,Cupid,N/A,N/A,,
hsa-miR-16-5p,CCND2,V,Cupid,N/A,N/A,,
hsa-miR-16-5p,CLCN3,V,Cupid,N/A,N/A,,
hsa-miR-16-5p,CREB5,V,Cupid,N/A,N/A,,
hsa-miR-16-5p,DEDD,V,Cupid,N/A,N/A,,
hsa-miR-16-5p,DICER1,V,Cupid,N/A,N/A,,
hsa-miR-16-5p,EN2,V,Cupid,N/A,N/A,,
hsa-miR-16-5p,ETV1,V,Cupid,N/A,N/A,,
hsa-miR-16-5p,TMEM255A,V,Cupid,N/A,N/A,,
hsa-miR-16-5p,FGF9,V,Cupid,N/A,N/A,,
hsa-miR-16-5p,GPATCH8,V,Cupid,N/A,N/A,,
hsa-miR-16-5p,HMGA1,V,Cupid,N/A,N/A,,
hsa-miR-16-5p,IHH,V,Cupid,N/A,N/A,,
hsa-miR-16-5p,KCNJ2,V,Cupid,N/A,N/A,,
hsa-miR-16-5p,LHFPL4,V,Cupid,N/A,N/A,,
hsa-miR-16-5p,MAPRE1,V,Cupid,N/A,N/A,,
hsa-miR-16-5p,MIPOL1,V,Cupid,N/A,N/A,,
hsa-miR-16-5p,MMD,V,Cupid,N/A,N/A,,
hsa-miR-16-5p,MOB4,V,Cupid,N/A,N/A,,
hsa-miR-16-5p,PAPPA,V,Cupid,N/A,N/A,,
hsa-miR-16-5p,PRDM4,V,Cupid,N/A,N/A,,
hsa-miR-16-5p,RCOR3,V,Cupid,N/A,N/A,,
hsa-miR-16-5p,RIMS3,V,Cupid,N/A,N/A,,
hsa-miR-16-5p,SEMA6D,V,Cupid,N/A,N/A,,
hsa-miR-16-5p,SLC6A4,V,Cupid,N/A,N/A,,
hsa-miR-16-5p,SOBP,V,Cupid,N/A,N/A,,
hsa-miR-16-5p,SOX6,V,Cupid,N/A,N/A,,
hsa-miR-16-5p,TEAD1,V,Cupid,N/A,N/A,,
hsa-miR-16-5p,EPHA7,V,Cupid,N/A,N/A,,
hsa-miR-16-5p,ERC2,V,Cupid,N/A,N/A,,
hsa-miR-16-5p,ERLIN2,V,Cupid,N/A,N/A,,
hsa-miR-16-5p,EXOC5,V,Cupid,N/A,N/A,,
hsa-miR-16-5p,FAM120C,V,Cupid,N/A,N/A,,
hsa-miR-16-5p,FAM135A,V,Cupid,N/A,N/A,,
hsa-miR-16-5p,MINDY2,V,Cupid,N/A,N/A,,
hsa-miR-16-5p,FAT3,V,Cupid,N/A,N/A,,
hsa-miR-16-5p,FGF7,V,Cupid,N/A,N/A,,
hsa-miR-16-5p,FKBP5,V,Cupid,N/A,N/A,,
hsa-miR-16-5p,FNDC3A,V,Cupid,N/A,N/A,,
hsa-miR-16-5p,FNIP2,V,Cupid,N/A,N/A,,
hsa-miR-16-5p,FOXO1,V,Cupid,N/A,N/A,,
hsa-miR-16-5p,FRS2,V,Cupid,N/A,N/A,,
hsa-miR-16-5p,GALNT1,V,Cupid,N/A,N/A,,
hsa-miR-16-5p,GIT1,V,Cupid,N/A,N/A,,
hsa-miR-16-5p,GLCE,V,Cupid,N/A,N/A,,
hsa-miR-16-5p,GPR153,V,Cupid,N/A,N/A,,
hsa-miR-16-5p,IQGAP1,V,Cupid,N/A,N/A,,
hsa-miR-16-5p,IRF2BP2,V,Cupid,N/A,N/A,,
hsa-miR-16-5p,IVNS1ABP,V,Cupid,N/A,N/A,,
hsa-miR-16-5p,KALRN,V,Cupid,N/A,N/A,,
hsa-miR-16-5p,KIF5B,V,Cupid,N/A,N/A,,
hsa-miR-16-5p,KPNA1,V,Cupid,N/A,N/A,,
hsa-miR-16-5p,RNF38,V,Cupid,N/A,N/A,,
hsa-miR-16-5p,RPS6KB1,V,Cupid,N/A,N/A,,
hsa-miR-16-5p,RYBP,V,Cupid,N/A,N/A,,
hsa-miR-16-5p,SCN4B,V,Cupid,N/A,N/A,,
hsa-miR-16-5p,SEMA3A,V,Cupid,N/A,N/A,,
hsa-miR-16-5p,SERBP1,V,Cupid,N/A,N/A,,
hsa-miR-16-5p,SIAH1,V,Cupid,N/A,N/A,,
hsa-miR-16-5p,SLC12A2,V,Cupid,N/A,N/A,,
hsa-miR-16-5p,SLC12A5,V,Cupid,N/A,N/A,,
hsa-miR-16-5p,SLC1A2,V,Cupid,N/A,N/A,,
hsa-miR-16-5p,SLC2A14,V,Cupid,N/A,N/A,,
hsa-miR-16-5p,SLC2A3,V,Cupid,N/A,N/A,,
hsa-miR-16-5p,SLC4A4,V,Cupid,N/A,N/A,,
hsa-miR-16-5p,SLC4A8,V,Cupid,N/A,N/A,,
hsa-miR-16-5p,SLC5A3,V,Cupid,N/A,N/A,,
hsa-miR-16-5p,SMARCD2,V,Cupid,N/A,N/A,,
hsa-miR-16-5p,SNX13,V,Cupid,N/A,N/A,,
hsa-miR-16-5p,SPEN,V,Cupid,N/A,N/A,,
hsa-miR-16-5p,SPRED1,V,Cupid,N/A,N/A,,
hsa-miR-16-5p,SRPK1,V,Cupid,N/A,N/A,,
hsa-miR-16-5p,STC1,V,Cupid,N/A,N/A,,
hsa-miR-16-5p,STXBP3,V,Cupid,N/A,N/A,,
hsa-miR-16-5p,SYNDIG1,V,Cupid,N/A,N/A,,
hsa-miR-16-5p,TMEM47,V,Cupid,N/A,N/A,,
hsa-miR-16-5p,TMEM87A,V,Cupid,N/A,N/A,,
hsa-miR-16-5p,TP53INP1,V,Cupid,N/A,N/A,,
hsa-miR-16-5p,TSC22D3,V,Cupid,N/A,N/A,,
hsa-miR-16-5p,ABCF2,V,Cupid,N/A,N/A,,
hsa-miR-16-5p,ACTR2,V,Cupid,N/A,N/A,,
hsa-miR-16-5p,ADAM10,V,Cupid,N/A,N/A,,
hsa-miR-16-5p,ADSS,V,Cupid,N/A,N/A,,
hsa-miR-16-5p,AFF4,V,Cupid,N/A,N/A,,
hsa-miR-16-5p,MAP3K7,V,Cupid,N/A,N/A,,
hsa-miR-16-5p,MED1,V,Cupid,N/A,N/A,,
hsa-miR-16-5p,MED13,V,Cupid,N/A,N/A,,
hsa-miR-16-5p,MINK1,V,Cupid,N/A,N/A,,
hsa-miR-16-5p,KMT2C,V,Cupid,N/A,N/A,,
hsa-miR-16-5p,MOB3B,V,Cupid,N/A,N/A,,
hsa-miR-16-5p,MSANTD2,V,Cupid,N/A,N/A,,
hsa-miR-16-5p,MYB,V,Cupid,N/A,N/A,,
hsa-miR-16-5p,NBEA,V,Cupid,N/A,N/A,,
hsa-miR-16-5p,NF1,V,Cupid,N/A,N/A,,
hsa-miR-16-5p,NFE2L1,V,Cupid,N/A,N/A,,
hsa-miR-16-5p,NPAS3,V,Cupid,N/A,N/A,,
hsa-miR-16-5p,NRG1,V,Cupid,N/A,N/A,,
hsa-miR-16-5p,NUFIP2,V,Cupid,N/A,N/A,,
hsa-miR-16-5p,NUP50,V,Cupid,N/A,N/A,,
hsa-miR-16-5p,TENM2,V,Cupid,N/A,N/A,,
hsa-miR-16-5p,PAPOLA,V,Cupid,N/A,N/A,,
hsa-miR-16-5p,PHF20L1,V,Cupid,N/A,N/A,,
hsa-miR-16-5p,PI4KB,V,Cupid,N/A,N/A,,
hsa-miR-16-5p,PIM1,V,Cupid,N/A,N/A,,
hsa-miR-16-5p,PLAG1,V,Cupid,N/A,N/A,,
hsa-miR-16-5p,PLCB1,V,Cupid,N/A,N/A,,
hsa-miR-16-5p,PLEKHA1,V,Cupid,N/A,N/A,,
hsa-miR-16-5p,PMP22,V,Cupid,N/A,N/A,,
hsa-miR-16-5p,PPP2R5C,V,Cupid,N/A,N/A,,
hsa-miR-16-5p,PRRC2C,V,Cupid,N/A,N/A,,
hsa-miR-16-5p,PURA,V,Cupid,N/A,N/A,,
hsa-miR-16-5p,RAB10,V,Cupid,N/A,N/A,,
hsa-miR-16-5p,RAD21,V,Cupid,N/A,N/A,,
hsa-miR-16-5p,USP53,V,Cupid,N/A,N/A,,
hsa-miR-16-5p,VEGFA,V,Cupid,N/A,N/A,,
hsa-miR-16-5p,VTA1,V,Cupid,N/A,N/A,,
hsa-miR-16-5p,WDR47,V,Cupid,N/A,N/A,,
hsa-miR-16-5p,XPO4,V,Cupid,N/A,N/A,,
hsa-miR-16-5p,ZC3H11A,V,Cupid,N/A,N/A,,
hsa-miR-16-5p,ZIC5,V,Cupid,N/A,N/A,,
hsa-miR-16-5p,ZKSCAN1,V,Cupid,N/A,N/A,,
hsa-miR-16-5p,ZNF362,V,Cupid,N/A,N/A,,
hsa-miR-16-5p,ZNF609,V,Cupid,N/A,N/A,,
hsa-miR-16-5p,ZNF644,V,Cupid,N/A,N/A,,
hsa-miR-16-5p,AKAP11,V,Cupid,N/A,N/A,,
hsa-miR-16-5p,AMOT,V,Cupid,N/A,N/A,,
hsa-miR-16-5p,ANKRD34A,V,Cupid,N/A,N/A,,
hsa-miR-16-5p,ARHGAP20,V,Cupid,N/A,N/A,,
hsa-miR-16-5p,ASPH,V,Cupid,N/A,N/A,,
hsa-miR-16-5p,B4GALT1,V,Cupid,N/A,N/A,,
hsa-miR-16-5p,BACH2,V,Cupid,N/A,N/A,,
hsa-miR-16-5p,BPTF,V,Cupid,N/A,N/A,,
hsa-miR-16-5p,BTAF1,V,Cupid,N/A,N/A,,
hsa-miR-16-5p,BZW1,V,Cupid,N/A,N/A,,
hsa-miR-16-5p,C11orf42,V,Cupid,N/A,N/A,,
hsa-miR-16-5p,CALU,V,Cupid,N/A,N/A,,
hsa-miR-16-5p,CAPRIN1,V,Cupid,N/A,N/A,,
hsa-miR-16-5p,CBFB,V,Cupid,N/A,N/A,,
hsa-miR-16-5p,CCNT2,V,Cupid,N/A,N/A,,
hsa-miR-16-5p,CDK12,V,Cupid,N/A,N/A,,
hsa-miR-16-5p,CEP350,V,Cupid,N/A,N/A,,
hsa-miR-16-5p,CEP55,V,Cupid,N/A,N/A,,
hsa-miR-16-5p,CHD9,V,Cupid,N/A,N/A,,
hsa-miR-16-5p,CNKSR2,V,Cupid,N/A,N/A,,
hsa-miR-16-5p,CPEB2,V,Cupid,N/A,N/A,,
hsa-miR-16-5p,CSPG5,V,Cupid,N/A,N/A,,
hsa-miR-16-5p,CTNND2,V,Cupid,N/A,N/A,,
hsa-miR-16-5p,CXCR5,V,Cupid,N/A,N/A,,
hsa-miR-16-5p,DACT1,V,Cupid,N/A,N/A,,
hsa-miR-16-5p,DDX3X,V,Cupid,N/A,N/A,,
hsa-miR-16-5p,DENND1B,V,Cupid,N/A,N/A,,
hsa-miR-16-5p,DIXDC1,V,Cupid,N/A,N/A,,
hsa-miR-16-5p,DMRT2,V,Cupid,N/A,N/A,,
hsa-miR-16-5p,DTNA,V,Cupid,N/A,N/A,,
hsa-miR-16-5p,DYRK1A,V,Cupid,N/A,N/A,,
hsa-miR-16-5p,E2F3,V,Cupid,N/A,N/A,,
hsa-miR-16-5p,ANK2,V,Cupid,N/A,N/A,,
hsa-miR-16-5p,E2F7,V,Cupid,N/A,N/A,,
hsa-miR-16-5p,FAM222B,V,Cupid,N/A,N/A,,
hsa-miR-16-5p,GOLT1B,V,Cupid,N/A,N/A,,
hsa-miR-16-5p,HECTD1,V,Cupid,N/A,N/A,,
hsa-miR-16-5p,HSPA4L,V,Cupid,N/A,N/A,,
hsa-miR-16-5p,LSM11,V,Cupid,N/A,N/A,,
hsa-miR-16-5p,MAFK,V,Cupid,N/A,N/A,,
hsa-miR-16-5p,NLGN1,V,Cupid,N/A,N/A,,
hsa-miR-16-5p,NR3C1,V,Cupid,N/A,N/A,,
hsa-miR-16-5p,PCDH9,V,Cupid,N/A,N/A,,
hsa-miR-16-5p,PELI1,V,Cupid,N/A,N/A,,
hsa-miR-16-5p,PIK3R1,V,Cupid,N/A,N/A,,
hsa-miR-16-5p,PLAGL1,V,Cupid,N/A,N/A,,
hsa-miR-16-5p,PTEN,V,Cupid,N/A,N/A,,
hsa-miR-16-5p,RPS6KA3,V,Cupid,N/A,N/A,,
hsa-miR-16-5p,SLITRK1,V,Cupid,N/A,N/A,,
hsa-miR-16-5p,ARPP19,V,Cupid,N/A,N/A,,
hsa-miR-16-5p,NOL4L,V,Cupid,N/A,N/A,,
hsa-miR-16-5p,HCN1,V,Cupid,N/A,N/A,,
hsa-miR-16-5p,PAFAH1B1,V,Cupid,N/A,N/A,,
hsa-miR-16-5p,RSBN1,V,Cupid,N/A,N/A,,
hsa-miR-16-5p,SPTLC1,V,Cupid,N/A,N/A,,
hsa-miR-16-5p,TBL1XR1,V,Cupid,N/A,N/A,,
hsa-miR-16-5p,UNC80,V,Cupid,N/A,N/A,,
hsa-miR-16-5p,ZNF148,V,Cupid,N/A,N/A,,
hsa-miR-16-5p,ANKIB1,V,Cupid,N/A,N/A,,
hsa-miR-16-5p,ATXN7L3,V,Cupid,N/A,N/A,,
hsa-miR-16-5p,DCTN4,V,Cupid,N/A,N/A,,
hsa-miR-16-5p,KMT2A,V,Cupid,N/A,N/A,,
hsa-miR-16-5p,MYBL1,V,Cupid,N/A,N/A,,
hsa-miR-16-5p,PAK1,V,Cupid,N/A,N/A,,
hsa-miR-16-5p,PURB,V,Cupid,N/A,N/A,,
hsa-miR-16-5p,RUNX1T1,V,Cupid,N/A,N/A,,
hsa-miR-16-5p,SYNCRIP,V,Cupid,N/A,N/A,,
hsa-miR-16-5p,UBR3,V,Cupid,N/A,N/A,,
hsa-miR-16-5p,YTHDF2,V,Cupid,N/A,N/A,,
hsa-miR-16-5p,ARGLU1,V,Cupid,N/A,N/A,,
hsa-miR-16-5p,EFNB2,V,Cupid,N/A,N/A,,
hsa-miR-16-5p,FGF1,V,Cupid,N/A,N/A,,
hsa-miR-16-5p,FOXP2,V,Cupid,N/A,N/A,,
hsa-miR-16-5p,GRIN2A,V,Cupid,N/A,N/A,,
hsa-miR-16-5p,KMT2B,V,Cupid,N/A,N/A,,
hsa-miR-16-5p,KMT2D,V,Cupid,N/A,N/A,,
hsa-miR-16-5p,NRP2,V,Cupid,N/A,N/A,,
hsa-miR-16-5p,PDK4,V,Cupid,N/A,N/A,,
hsa-miR-16-5p,SLC44A1,V,Cupid,N/A,N/A,,
hsa-miR-16-5p,COPS2,V,Cupid,N/A,N/A,,
hsa-miR-16-5p,CTDSPL,V,Cupid,N/A,N/A,,
hsa-miR-16-5p,AGO1,V,Cupid,N/A,N/A,,
hsa-miR-16-5p,PPP3CB,V,Cupid,N/A,N/A,,
hsa-miR-16-5p,ARL3,V,Cupid,N/A,N/A,,
hsa-miR-16-5p,BCL9,V,Cupid,N/A,N/A,,
hsa-miR-16-5p,DMTF1,V,Cupid,N/A,N/A,,
hsa-miR-16-5p,YWHAQ,V,Cupid,N/A,N/A,,
hsa-miR-16-5p,CDK5R1,V,Cupid,N/A,N/A,,
hsa-miR-16-5p,FBXO21,V,Cupid,N/A,N/A,,
hsa-miR-16-5p,LRP6,V,Cupid,N/A,N/A,,
hsa-miR-16-5p,NAA25,V,Cupid,N/A,N/A,,
hsa-miR-16-5p,BAZ2A,V,Cupid,N/A,N/A,,
hsa-miR-16-5p,EIF4E,V,Cupid,N/A,N/A,,
hsa-miR-16-5p,FOXJ3,V,Cupid,N/A,N/A,,
hsa-miR-16-5p,RNF111,V,Cupid,N/A,N/A,,
hsa-miR-16-5p,BCL11A,V,Cupid,N/A,N/A,,
hsa-miR-16-5p,RASSF5,V,Cupid,N/A,N/A,,
hsa-miR-16-5p,TET3,V,Cupid,N/A,N/A,,
hsa-miR-16-5p,CAPZA2,V,Cupid,N/A,N/A,,
hsa-miR-16-5p,GALNT7,V,Cupid,N/A,N/A,,
hsa-miR-16-5p,ZIC3,V,Cupid,N/A,N/A,,
hsa-miR-16-5p,CDK17,V,Cupid,N/A,N/A,,
hsa-miR-16-5p,KLHL18,V,Cupid,N/A,N/A,,
hsa-miR-16-5p,EPB41L1,V,Cupid,N/A,N/A,,
hsa-miR-16-5p,AKT3,V,DIANA,N/A,N/A,,
hsa-miR-16-5p,SMURF2,V,Cupid,N/A,N/A,,
hsa-miR-16-5p,ARHGAP5,V,Cupid,N/A,N/A,,
hsa-miR-16-5p,CHD2,V,Cupid,N/A,N/A,,
hsa-miR-16-5p,RIMS1,V,Cupid,N/A,N/A,,
hsa-miR-16-5p,ABI2,V,Cupid,N/A,N/A,,
hsa-miR-16-5p,ELL2,V,Cupid,N/A,N/A,,
hsa-miR-16-5p,QKI,V,Cupid,N/A,N/A,,
hsa-miR-16-5p,OGT,V,Cupid,N/A,N/A,,
hsa-miR-16-5p,PPM1E,V,Cupid,N/A,N/A,,
hsa-miR-16-5p,ASH1L,V,DIANA,N/A,N/A,,
hsa-miR-16-5p,C1orf21,V,DIANA,N/A,N/A,,
hsa-miR-16-5p,CPEB2,V,DIANA,N/A,N/A,,
hsa-miR-16-5p,PLAG1,V,DIANA,N/A,N/A,,
hsa-miR-16-5p,PAPPA,V,DIANA,N/A,N/A,,
hsa-miR-16-5p,PRDM4,V,DIANA,N/A,N/A,,
hsa-miR-16-5p,ARHGAP20,V,DIANA,N/A,N/A,,
hsa-miR-16-5p,IHH,V,DIANA,N/A,N/A,,
hsa-miR-16-5p,LSM11,V,DIANA,N/A,N/A,,
hsa-miR-16-5p,MYB,V,DIANA,N/A,N/A,,
hsa-miR-16-5p,SREK1,V,DIANA,N/A,N/A,,
hsa-miR-16-5p,SLC11A2,V,DIANA,N/A,N/A,,
hsa-miR-16-5p,TENM2,V,DIANA,N/A,N/A,,
hsa-miR-16-5p,CCNT2,V,DIANA,N/A,N/A,,
hsa-miR-16-5p,MOB3B,V,DIANA,N/A,N/A,,
hsa-miR-16-5p,SEL1L3,V,DIANA,N/A,N/A,,
hsa-miR-16-5p,CDK17,V,DIANA,N/A,N/A,,
hsa-miR-16-5p,EDA,V,DIANA,N/A,N/A,,
hsa-miR-16-5p,SEMA6D,V,DIANA,N/A,N/A,,
hsa-miR-16-5p,E2F3,V,DIANA,N/A,N/A,,
hsa-miR-16-5p,EPHA7,V,DIANA,N/A,N/A,,
hsa-miR-16-5p,IPO7,V,DIANA,N/A,N/A,,
hsa-miR-16-5p,SLC2A3,V,DIANA,N/A,N/A,,
hsa-miR-16-5p,DDX3Y,V,DIANA,N/A,N/A,,
hsa-miR-16-5p,CDK5R1,V,DIANA,N/A,N/A,,
hsa-miR-16-5p,PRRC2C,V,DIANA,N/A,N/A,,
hsa-miR-16-5p,UBR3,V,DIANA,N/A,N/A,,
hsa-miR-16-5p,SIPA1L2,V,DIANA,N/A,N/A,,
hsa-miR-16-5p,LRP6,V,ElMMo3,N/A,N/A,,
hsa-miR-16-5p,ABL2,V,ElMMo3,N/A,N/A,,
hsa-miR-16-5p,ACTR2,V,ElMMo3,N/A,N/A,,
hsa-miR-16-5p,ACVR2B,V,ElMMo3,N/A,N/A,,
hsa-miR-16-5p,AMER1,V,ElMMo3,N/A,N/A,,
hsa-miR-16-5p,ARHGAP5,V,ElMMo3,N/A,N/A,,
hsa-miR-16-5p,ARL2,V,ElMMo3,N/A,N/A,,
hsa-miR-16-5p,UBE2V1,V,ElMMo3,N/A,N/A,,
hsa-miR-16-5p,UBN2,V,ElMMo3,N/A,N/A,,
hsa-miR-16-5p,USP15,V,ElMMo3,N/A,N/A,,
hsa-miR-16-5p,ARL3,V,ElMMo3,N/A,N/A,,
hsa-miR-16-5p,ATXN7L1,V,ElMMo3,N/A,N/A,,
hsa-miR-16-5p,ATXN7L3,V,ElMMo3,N/A,N/A,,
hsa-miR-16-5p,BCL2L2,V,ElMMo3,N/A,N/A,,
hsa-miR-16-5p,BHLHE41,V,ElMMo3,N/A,N/A,,
hsa-miR-16-5p,CCND2,V,ElMMo3,N/A,N/A,,
hsa-miR-16-5p,CHD2,V,ElMMo3,N/A,N/A,,
hsa-miR-16-5p,CLCN5,V,ElMMo3,N/A,N/A,,
hsa-miR-16-5p,CPEB2,V,ElMMo3,N/A,N/A,,
hsa-miR-16-5p,CREBRF,V,ElMMo3,N/A,N/A,,
hsa-miR-16-5p,DIXDC1,V,ElMMo3,N/A,N/A,,
hsa-miR-16-5p,EDA,V,ElMMo3,N/A,N/A,,
hsa-miR-16-5p,ELMSAN1,V,ElMMo3,N/A,N/A,,
hsa-miR-16-5p,FBXO21,V,ElMMo3,N/A,N/A,,
hsa-miR-16-5p,FGF7,V,ElMMo3,N/A,N/A,,
hsa-miR-16-5p,GPATCH8,V,ElMMo3,N/A,N/A,,
hsa-miR-16-5p,IGF1R,V,ElMMo3,N/A,N/A,,
hsa-miR-16-5p,JADE2,V,ElMMo3,N/A,N/A,,
hsa-miR-16-5p,KCNJ2,V,ElMMo3,N/A,N/A,,
hsa-miR-16-5p,LCOR,V,ElMMo3,N/A,N/A,,
hsa-miR-16-5p,LUZP1,V,ElMMo3,N/A,N/A,,
hsa-miR-16-5p,MYB,V,ElMMo3,N/A,N/A,,
hsa-miR-16-5p,MYBL1,V,ElMMo3,N/A,N/A,,
hsa-miR-16-5p,NAA25,V,ElMMo3,N/A,N/A,,
hsa-miR-16-5p,NFATC3,V,ElMMo3,N/A,N/A,,
hsa-miR-16-5p,NOL4L,V,ElMMo3,N/A,N/A,,
hsa-miR-16-5p,PAFAH1B1,V,ElMMo3,N/A,N/A,,
hsa-miR-16-5p,PAPPA,V,ElMMo3,N/A,N/A,,
hsa-miR-16-5p,PCGF5,V,ElMMo3,N/A,N/A,,
hsa-miR-16-5p,PLAG1,V,ElMMo3,N/A,N/A,,
hsa-miR-16-5p,PLXNA2,V,ElMMo3,N/A,N/A,,
hsa-miR-16-5p,POU2F1,V,ElMMo3,N/A,N/A,,
hsa-miR-16-5p,PPM1E,V,ElMMo3,N/A,N/A,,
hsa-miR-16-5p,PURA,V,ElMMo3,N/A,N/A,,
hsa-miR-16-5p,QKI,V,ElMMo3,N/A,N/A,,
hsa-miR-16-5p,RAB10,V,ElMMo3,N/A,N/A,,
hsa-miR-16-5p,RICTOR,V,ElMMo3,N/A,N/A,,
hsa-miR-16-5p,RPS6KA3,V,ElMMo3,N/A,N/A,,
hsa-miR-16-5p,RSBN1,V,ElMMo3,N/A,N/A,,
hsa-miR-16-5p,RUNX1T1,V,ElMMo3,N/A,N/A,,
hsa-miR-16-5p,SEMA3A,V,ElMMo3,N/A,N/A,,
hsa-miR-16-5p,SEMA6D,V,ElMMo3,N/A,N/A,,
hsa-miR-16-5p,SPTLC1,V,ElMMo3,N/A,N/A,,
hsa-miR-16-5p,TBL1XR1,V,ElMMo3,N/A,N/A,,
hsa-miR-16-5p,TMCC1,V,ElMMo3,N/A,N/A,,
hsa-miR-16-5p,ZNF609,V,ElMMo3,N/A,N/A,,
hsa-miR-16-5p,SLC12A2,V,ElMMo3,N/A,N/A,,
hsa-miR-16-5p,PPT2,V,ElMMo3,N/A,N/A,,
hsa-miR-16-5p,ELL2,V,ElMMo3,N/A,N/A,,
hsa-miR-16-5p,DICER1,V,ElMMo3,N/A,N/A,,
hsa-miR-16-5p,HELZ,V,ElMMo3,N/A,N/A,,
hsa-miR-16-5p,TFAP2A,V,ElMMo3,N/A,N/A,,
hsa-miR-16-5p,KLHL18,V,ElMMo3,N/A,N/A,,
hsa-miR-16-5p,DEDD,V,ElMMo3,N/A,N/A,,
hsa-miR-16-5p,UBXN10,V,ElMMo3,N/A,N/A,,
hsa-miR-16-5p,VSIR,V,ElMMo3,N/A,N/A,,
hsa-miR-16-5p,SLC5A3,V,ElMMo3,N/A,N/A,,
hsa-miR-16-5p,AFF4,V,ElMMo3,N/A,N/A,,
hsa-miR-16-5p,NUP50,V,ElMMo3,N/A,N/A,,
hsa-miR-16-5p,CDC25A,V,ElMMo3,N/A,N/A,,
hsa-miR-16-5p,CAPRIN1,V,ElMMo3,N/A,N/A,,
hsa-miR-16-5p,RYBP,V,ElMMo3,N/A,N/A,,
hsa-miR-16-5p,RORA,V,ElMMo3,N/A,N/A,,
hsa-miR-16-5p,SUSD6,V,ElMMo3,N/A,N/A,,
hsa-miR-16-5p,IPO7,V,ElMMo3,N/A,N/A,,
hsa-miR-16-5p,CDK5R1,V,ElMMo3,N/A,N/A,,
hsa-miR-16-5p,PHF21A,V,ElMMo3,N/A,N/A,,
hsa-miR-16-5p,SLC11A2,V,ElMMo3,N/A,N/A,,
hsa-miR-16-5p,SLITRK1,V,ElMMo3,N/A,N/A,,
hsa-miR-16-5p,SYNRG,V,ElMMo3,N/A,N/A,,
hsa-miR-16-5p,RNF125,V,ElMMo3,N/A,N/A,,
hsa-miR-16-5p,RASSF5,V,ElMMo3,N/A,N/A,,
hsa-miR-16-5p,NRP2,V,ElMMo3,N/A,N/A,,
hsa-miR-16-5p,STXBP3,V,ElMMo3,N/A,N/A,,
hsa-miR-16-5p,YAP1,V,ElMMo3,N/A,N/A,,
hsa-miR-16-5p,EFNB2,V,ElMMo3,N/A,N/A,,
hsa-miR-16-5p,LHFPL4,V,ElMMo3,N/A,N/A,,
hsa-miR-16-5p,C1orf21,V,ElMMo3,N/A,N/A,,
hsa-miR-16-5p,HMGA1,V,ElMMo3,N/A,N/A,,
hsa-miR-16-5p,CCDC85C,V,ElMMo3,N/A,N/A,,
hsa-miR-16-5p,E2F7,V,ElMMo3,N/A,N/A,,
hsa-miR-16-5p,BCL11B,V,ElMMo3,N/A,N/A,,
hsa-miR-16-5p,PPP1R12B,V,ElMMo3,N/A,N/A,,
hsa-miR-16-5p,ZDHHC22,V,ElMMo3,N/A,N/A,,
hsa-miR-16-5p,KIF5B,V,ElMMo3,N/A,N/A,,
hsa-miR-16-5p,FGF9,V,ElMMo3,N/A,N/A,,
hsa-miR-16-5p,TMEM87B,V,ElMMo3,N/A,N/A,,
hsa-miR-16-5p,IST1,V,ElMMo3,N/A,N/A,,
hsa-miR-16-5p,PRR11,V,ElMMo3,N/A,N/A,,
hsa-miR-16-5p,ZNRF2,V,ElMMo3,N/A,N/A,,
hsa-miR-16-5p,LAMC1,V,ElMMo3,N/A,N/A,,
hsa-miR-16-5p,WWC1,V,ElMMo3,N/A,N/A,,
hsa-miR-16-5p,TEAD1,V,ElMMo3,N/A,N/A,,
hsa-miR-16-5p,SPRED1,V,ElMMo3,N/A,N/A,,
hsa-miR-16-5p,ASH1L,V,ElMMo3,N/A,N/A,,
hsa-miR-16-5p,DDX3X,V,ElMMo3,N/A,N/A,,
hsa-miR-16-5p,DDX3Y,V,ElMMo3,N/A,N/A,,
hsa-miR-16-5p,E2F3,V,ElMMo3,N/A,N/A,,
hsa-miR-16-5p,HECTD4,V,ElMMo3,N/A,N/A,,
hsa-miR-16-5p,MOB4,V,ElMMo3,N/A,N/A,,
hsa-miR-16-5p,NUFIP2,V,ElMMo3,N/A,N/A,,
hsa-miR-16-5p,PCDH9,V,ElMMo3,N/A,N/A,,
hsa-miR-16-5p,ARHGAP20,V,ElMMo3,N/A,N/A,,
hsa-miR-16-5p,PCDHAC1,V,ElMMo3,N/A,N/A,,
hsa-miR-16-5p,PRDM4,V,ElMMo3,N/A,N/A,,
hsa-miR-16-5p,FAT3,V,ElMMo3,N/A,N/A,,
hsa-miR-16-5p,SLC4A4,V,ElMMo3,N/A,N/A,,
hsa-miR-16-5p,SOBP,V,ElMMo3,N/A,N/A,,
hsa-miR-16-5p,TENM2,V,ElMMo3,N/A,N/A,,
hsa-miR-16-5p,UBR3,V,ElMMo3,N/A,N/A,,
hsa-miR-16-5p,VEGFA,V,ElMMo3,N/A,N/A,,
hsa-miR-16-5p,MOB3B,V,ElMMo3,N/A,N/A,,
hsa-miR-16-5p,WSB1,V,ElMMo3,N/A,N/A,,
hsa-miR-16-5p,RBM12,V,ElMMo3,N/A,N/A,,
hsa-miR-16-5p,BTAF1,V,ElMMo3,N/A,N/A,,
hsa-miR-16-5p,SBNO1,V,ElMMo3,N/A,N/A,,
hsa-miR-16-5p,BNC2,V,ElMMo3,N/A,N/A,,
hsa-miR-16-5p,KMT2A,V,ElMMo3,N/A,N/A,,
hsa-miR-16-5p,PRRC2C,V,ElMMo3,N/A,N/A,,
hsa-miR-16-5p,TMEM178B,V,ElMMo3,N/A,N/A,,
hsa-miR-16-5p,LPP,V,ElMMo3,N/A,N/A,,
hsa-miR-16-5p,USP42,V,ElMMo3,N/A,N/A,,
hsa-miR-16-5p,ANKIB1,V,ElMMo3,N/A,N/A,,
hsa-miR-16-5p,ATP13A3,V,ElMMo3,N/A,N/A,,
hsa-miR-16-5p,BACH2,V,ElMMo3,N/A,N/A,,
hsa-miR-16-5p,BDNF,V,ElMMo3,N/A,N/A,,
hsa-miR-16-5p,C16orf72,V,ElMMo3,N/A,N/A,,
hsa-miR-16-5p,TMEM250,V,ElMMo3,N/A,N/A,,
hsa-miR-16-5p,CCNT2,V,ElMMo3,N/A,N/A,,
hsa-miR-16-5p,CNKSR2,V,ElMMo3,N/A,N/A,,
hsa-miR-16-5p,COPS2,V,ElMMo3,N/A,N/A,,
hsa-miR-16-5p,KMT2C,V,ElMMo3,N/A,N/A,,
hsa-miR-16-5p,KPNA1,V,ElMMo3,N/A,N/A,,
hsa-miR-16-5p,LCORL,V,ElMMo3,N/A,N/A,,
hsa-miR-16-5p,MIPOL1,V,ElMMo3,N/A,N/A,,
hsa-miR-16-5p,NLGN1,V,ElMMo3,N/A,N/A,,
hsa-miR-16-5p,PIM1,V,ElMMo3,N/A,N/A,,
hsa-miR-16-5p,PPP6C,V,ElMMo3,N/A,N/A,,
hsa-miR-16-5p,RBBP6,V,ElMMo3,N/A,N/A,,
hsa-miR-16-5p,SERBP1,V,ElMMo3,N/A,N/A,,
hsa-miR-16-5p,SOX6,V,ElMMo3,N/A,N/A,,
hsa-miR-16-5p,BPTF,V,ElMMo3,N/A,N/A,,
hsa-miR-16-5p,CHD9,V,ElMMo3,N/A,N/A,,
hsa-miR-16-5p,EIF4E,V,ElMMo3,N/A,N/A,,
hsa-miR-16-5p,FAM135A,V,ElMMo3,N/A,N/A,,
hsa-miR-16-5p,FOXP2,V,ElMMo3,N/A,N/A,,
hsa-miR-16-5p,HECTD1,V,ElMMo3,N/A,N/A,,
hsa-miR-16-5p,KANK1,V,ElMMo3,N/A,N/A,,
hsa-miR-16-5p,LHX1,V,ElMMo3,N/A,N/A,,
hsa-miR-16-5p,MAP2K4,V,ElMMo3,N/A,N/A,,
hsa-miR-16-5p,NFE2L1,V,ElMMo3,N/A,N/A,,
hsa-miR-16-5p,SMURF2,V,ElMMo3,N/A,N/A,,
hsa-miR-16-5p,SOX5,V,ElMMo3,N/A,N/A,,
hsa-miR-16-5p,TSC22D2,V,ElMMo3,N/A,N/A,,
hsa-miR-16-5p,USP9X,V,ElMMo3,N/A,N/A,,
hsa-miR-16-5p,UNC80,V,ElMMo3,N/A,N/A,,
hsa-miR-16-5p,MAFK,V,ElMMo3,N/A,N/A,,
hsa-miR-16-5p,WDR47,V,ElMMo3,N/A,N/A,,
hsa-miR-16-5p,YWHAQ,V,ElMMo3,N/A,N/A,,
hsa-miR-16-5p,ZCCHC2,V,ElMMo3,N/A,N/A,,
hsa-miR-16-5p,CLCN3,V,ElMMo3,N/A,N/A,,
hsa-miR-16-5p,SLC9A6,V,ElMMo3,N/A,N/A,,
hsa-miR-16-5p,TACC1,V,ElMMo3,N/A,N/A,,
hsa-miR-16-5p,PRPF38A,V,ElMMo3,N/A,N/A,,
hsa-miR-16-5p,KHNYN,V,ElMMo3,N/A,N/A,,
hsa-miR-16-5p,PPP2R5C,V,ElMMo3,N/A,N/A,,
hsa-miR-16-5p,FKBP5,V,ElMMo3,N/A,N/A,,
hsa-miR-16-5p,PHC3,V,ElMMo3,N/A,N/A,,
hsa-miR-16-5p,RCOR3,V,ElMMo3,N/A,N/A,,
hsa-miR-16-5p,KMT2D,V,ElMMo3,N/A,N/A,,
hsa-miR-16-5p,FZD4,V,ElMMo3,N/A,N/A,,
hsa-miR-16-5p,ZC3H11A,V,ElMMo3,N/A,N/A,,
hsa-miR-16-5p,ARPP19,V,ElMMo3,N/A,N/A,,
hsa-miR-16-5p,CTDSPL,V,ElMMo3,N/A,N/A,,
hsa-miR-16-5p,NF1,V,ElMMo3,N/A,N/A,,
hsa-miR-16-5p,SIPA1L2,V,ElMMo3,N/A,N/A,,
hsa-miR-16-5p,CDK17,V,ElMMo3,N/A,N/A,,
hsa-miR-16-5p,LIMS1,V,ElMMo3,N/A,N/A,,
hsa-miR-16-5p,CCDC6,V,ElMMo3,N/A,N/A,,
hsa-miR-16-5p,AKT3,V,ElMMo3,N/A,N/A,,
hsa-miR-16-5p,EPHA7,V,ElMMo3,N/A,N/A,,
hsa-miR-16-5p,IHH,V,ElMMo3,N/A,N/A,,
hsa-miR-16-5p,SRPK1,V,ElMMo3,N/A,N/A,,
hsa-miR-16-5p,ZNF362,V,ElMMo3,N/A,N/A,,
hsa-miR-16-5p,MASP1,V,ElMMo3,N/A,N/A,,
hsa-miR-16-5p,HSPA4L,V,ElMMo3,N/A,N/A,,
hsa-miR-16-5p,CMPK1,V,ElMMo3,N/A,N/A,,
hsa-miR-16-5p,IYD,V,ElMMo3,N/A,N/A,,
hsa-miR-16-5p,C5orf64,V,ElMMo3,N/A,N/A,,
hsa-miR-16-5p,ETV1,V,ElMMo3,N/A,N/A,,
hsa-miR-16-5p,SSR1,V,ElMMo3,N/A,N/A,,
hsa-miR-16-5p,ABI2,V,ElMMo3,N/A,N/A,,
hsa-miR-16-5p,PDK4,V,ElMMo3,N/A,N/A,,
hsa-miR-16-5p,RAPGEFL1,V,ElMMo3,N/A,N/A,,
hsa-miR-16-5p,FOXO1,V,ElMMo3,N/A,N/A,,
hsa-miR-16-5p,GALNT7,V,ElMMo3,N/A,N/A,,
hsa-miR-16-5p,GOLT1B,V,ElMMo3,N/A,N/A,,
hsa-miR-16-5p,MAP3K21,V,ElMMo3,N/A,N/A,,
hsa-miR-16-5p,ADAM10,V,ElMMo3,N/A,N/A,,
hsa-miR-16-5p,MAP3K7,V,ElMMo3,N/A,N/A,,
hsa-miR-16-5p,RNF111,V,ElMMo3,N/A,N/A,,
hsa-miR-16-5p,DYRK1A,V,ElMMo3,N/A,N/A,,
hsa-miR-16-5p,ADAMTS5,V,ElMMo3,N/A,N/A,,
hsa-miR-16-5p,ERC2,V,ElMMo3,N/A,N/A,,
hsa-miR-16-5p,PIEZO1,V,ElMMo3,N/A,N/A,,
hsa-miR-16-5p,SMAD5,V,ElMMo3,N/A,N/A,,
hsa-miR-16-5p,CLSPN,V,ElMMo3,N/A,N/A,,
hsa-miR-16-5p,CEP350,V,ElMMo3,N/A,N/A,,
hsa-miR-16-5p,ERLIN2,V,ElMMo3,N/A,N/A,,
hsa-miR-16-5p,KIF1C,V,ElMMo3,N/A,N/A,,
hsa-miR-16-5p,MEX3C,V,ElMMo3,N/A,N/A,,
hsa-miR-16-5p,OCRL,V,ElMMo3,N/A,N/A,,
hsa-miR-16-5p,PLAGL1,V,ElMMo3,N/A,N/A,,
hsa-miR-16-5p,MAPRE1,V,ElMMo3,N/A,N/A,,
hsa-miR-16-5p,MINK1,V,ElMMo3,N/A,N/A,,
hsa-miR-16-5p,MMD,V,ElMMo3,N/A,N/A,,
hsa-miR-16-5p,RAD23B,V,ElMMo3,N/A,N/A,,
hsa-miR-16-5p,SHROOM4,V,ElMMo3,N/A,N/A,,
hsa-miR-16-5p,SLC7A1,V,ElMMo3,N/A,N/A,,
hsa-miR-16-5p,NOTCH2,V,ElMMo3,N/A,N/A,,
hsa-miR-16-5p,SORT1,V,ElMMo3,N/A,N/A,,
hsa-miR-16-5p,EPB41L1,V,ElMMo3,N/A,N/A,,
hsa-miR-16-5p,CCNYL1,V,ElMMo3,N/A,N/A,,
hsa-miR-16-5p,RAB11FIP1,V,ElMMo3,N/A,N/A,,
hsa-miR-16-5p,CTDSPL,V,GenMir++,N/A,N/A,,
hsa-miR-16-5p,SRSF11,V,GenMir++,N/A,N/A,,
hsa-miR-16-5p,HELZ,V,GenMir++,N/A,N/A,,
hsa-miR-16-5p,ACTR2,V,GenMir++,N/A,N/A,,
hsa-miR-16-5p,MAPRE1,V,GenMir++,N/A,N/A,,
hsa-miR-16-5p,UBE2V1,V,GenMir++,N/A,N/A,,
hsa-miR-16-5p,PPP3CB,V,GenMir++,N/A,N/A,,
hsa-miR-16-5p,OCRL,V,GenMir++,N/A,N/A,,
hsa-miR-16-5p,MMD,V,GenMir++,N/A,N/A,,
hsa-miR-16-5p,SLC2A3,V,GenMir++,N/A,N/A,,
hsa-miR-16-5p,PLAG1,V,GenMir++,N/A,N/A,,
hsa-miR-16-5p,EIF4E,V,GenMir++,N/A,N/A,,
hsa-miR-16-5p,CREB5,V,GenMir++,N/A,N/A,,
hsa-miR-16-5p,EPHA7,V,GenMir++,N/A,N/A,,
hsa-miR-16-5p,SLC4A4,V,GenMir++,N/A,N/A,,
hsa-miR-16-5p,SMAD5,V,GenMir++,N/A,N/A,,
hsa-miR-16-5p,OGT,V,GenMir++,N/A,N/A,,
hsa-miR-16-5p,MAP2K4,V,GenMir++,N/A,N/A,,
hsa-miR-16-5p,MAP3K3,V,GenMir++,N/A,N/A,,
hsa-miR-16-5p,SRPK1,V,GenMir++,N/A,N/A,,
hsa-miR-16-5p,STXBP3,V,GenMir++,N/A,N/A,,
hsa-miR-16-5p,NFATC3,V,GenMir++,N/A,N/A,,
hsa-miR-16-5p,DDX3X,V,GenMir++,N/A,N/A,,
hsa-miR-16-5p,BCL2L2,V,GenMir++,N/A,N/A,,
hsa-miR-16-5p,PDK4,V,GenMir++,N/A,N/A,,
hsa-miR-16-5p,BCL9,V,GenMir++,N/A,N/A,,
hsa-miR-16-5p,CCDC6,V,GenMir++,N/A,N/A,,
hsa-miR-16-5p,CDK5R1,V,GenMir++,N/A,N/A,,
hsa-miR-16-5p,KIF5B,V,GenMir++,N/A,N/A,,
hsa-miR-16-5p,CDC25A,V,GenMir++,N/A,N/A,,
hsa-miR-16-5p,FGF7,V,GenMir++,N/A,N/A,,
hsa-miR-16-5p,SMARCD2,V,GenMir++,N/A,N/A,,
hsa-miR-16-5p,CLCN5,V,GenMir++,N/A,N/A,,
hsa-miR-16-5p,RUNX1T1,V,GenMir++,N/A,N/A,,
hsa-miR-16-5p,B4GALT1,V,GenMir++,N/A,N/A,,
hsa-miR-16-5p,KMT2C,V,MAMI,N/A,N/A,,
hsa-miR-16-5p,NOL4,V,MAMI,N/A,N/A,,
hsa-miR-16-5p,ARL2,V,MAMI,N/A,N/A,,
hsa-miR-16-5p,BCL2L2,V,MAMI,N/A,N/A,,
hsa-miR-16-5p,LUZP1,V,MAMI,N/A,N/A,,
hsa-miR-16-5p,PAPPA,V,MAMI,N/A,N/A,,
hsa-miR-16-5p,COPS2,V,MAMI,N/A,N/A,,
hsa-miR-16-5p,YWHAQ,V,MAMI,N/A,N/A,,
hsa-miR-16-5p,CAPZA2,V,MAMI,N/A,N/A,,
hsa-miR-16-5p,CPEB2,V,MAMI,N/A,N/A,,
hsa-miR-16-5p,DMTF1,V,MAMI,N/A,N/A,,
hsa-miR-16-5p,EPHA7,V,MAMI,N/A,N/A,,
hsa-miR-16-5p,KCNJ2,V,MAMI,N/A,N/A,,
hsa-miR-16-5p,LAMC1,V,MAMI,N/A,N/A,,
hsa-miR-16-5p,PCDHAC1,V,MAMI,N/A,N/A,,
hsa-miR-16-5p,PDK4,V,MAMI,N/A,N/A,,
hsa-miR-16-5p,MOB4,V,MAMI,N/A,N/A,,
hsa-miR-16-5p,RAD23B,V,MAMI,N/A,N/A,,
hsa-miR-16-5p,SEMA6D,V,MAMI,N/A,N/A,,
hsa-miR-16-5p,SIAH1,V,MAMI,N/A,N/A,,
hsa-miR-16-5p,SLC12A2,V,MAMI,N/A,N/A,,
hsa-miR-16-5p,SLC2A14,V,MAMI,N/A,N/A,,
hsa-miR-16-5p,SLC2A3,V,MAMI,N/A,N/A,,
hsa-miR-16-5p,STXBP3,V,MAMI,N/A,N/A,,
hsa-miR-16-5p,WDR47,V,MAMI,N/A,N/A,,
hsa-miR-16-5p,TENM2,V,MAMI,N/A,N/A,,
hsa-miR-16-5p,EIF2B2,V,MAMI,N/A,N/A,,
hsa-miR-16-5p,NCKIPSD,V,MAMI,N/A,N/A,,
hsa-miR-16-5p,POMZP3,V,MAMI,N/A,N/A,,
hsa-miR-16-5p,NFE2L1,V,MAMI,N/A,N/A,,
hsa-miR-16-5p,RNF125,V,MAMI,N/A,N/A,,
hsa-miR-16-5p,SERBP1,V,MAMI,N/A,N/A,,
hsa-miR-16-5p,TRIM36,V,MAMI,N/A,N/A,,
hsa-miR-16-5p,AP2A1,V,MAMI,N/A,N/A,,
hsa-miR-16-5p,CCNT2,V,MAMI,N/A,N/A,,
hsa-miR-16-5p,ZNF362,V,MAMI,N/A,N/A,,
hsa-miR-16-5p,GPATCH8,V,MAMI,N/A,N/A,,
hsa-miR-16-5p,SIPA1L2,V,MAMI,N/A,N/A,,
hsa-miR-16-5p,ANKRD46,V,MAMI,N/A,N/A,,
hsa-miR-16-5p,ARL3,V,MAMI,N/A,N/A,,
hsa-miR-16-5p,MADD,V,MAMI,N/A,N/A,,
hsa-miR-16-5p,NF2,V,MAMI,N/A,N/A,,
hsa-miR-16-5p,NFS1,V,MAMI,N/A,N/A,,
hsa-miR-16-5p,RABL3,V,MAMI,N/A,N/A,,
hsa-miR-16-5p,CMPK1,V,MAMI,N/A,N/A,,
hsa-miR-16-5p,COPS7B,V,MAMI,N/A,N/A,,
hsa-miR-16-5p,CREB5,V,MAMI,N/A,N/A,,
hsa-miR-16-5p,CREBL2,V,MAMI,N/A,N/A,,
hsa-miR-16-5p,CTDSPL,V,MAMI,N/A,N/A,,
hsa-miR-16-5p,DCBLD2,V,MAMI,N/A,N/A,,
hsa-miR-16-5p,DDX3X,V,MAMI,N/A,N/A,,
hsa-miR-16-5p,DDX3Y,V,MAMI,N/A,N/A,,
hsa-miR-16-5p,DEDD,V,MAMI,N/A,N/A,,
hsa-miR-16-5p,DIXDC1,V,MAMI,N/A,N/A,,
hsa-miR-16-5p,E2F3,V,MAMI,N/A,N/A,,
hsa-miR-16-5p,E2F7,V,MAMI,N/A,N/A,,
hsa-miR-16-5p,EDA,V,MAMI,N/A,N/A,,
hsa-miR-16-5p,EFNB2,V,MAMI,N/A,N/A,,
hsa-miR-16-5p,AGO1,V,MAMI,N/A,N/A,,
hsa-miR-16-5p,EIF4E,V,MAMI,N/A,N/A,,
hsa-miR-16-5p,BPTF,V,MAMI,N/A,N/A,,
hsa-miR-16-5p,TMEM255A,V,MAMI,N/A,N/A,,
hsa-miR-16-5p,FGF7,V,MAMI,N/A,N/A,,
hsa-miR-16-5p,CCNYL1,V,MAMI,N/A,N/A,,
hsa-miR-16-5p,OTOGL,V,MAMI,N/A,N/A,,
hsa-miR-16-5p,HECTD1,V,MAMI,N/A,N/A,,
hsa-miR-16-5p,HELZ,V,MAMI,N/A,N/A,,
hsa-miR-16-5p,HIRA,V,MAMI,N/A,N/A,,
hsa-miR-16-5p,CADM1,V,MAMI,N/A,N/A,,
hsa-miR-16-5p,KALRN,V,MAMI,N/A,N/A,,
hsa-miR-16-5p,FGF7P6,V,MAMI,N/A,N/A,,
hsa-miR-16-5p,FAM135A,V,MAMI,N/A,N/A,,
hsa-miR-16-5p,KIF1C,V,MAMI,N/A,N/A,,
hsa-miR-16-5p,KIF5B,V,MAMI,N/A,N/A,,
hsa-miR-16-5p,KLHL18,V,MAMI,N/A,N/A,,
hsa-miR-16-5p,UBR3,V,MAMI,N/A,N/A,,
hsa-miR-16-5p,ABCC5,V,MAMI,N/A,N/A,,
hsa-miR-16-5p,ACTR2,V,MAMI,N/A,N/A,,
hsa-miR-16-5p,ADAMTS5,V,MAMI,N/A,N/A,,
hsa-miR-16-5p,AK3,V,MAMI,N/A,N/A,,
hsa-miR-16-5p,AKAP11,V,MAMI,N/A,N/A,,
hsa-miR-16-5p,AKT3,V,MAMI,N/A,N/A,,
hsa-miR-16-5p,ANK2,V,MAMI,N/A,N/A,,
hsa-miR-16-5p,KANK1,V,MAMI,N/A,N/A,,
hsa-miR-16-5p,SYNRG,V,MAMI,N/A,N/A,,
hsa-miR-16-5p,ASPH,V,MAMI,N/A,N/A,,
hsa-miR-16-5p,ATF7IP2,V,MAMI,N/A,N/A,,
hsa-miR-16-5p,ATP2B2,V,MAMI,N/A,N/A,,
hsa-miR-16-5p,B4GALT1,V,MAMI,N/A,N/A,,
hsa-miR-16-5p,BACH2,V,MAMI,N/A,N/A,,
hsa-miR-16-5p,BAZ2A,V,MAMI,N/A,N/A,,
hsa-miR-16-5p,BCL9,V,MAMI,N/A,N/A,,
hsa-miR-16-5p,BDNF,V,MAMI,N/A,N/A,,
hsa-miR-16-5p,BHLHE41,V,MAMI,N/A,N/A,,
hsa-miR-16-5p,NAA25,V,MAMI,N/A,N/A,,
hsa-miR-16-5p,C1orf21,V,MAMI,N/A,N/A,,
hsa-miR-16-5p,SYNDIG1,V,MAMI,N/A,N/A,,
hsa-miR-16-5p,CCDC6,V,MAMI,N/A,N/A,,
hsa-miR-16-5p,CCND2,V,MAMI,N/A,N/A,,
hsa-miR-16-5p,CDC25A,V,MAMI,N/A,N/A,,
hsa-miR-16-5p,CDK5R1,V,MAMI,N/A,N/A,,
hsa-miR-16-5p,CEP350,V,MAMI,N/A,N/A,,
hsa-miR-16-5p,CHD5,V,MAMI,N/A,N/A,,
hsa-miR-16-5p,CHD9,V,MAMI,N/A,N/A,,
hsa-miR-16-5p,CLCN5,V,MAMI,N/A,N/A,,
hsa-miR-16-5p,MEX3C,V,MAMI,N/A,N/A,,
hsa-miR-16-5p,RNF111,V,MAMI,N/A,N/A,,
hsa-miR-16-5p,RSBN1,V,MAMI,N/A,N/A,,
hsa-miR-16-5p,RUNX1T1,V,MAMI,N/A,N/A,,
hsa-miR-16-5p,RYBP,V,MAMI,N/A,N/A,,
hsa-miR-16-5p,SCN4B,V,MAMI,N/A,N/A,,
hsa-miR-16-5p,SRSF11,V,MAMI,N/A,N/A,,
hsa-miR-16-5p,SLC4A4,V,MAMI,N/A,N/A,,
hsa-miR-16-5p,SLC6A4,V,MAMI,N/A,N/A,,
hsa-miR-16-5p,SLC9A6,V,MAMI,N/A,N/A,,
hsa-miR-16-5p,SLITRK1,V,MAMI,N/A,N/A,,
hsa-miR-16-5p,SMAD5,V,MAMI,N/A,N/A,,
hsa-miR-16-5p,SMARCD2,V,MAMI,N/A,N/A,,
hsa-miR-16-5p,SMURF2,V,MAMI,N/A,N/A,,
hsa-miR-16-5p,SOX5,V,MAMI,N/A,N/A,,
hsa-miR-16-5p,ERLIN2,V,MAMI,N/A,N/A,,
hsa-miR-16-5p,SPRED1,V,MAMI,N/A,N/A,,
hsa-miR-16-5p,SPTLC1,V,MAMI,N/A,N/A,,
hsa-miR-16-5p,SRPK1,V,MAMI,N/A,N/A,,
hsa-miR-16-5p,SYPL1,V,MAMI,N/A,N/A,,
hsa-miR-16-5p,TBL1XR1,V,MAMI,N/A,N/A,,
hsa-miR-16-5p,TMCC1,V,MAMI,N/A,N/A,,
hsa-miR-16-5p,TMEM87A,V,MAMI,N/A,N/A,,
hsa-miR-16-5p,TRIM2,V,MAMI,N/A,N/A,,
hsa-miR-16-5p,TSC22D2,V,MAMI,N/A,N/A,,
hsa-miR-16-5p,TSC22D3,V,MAMI,N/A,N/A,,
hsa-miR-16-5p,UBE2V1,V,MAMI,N/A,N/A,,
hsa-miR-16-5p,UBXN10,V,MAMI,N/A,N/A,,
hsa-miR-16-5p,USP15,V,MAMI,N/A,N/A,,
hsa-miR-16-5p,DCAF7,V,MAMI,N/A,N/A,,
hsa-miR-16-5p,WNT2B,V,MAMI,N/A,N/A,,
hsa-miR-16-5p,WSB1,V,MAMI,N/A,N/A,,
hsa-miR-16-5p,XPO4,V,MAMI,N/A,N/A,,
hsa-miR-16-5p,ZCCHC2,V,MAMI,N/A,N/A,,
hsa-miR-16-5p,ZCCHC3,V,MAMI,N/A,N/A,,
hsa-miR-16-5p,ZKSCAN1,V,MAMI,N/A,N/A,,
hsa-miR-16-5p,LPP,V,MAMI,N/A,N/A,,
hsa-miR-16-5p,LRP6,V,MAMI,N/A,N/A,,
hsa-miR-16-5p,MAP2K4,V,MAMI,N/A,N/A,,
hsa-miR-16-5p,MAP3K3,V,MAMI,N/A,N/A,,
hsa-miR-16-5p,MAPRE1,V,MAMI,N/A,N/A,,
hsa-miR-16-5p,MINK1,V,MAMI,N/A,N/A,,
hsa-miR-16-5p,MIPOL1,V,MAMI,N/A,N/A,,
hsa-miR-16-5p,MMD,V,MAMI,N/A,N/A,,
hsa-miR-16-5p,MOB3B,V,MAMI,N/A,N/A,,
hsa-miR-16-5p,NFATC3,V,MAMI,N/A,N/A,,
hsa-miR-16-5p,NLGN1,V,MAMI,N/A,N/A,,
hsa-miR-16-5p,NRP2,V,MAMI,N/A,N/A,,
hsa-miR-16-5p,OCRL,V,MAMI,N/A,N/A,,
hsa-miR-16-5p,OGT,V,MAMI,N/A,N/A,,
hsa-miR-16-5p,PAFAH1B1,V,MAMI,N/A,N/A,,
hsa-miR-16-5p,PCDH9,V,MAMI,N/A,N/A,,
hsa-miR-16-5p,CDK17,V,MAMI,N/A,N/A,,
hsa-miR-16-5p,JADE2,V,MAMI,N/A,N/A,,
hsa-miR-16-5p,PHF20L1,V,MAMI,N/A,N/A,,
hsa-miR-16-5p,PHLDA3,V,MAMI,N/A,N/A,,
hsa-miR-16-5p,PHLPP2,V,MAMI,N/A,N/A,,
hsa-miR-16-5p,PI4KB,V,MAMI,N/A,N/A,,
hsa-miR-16-5p,PIM1,V,MAMI,N/A,N/A,,
hsa-miR-16-5p,PLAG1,V,MAMI,N/A,N/A,,
hsa-miR-16-5p,PLAGL1,V,MAMI,N/A,N/A,,
hsa-miR-16-5p,PLEKHH1,V,MAMI,N/A,N/A,,
hsa-miR-16-5p,PLXNA2,V,MAMI,N/A,N/A,,
hsa-miR-16-5p,PPM1E,V,MAMI,N/A,N/A,,
hsa-miR-16-5p,PPP2R5C,V,MAMI,N/A,N/A,,
hsa-miR-16-5p,PPP3CB,V,MAMI,N/A,N/A,,
hsa-miR-16-5p,PPP6C,V,MAMI,N/A,N/A,,
hsa-miR-16-5p,PRDM4,V,MAMI,N/A,N/A,,
hsa-miR-16-5p,C16orf72,V,MAMI,N/A,N/A,,
hsa-miR-16-5p,PURB,V,MAMI,N/A,N/A,,
hsa-miR-16-5p,QKI,V,MAMI,N/A,N/A,,
hsa-miR-16-5p,RAB10,V,MAMI,N/A,N/A,,
hsa-miR-16-5p,RASSF5,V,MAMI,N/A,N/A,,
hsa-miR-16-5p,RBBP6,V,MAMI,N/A,N/A,,
hsa-miR-16-5p,PURB,V,MultiMiTar,N/A,N/A,,
hsa-miR-16-5p,CPEB2,V,MultiMiTar,N/A,N/A,,
hsa-miR-16-5p,CREB5,V,MultiMiTar,N/A,N/A,,
hsa-miR-16-5p,CUL3,V,MultiMiTar,N/A,N/A,,
hsa-miR-16-5p,CUL5,V,MultiMiTar,N/A,N/A,,
hsa-miR-16-5p,DCTN4,V,MultiMiTar,N/A,N/A,,
hsa-miR-16-5p,PXMP4,V,MultiMiTar,N/A,N/A,,
hsa-miR-16-5p,QKI,V,MultiMiTar,N/A,N/A,,
hsa-miR-16-5p,RALGAPB,V,MultiMiTar,N/A,N/A,,
hsa-miR-16-5p,DTNA,V,MultiMiTar,N/A,N/A,,
hsa-miR-16-5p,E2F3,V,MultiMiTar,N/A,N/A,,
hsa-miR-16-5p,ELL2,V,MultiMiTar,N/A,N/A,,
hsa-miR-16-5p,ERBB4,V,MultiMiTar,N/A,N/A,,
hsa-miR-16-5p,ERLIN2,V,MultiMiTar,N/A,N/A,,
hsa-miR-16-5p,ETV1,V,MultiMiTar,N/A,N/A,,
hsa-miR-16-5p,FAM117B,V,MultiMiTar,N/A,N/A,,
hsa-miR-16-5p,FBXO21,V,MultiMiTar,N/A,N/A,,
hsa-miR-16-5p,FOXJ3,V,MultiMiTar,N/A,N/A,,
hsa-miR-16-5p,FOXN3,V,MultiMiTar,N/A,N/A,,
hsa-miR-16-5p,FRS2,V,MultiMiTar,N/A,N/A,,
hsa-miR-16-5p,FZD4,V,MultiMiTar,N/A,N/A,,
hsa-miR-16-5p,GJC1,V,MultiMiTar,N/A,N/A,,
hsa-miR-16-5p,GPM6B,V,MultiMiTar,N/A,N/A,,
hsa-miR-16-5p,HAUS3,V,MultiMiTar,N/A,N/A,,
hsa-miR-16-5p,HS2ST1,V,MultiMiTar,N/A,N/A,,
hsa-miR-16-5p,RAPH1,V,MultiMiTar,N/A,N/A,,
hsa-miR-16-5p,RC3H1,V,MultiMiTar,N/A,N/A,,
hsa-miR-16-5p,REEP1,V,MultiMiTar,N/A,N/A,,
hsa-miR-16-5p,RNF125,V,MultiMiTar,N/A,N/A,,
hsa-miR-16-5p,RNF38,V,MultiMiTar,N/A,N/A,,
hsa-miR-16-5p,RPS6KA3,V,MultiMiTar,N/A,N/A,,
hsa-miR-16-5p,SEP3,V,MultiMiTar,N/A,N/A,,
hsa-miR-16-5p,SERBP1,V,MultiMiTar,N/A,N/A,,
hsa-miR-16-5p,SERTAD2,V,MultiMiTar,N/A,N/A,,
hsa-miR-16-5p,SHB,V,MultiMiTar,N/A,N/A,,
hsa-miR-16-5p,SHROOM4,V,MultiMiTar,N/A,N/A,,
hsa-miR-16-5p,SIK2,V,MultiMiTar,N/A,N/A,,
hsa-miR-16-5p,SLC1A2,V,MultiMiTar,N/A,N/A,,
hsa-miR-16-5p,SMAD2,V,MultiMiTar,N/A,N/A,,
hsa-miR-16-5p,SMAD5,V,MultiMiTar,N/A,N/A,,
hsa-miR-16-5p,SORCS1,V,MultiMiTar,N/A,N/A,,
hsa-miR-16-5p,SORT1,V,MultiMiTar,N/A,N/A,,
hsa-miR-16-5p,SSR1,V,MultiMiTar,N/A,N/A,,
hsa-miR-16-5p,STK35,V,MultiMiTar,N/A,N/A,,
hsa-miR-16-5p,SUPT7L,V,MultiMiTar,N/A,N/A,,
hsa-miR-16-5p,SYPL1,V,MultiMiTar,N/A,N/A,,
hsa-miR-16-5p,TACC1,V,MultiMiTar,N/A,N/A,,
hsa-miR-16-5p,TMEM47,V,MultiMiTar,N/A,N/A,,
hsa-miR-16-5p,TPM3,V,MultiMiTar,N/A,N/A,,
hsa-miR-16-5p,TRAM2,V,MultiMiTar,N/A,N/A,,
hsa-miR-16-5p,TRPS1,V,MultiMiTar,N/A,N/A,,
hsa-miR-16-5p,USP9X,V,MultiMiTar,N/A,N/A,,
hsa-miR-16-5p,VDR,V,MultiMiTar,N/A,N/A,,
hsa-miR-16-5p,WDR26,V,MultiMiTar,N/A,N/A,,
hsa-miR-16-5p,XPO4,V,MultiMiTar,N/A,N/A,,
hsa-miR-16-5p,MAP3K20,V,MultiMiTar,N/A,N/A,,
hsa-miR-16-5p,ZKSCAN1,V,MultiMiTar,N/A,N/A,,
hsa-miR-16-5p,ZNF106,V,MultiMiTar,N/A,N/A,,
hsa-miR-16-5p,ZNF148,V,MultiMiTar,N/A,N/A,,
hsa-miR-16-5p,ZNF609,V,MultiMiTar,N/A,N/A,,
hsa-miR-16-5p,ZNF621,V,MultiMiTar,N/A,N/A,,
hsa-miR-16-5p,IGF1,V,MultiMiTar,N/A,N/A,,
hsa-miR-16-5p,IGF1R,V,MultiMiTar,N/A,N/A,,
hsa-miR-16-5p,IRF2BP2,V,MultiMiTar,N/A,N/A,,
hsa-miR-16-5p,JADE1,V,MultiMiTar,N/A,N/A,,
hsa-miR-16-5p,KCMF1,V,MultiMiTar,N/A,N/A,,
hsa-miR-16-5p,KMT2D,V,MultiMiTar,N/A,N/A,,
hsa-miR-16-5p,KPNA1,V,MultiMiTar,N/A,N/A,,
hsa-miR-16-5p,LAMC1,V,MultiMiTar,N/A,N/A,,
hsa-miR-16-5p,LHFPL4,V,MultiMiTar,N/A,N/A,,
hsa-miR-16-5p,LRP6,V,MultiMiTar,N/A,N/A,,
hsa-miR-16-5p,MBNL1,V,MultiMiTar,N/A,N/A,,
hsa-miR-16-5p,MOB3B,V,MultiMiTar,N/A,N/A,,
hsa-miR-16-5p,MTPN,V,MultiMiTar,N/A,N/A,,
hsa-miR-16-5p,MTX3,V,MultiMiTar,N/A,N/A,,
hsa-miR-16-5p,MYCL,V,MultiMiTar,N/A,N/A,,
hsa-miR-16-5p,NAA25,V,MultiMiTar,N/A,N/A,,
hsa-miR-16-5p,NR2C2,V,MultiMiTar,N/A,N/A,,
hsa-miR-16-5p,PAFAH1B1,V,MultiMiTar,N/A,N/A,,
hsa-miR-16-5p,PCGF5,V,MultiMiTar,N/A,N/A,,
hsa-miR-16-5p,PEG10,V,MultiMiTar,N/A,N/A,,
hsa-miR-16-5p,PGM2L1,V,MultiMiTar,N/A,N/A,,
hsa-miR-16-5p,PHC3,V,MultiMiTar,N/A,N/A,,
hsa-miR-16-5p,PHF21A,V,MultiMiTar,N/A,N/A,,
hsa-miR-16-5p,PHLPP2,V,MultiMiTar,N/A,N/A,,
hsa-miR-16-5p,PKNOX1,V,MultiMiTar,N/A,N/A,,
hsa-miR-16-5p,PLAG1,V,MultiMiTar,N/A,N/A,,
hsa-miR-16-5p,PPP1R12B,V,MultiMiTar,N/A,N/A,,
hsa-miR-16-5p,PTPA,V,MultiMiTar,N/A,N/A,,
hsa-miR-16-5p,ADAMTS5,V,MultiMiTar,N/A,N/A,,
hsa-miR-16-5p,AFF4,V,MultiMiTar,N/A,N/A,,
hsa-miR-16-5p,AGO1,V,MultiMiTar,N/A,N/A,,
hsa-miR-16-5p,AKAP2,V,MultiMiTar,N/A,N/A,,
hsa-miR-16-5p,AP1G1,V,MultiMiTar,N/A,N/A,,
hsa-miR-16-5p,ARHGAP5,V,MultiMiTar,N/A,N/A,,
hsa-miR-16-5p,ARNT,V,MultiMiTar,N/A,N/A,,
hsa-miR-16-5p,ASAP1,V,MultiMiTar,N/A,N/A,,
hsa-miR-16-5p,ATRX,V,MultiMiTar,N/A,N/A,,
hsa-miR-16-5p,BACH2,V,MultiMiTar,N/A,N/A,,
hsa-miR-16-5p,BCL11A,V,MultiMiTar,N/A,N/A,,
hsa-miR-16-5p,BCL11B,V,MultiMiTar,N/A,N/A,,
hsa-miR-16-5p,BCL2L2,V,MultiMiTar,N/A,N/A,,
hsa-miR-16-5p,BNC2,V,MultiMiTar,N/A,N/A,,
hsa-miR-16-5p,C5orf64,V,MultiMiTar,N/A,N/A,,
hsa-miR-16-5p,CCDC6,V,MultiMiTar,N/A,N/A,,
hsa-miR-16-5p,CCND2,V,MultiMiTar,N/A,N/A,,
hsa-miR-16-5p,CDK19,V,MultiMiTar,N/A,N/A,,
hsa-miR-16-5p,CDK5R1,V,MultiMiTar,N/A,N/A,,
hsa-miR-16-5p,CELF2,V,MultiMiTar,N/A,N/A,,
hsa-miR-16-5p,CLCN5,V,MultiMiTar,N/A,N/A,,
hsa-miR-16-5p,NFAT5,V,MultiMiTar,N/A,N/A,,
hsa-miR-16-5p,HELZ,V,MultiMiTar,N/A,N/A,,
hsa-miR-16-5p,PRRC2C,V,MultiMiTar,N/A,N/A,,
hsa-miR-16-5p,EXOC5,V,MultiMiTar,N/A,N/A,,
hsa-miR-16-5p,DDX6,V,MultiMiTar,N/A,N/A,,
hsa-miR-16-5p,SMG1,V,MultiMiTar,N/A,N/A,,
hsa-miR-16-5p,RAB6B,V,MultiMiTar,N/A,N/A,,
hsa-miR-16-5p,BDNF,V,MultiMiTar,N/A,N/A,,
hsa-miR-16-5p,RBM12,V,MultiMiTar,N/A,N/A,,
hsa-miR-16-5p,ABCA1,V,MultiMiTar,N/A,N/A,,
hsa-miR-16-5p,IKZF2,V,MultiMiTar,N/A,N/A,,
hsa-miR-16-5p,BPTF,V,MultiMiTar,N/A,N/A,,
hsa-miR-16-5p,CD47,V,MultiMiTar,N/A,N/A,,
hsa-miR-16-5p,SENP1,V,MultiMiTar,N/A,N/A,,
hsa-miR-16-5p,CCNT2,V,MultiMiTar,N/A,N/A,,
hsa-miR-16-5p,ZBTB41,V,MultiMiTar,N/A,N/A,,
hsa-miR-16-5p,RIMBP2,V,MultiMiTar,N/A,N/A,,
hsa-miR-16-5p,C1orf21,V,MultiMiTar,N/A,N/A,,
hsa-miR-16-5p,YOD1,V,MultiMiTar,N/A,N/A,,
hsa-miR-16-5p,OTUD7B,V,MultiMiTar,N/A,N/A,,
hsa-miR-16-5p,NF1,V,MultiMiTar,N/A,N/A,,
hsa-miR-16-5p,DLG3,V,MultiMiTar,N/A,N/A,,
hsa-miR-16-5p,SOX11,V,MultiMiTar,N/A,N/A,,
hsa-miR-16-5p,NMNAT2,V,MultiMiTar,N/A,N/A,,
hsa-miR-16-5p,CREBRF,V,MultiMiTar,N/A,N/A,,
hsa-miR-16-5p,TCF4,V,MultiMiTar,N/A,N/A,,
hsa-miR-16-5p,CCSER2,V,MultiMiTar,N/A,N/A,,
hsa-miR-16-5p,FAM46A,V,MultiMiTar,N/A,N/A,,
hsa-miR-16-5p,TNS1,V,MultiMiTar,N/A,N/A,,
hsa-miR-16-5p,TBL1XR1,V,MultiMiTar,N/A,N/A,,
hsa-miR-16-5p,NOTCH2,V,MultiMiTar,N/A,N/A,,
hsa-miR-16-5p,KCNJ2,V,MultiMiTar,N/A,N/A,,
hsa-miR-16-5p,CHD2,V,MultiMiTar,N/A,N/A,,
hsa-miR-16-5p,CNTN4,V,MultiMiTar,N/A,N/A,,
hsa-miR-16-5p,RSBN1,V,MultiMiTar,N/A,N/A,,
hsa-miR-16-5p,RAP1GAP2,V,MultiMiTar,N/A,N/A,,
hsa-miR-16-5p,RYBP,V,MultiMiTar,N/A,N/A,,
hsa-miR-16-5p,SNTB2,V,MultiMiTar,N/A,N/A,,
hsa-miR-16-5p,E2F7,V,MultiMiTar,N/A,N/A,,
hsa-miR-16-5p,CLTC,V,MultiMiTar,N/A,N/A,,
hsa-miR-16-5p,RAB11FIP5,V,MultiMiTar,N/A,N/A,,
hsa-miR-16-5p,SRGAP3,V,MultiMiTar,N/A,N/A,,
hsa-miR-16-5p,ANK3,V,MultiMiTar,N/A,N/A,,
hsa-miR-16-5p,NUP50,V,MultiMiTar,N/A,N/A,,
hsa-miR-16-5p,CSNK1G1,V,MultiMiTar,N/A,N/A,,
hsa-miR-16-5p,TRIM36,V,MultiMiTar,N/A,N/A,,
hsa-miR-16-5p,PRICKLE2,V,MultiMiTar,N/A,N/A,,
hsa-miR-16-5p,ESR1,V,MultiMiTar,N/A,N/A,,
hsa-miR-16-5p,AKAP11,V,MultiMiTar,N/A,N/A,,
hsa-miR-16-5p,DMRT2,V,MultiMiTar,N/A,N/A,,
hsa-miR-16-5p,HLF,V,MultiMiTar,N/A,N/A,,
hsa-miR-16-5p,ZNF280B,V,MultiMiTar,N/A,N/A,,
hsa-miR-16-5p,GJA3,V,MultiMiTar,N/A,N/A,,
hsa-miR-16-5p,SEMA3A,V,MultiMiTar,N/A,N/A,,
hsa-miR-16-5p,AKAP6,V,MultiMiTar,N/A,N/A,,
hsa-miR-16-5p,LUZP1,V,MultiMiTar,N/A,N/A,,
hsa-miR-16-5p,HNRNPA3,V,MultiMiTar,N/A,N/A,,
hsa-miR-16-5p,GALNT7,V,MultiMiTar,N/A,N/A,,
hsa-miR-16-5p,DLD,V,MultiMiTar,N/A,N/A,,
hsa-miR-16-5p,RAPGEFL1,V,MultiMiTar,N/A,N/A,,
hsa-miR-16-5p,RAB11FIP1,V,MultiMiTar,N/A,N/A,,
hsa-miR-16-5p,CTDSPL,V,MultiMiTar,N/A,N/A,,
hsa-miR-16-5p,RAB10,V,MultiMiTar,N/A,N/A,,
hsa-miR-16-5p,MLXIP,V,MultiMiTar,N/A,N/A,,
hsa-miR-16-5p,PLXNA2,V,MultiMiTar,N/A,N/A,,
hsa-miR-16-5p,BMI1,V,MultiMiTar,N/A,N/A,,
hsa-miR-16-5p,ABR,V,MultiMiTar,N/A,N/A,,
hsa-miR-16-5p,HDAC4,V,MultiMiTar,N/A,N/A,,
hsa-miR-16-5p,GLCE,V,MultiMiTar,N/A,N/A,,
hsa-miR-16-5p,CYB5D1,V,MultiMiTar,N/A,N/A,,
hsa-miR-16-5p,MKL2,V,MultiMiTar,N/A,N/A,,
hsa-miR-16-5p,CDON,V,MultiMiTar,N/A,N/A,,
hsa-miR-16-5p,PIK3R1,V,MultiMiTar,N/A,N/A,,
hsa-miR-16-5p,YAP1,V,MultiMiTar,N/A,N/A,,
hsa-miR-16-5p,CPLX2,V,MultiMiTar,N/A,N/A,,
hsa-miR-16-5p,TBC1D8B,V,MultiMiTar,N/A,N/A,,
hsa-miR-16-5p,NEO1,V,MultiMiTar,N/A,N/A,,
hsa-miR-16-5p,RAD23B,V,MultiMiTar,N/A,N/A,,
hsa-miR-16-5p,CLCN3,V,MultiMiTar,N/A,N/A,,
hsa-miR-16-5p,VCPIP1,V,MultiMiTar,N/A,N/A,,
hsa-miR-16-5p,SEL1L,V,MultiMiTar,N/A,N/A,,
hsa-miR-16-5p,GATAD2B,V,MultiMiTar,N/A,N/A,,
hsa-miR-16-5p,ACTR2,V,MultiMiTar,N/A,N/A,,
hsa-miR-16-5p,HNRNPU,V,MultiMiTar,N/A,N/A,,
hsa-miR-16-5p,IGF2BP1,V,MultiMiTar,N/A,N/A,,
hsa-miR-16-5p,OTOF,V,MultiMiTar,N/A,N/A,,
hsa-miR-16-5p,DCAF7,V,MultiMiTar,N/A,N/A,,
hsa-miR-16-5p,TBL1X,V,MultiMiTar,N/A,N/A,,
hsa-miR-16-5p,TMCC1,V,MultiMiTar,N/A,N/A,,
hsa-miR-16-5p,TNRC6A,V,MultiMiTar,N/A,N/A,,
hsa-miR-16-5p,AP3M1,V,MultiMiTar,N/A,N/A,,
hsa-miR-16-5p,RNF111,V,MultiMiTar,N/A,N/A,,
hsa-miR-16-5p,ARL3,V,MultiMiTar,N/A,N/A,,
hsa-miR-16-5p,TMEM255A,V,MultiMiTar,N/A,N/A,,
hsa-miR-16-5p,RPS6KB1,V,MultiMiTar,N/A,N/A,,
hsa-miR-16-5p,LIN28B,V,MultiMiTar,N/A,N/A,,
hsa-miR-16-5p,BTBD3,V,MultiMiTar,N/A,N/A,,
hsa-miR-16-5p,TEAD1,V,MultiMiTar,N/A,N/A,,
hsa-miR-16-5p,EFNB2,V,MultiMiTar,N/A,N/A,,
hsa-miR-16-5p,MAPK1,V,MultiMiTar,N/A,N/A,,
hsa-miR-16-5p,VOPP1,V,MultiMiTar,N/A,N/A,,
hsa-miR-16-5p,EPHA7,V,MultiMiTar,N/A,N/A,,
hsa-miR-16-5p,PMP22,V,MultiMiTar,N/A,N/A,,
hsa-miR-16-5p,NRG1,V,MultiMiTar,N/A,N/A,,
hsa-miR-16-5p,CREBL2,V,MultiMiTar,N/A,N/A,,
hsa-miR-16-5p,CNOT6,V,MultiMiTar,N/A,N/A,,
hsa-miR-16-5p,UBE2V1,V,MultiMiTar,N/A,N/A,,
hsa-miR-16-5p,SLC9A6,V,MultiMiTar,N/A,N/A,,
hsa-miR-16-5p,OTOGL,V,MultiMiTar,N/A,N/A,,
hsa-miR-16-5p,AKT3,V,MultiMiTar,N/A,N/A,,
hsa-miR-16-5p,ARPP19,V,MultiMiTar,N/A,N/A,,
hsa-miR-16-5p,NFE2L1,V,MultiMiTar,N/A,N/A,,
hsa-miR-16-5p,BHLHE41,V,MultiMiTar,N/A,N/A,,
hsa-miR-16-5p,SLC12A2,V,MultiMiTar,N/A,N/A,,
hsa-miR-16-5p,PUM1,V,MultiMiTar,N/A,N/A,,
hsa-miR-16-5p,MIER3,V,MultiMiTar,N/A,N/A,,
hsa-miR-16-5p,CBL,V,MultiMiTar,N/A,N/A,,
hsa-miR-16-5p,DENND2C,V,MultiMiTar,N/A,N/A,,
hsa-miR-16-5p,CDK12,V,MultiMiTar,N/A,N/A,,
hsa-miR-16-5p,H3F3B,V,MultiMiTar,N/A,N/A,,
hsa-miR-16-5p,ANKIB1,V,MultiMiTar,N/A,N/A,,
hsa-miR-16-5p,METTL9,V,MultiMiTar,N/A,N/A,,
hsa-miR-16-5p,GPATCH8,V,MultiMiTar,N/A,N/A,,
hsa-miR-16-5p,MEF2D,V,MultiMiTar,N/A,N/A,,
hsa-miR-16-5p,CD40,V,MultiMiTar,N/A,N/A,,
hsa-miR-16-5p,RICTOR,V,MultiMiTar,N/A,N/A,,
hsa-miR-16-5p,UBE2E1,V,MultiMiTar,N/A,N/A,,
hsa-miR-16-5p,SCN3B,V,MultiMiTar,N/A,N/A,,
hsa-miR-16-5p,GNB1,V,MultiMiTar,N/A,N/A,,
hsa-miR-16-5p,NAV2,V,MultiMiTar,N/A,N/A,,
hsa-miR-16-5p,VPS13D,V,MultiMiTar,N/A,N/A,,
hsa-miR-16-5p,BMPR2,V,MultiMiTar,N/A,N/A,,
hsa-miR-16-5p,DYRK1A,V,MultiMiTar,N/A,N/A,,
hsa-miR-16-5p,SLC9A1,V,MultiMiTar,N/A,N/A,,
hsa-miR-16-5p,PATZ1,V,MultiMiTar,N/A,N/A,,
hsa-miR-16-5p,MACROD2,V,MultiMiTar,N/A,N/A,,
hsa-miR-16-5p,USP15,V,MultiMiTar,N/A,N/A,,
hsa-miR-16-5p,ZBTB8A,V,MultiMiTar,N/A,N/A,,
hsa-miR-16-5p,ZNRF2,V,MultiMiTar,N/A,N/A,,
hsa-miR-16-5p,NRP2,V,MultiMiTar,N/A,N/A,,
hsa-miR-16-5p,BCL9,V,MultiMiTar,N/A,N/A,,
hsa-miR-16-5p,PCDH9,V,MultiMiTar,N/A,N/A,,
hsa-miR-16-5p,LCA5,V,MultiMiTar,N/A,N/A,,
hsa-miR-16-5p,USP37,V,MultiMiTar,N/A,N/A,,
hsa-miR-16-5p,CEP350,V,MultiMiTar,N/A,N/A,,
hsa-miR-16-5p,DIXDC1,V,MultiMiTar,N/A,N/A,,
hsa-miR-16-5p,FLRT2,V,MultiMiTar,N/A,N/A,,
hsa-miR-16-5p,NCKIPSD,V,MultiMiTar,N/A,N/A,,
hsa-miR-16-5p,SRSF1,V,MultiMiTar,N/A,N/A,,
hsa-miR-16-5p,PLEKHA6,V,MultiMiTar,N/A,N/A,,
hsa-miR-16-5p,SLC44A1,V,MultiMiTar,N/A,N/A,,
hsa-miR-16-5p,ZCCHC3,V,MultiMiTar,N/A,N/A,,
hsa-miR-16-5p,PPP1CB,V,MultiMiTar,N/A,N/A,,
hsa-miR-16-5p,RIMS4,V,MultiMiTar,N/A,N/A,,
hsa-miR-16-5p,ATP13A3,V,MultiMiTar,N/A,N/A,,
hsa-miR-16-5p,NTRK2,V,MultiMiTar,N/A,N/A,,
hsa-miR-16-5p,ERCC6L2,V,MultiMiTar,N/A,N/A,,
hsa-miR-16-5p,OCRL,V,MultiMiTar,N/A,N/A,,
hsa-miR-16-5p,SLC19A2,V,MultiMiTar,N/A,N/A,,
hsa-miR-16-5p,STRN,V,MultiMiTar,N/A,N/A,,
hsa-miR-16-5p,THAP2,V,MultiMiTar,N/A,N/A,,
hsa-miR-16-5p,FNBP1L,V,MultiMiTar,N/A,N/A,,
hsa-miR-16-5p,SIPA1L2,V,MultiMiTar,N/A,N/A,,
hsa-miR-16-5p,SEMA6D,V,MultiMiTar,N/A,N/A,,
hsa-miR-16-5p,PDE4A,V,MultiMiTar,N/A,N/A,,
hsa-miR-16-5p,NEGR1,V,MultiMiTar,N/A,N/A,,
hsa-miR-16-5p,ASH1L,V,MultiMiTar,N/A,N/A,,
hsa-miR-16-5p,STC1,V,MultiMiTar,N/A,N/A,,
hsa-miR-16-5p,ANKRD12,V,MultiMiTar,N/A,N/A,,
hsa-miR-16-5p,CADM1,V,MultiMiTar,N/A,N/A,,
hsa-miR-16-5p,AMOT,V,MultiMiTar,N/A,N/A,,
hsa-miR-16-5p,RCOR3,V,MultiMiTar,N/A,N/A,,
hsa-miR-16-5p,PTBP3,V,MultiMiTar,N/A,N/A,,
hsa-miR-16-5p,CDK17,V,MultiMiTar,N/A,N/A,,
hsa-miR-16-5p,KLHL18,V,MultiMiTar,N/A,N/A,,
hsa-miR-16-5p,DEDD,V,MultiMiTar,N/A,N/A,,
hsa-miR-16-5p,BRWD1,V,MultiMiTar,N/A,N/A,,
hsa-miR-16-5p,PLCB1,V,MultiMiTar,N/A,N/A,,
hsa-miR-16-5p,MOB4,V,MultiMiTar,N/A,N/A,,
hsa-miR-16-5p,SMC1A,V,MultiMiTar,N/A,N/A,,
hsa-miR-16-5p,KMT2C,V,MultiMiTar,N/A,N/A,,
hsa-miR-16-5p,LPP,V,MultiMiTar,N/A,N/A,,
hsa-miR-16-5p,KANK1,V,MultiMiTar,N/A,N/A,,
hsa-miR-16-5p,SERF2,V,MultiMiTar,N/A,N/A,,
hsa-miR-16-5p,MAP2K4,V,MultiMiTar,N/A,N/A,,
hsa-miR-16-5p,HBP1,V,MultiMiTar,N/A,N/A,,
hsa-miR-16-5p,BZW1,V,MultiMiTar,N/A,N/A,,
hsa-miR-16-5p,MAGT1,V,MultiMiTar,N/A,N/A,,
hsa-miR-16-5p,NRIP1,V,MultiMiTar,N/A,N/A,,
hsa-miR-16-5p,UBE2G1,V,MultiMiTar,N/A,N/A,,
hsa-miR-16-5p,ICA1L,V,MultiMiTar,N/A,N/A,,
hsa-miR-16-5p,EIF4A2,V,MultiMiTar,N/A,N/A,,
hsa-miR-16-5p,METAP2,V,MultiMiTar,N/A,N/A,,
hsa-miR-16-5p,RASSF5,V,MultiMiTar,N/A,N/A,,
hsa-miR-16-5p,TMOD1,V,MultiMiTar,N/A,N/A,,
hsa-miR-16-5p,KALRN,V,MultiMiTar,N/A,N/A,,
hsa-miR-16-5p,ARHGAP20,V,MultiMiTar,N/A,N/A,,
hsa-miR-16-5p,DICER1,V,MultiMiTar,N/A,N/A,,
hsa-miR-16-5p,TPR,V,MultiMiTar,N/A,N/A,,
hsa-miR-16-5p,ANKRD46,V,MultiMiTar,N/A,N/A,,
hsa-miR-16-5p,IVNS1ABP,V,MultiMiTar,N/A,N/A,,
hsa-miR-16-5p,EYA4,V,MultiMiTar,N/A,N/A,,
hsa-miR-16-5p,DACT1,V,MultiMiTar,N/A,N/A,,
hsa-miR-16-5p,SP4,V,MultiMiTar,N/A,N/A,,
hsa-miR-16-5p,MED13,V,MultiMiTar,N/A,N/A,,
hsa-miR-16-5p,UBQLN1,V,MultiMiTar,N/A,N/A,,
hsa-miR-16-5p,LARP4B,V,MultiMiTar,N/A,N/A,,
hsa-miR-16-5p,FAM155B,V,MultiMiTar,N/A,N/A,,
hsa-miR-16-5p,SLC2A3,V,MultiMiTar,N/A,N/A,,
hsa-miR-16-5p,NUFIP2,V,MultiMiTar,N/A,N/A,,
hsa-miR-16-5p,SLITRK1,V,MultiMiTar,N/A,N/A,,
hsa-miR-16-5p,NLGN1,V,MultiMiTar,N/A,N/A,,
hsa-miR-16-5p,PPP3CB,V,MultiMiTar,N/A,N/A,,
hsa-miR-16-5p,NR3C1,V,MultiMiTar,N/A,N/A,,
hsa-miR-16-5p,STAU2,V,MultiMiTar,N/A,N/A,,
hsa-miR-16-5p,MIPOL1,V,MultiMiTar,N/A,N/A,,
hsa-miR-16-5p,SNPH,V,MultiMiTar,N/A,N/A,,
hsa-miR-16-5p,PAPPA,V,MultiMiTar,N/A,N/A,,
hsa-miR-16-5p,NRP1,V,MultiMiTar,N/A,N/A,,
hsa-miR-16-5p,NSD3,V,MultiMiTar,N/A,N/A,,
hsa-miR-16-5p,ZC3H11A,V,MultiMiTar,N/A,N/A,,
hsa-miR-16-5p,PTEN,V,MultiMiTar,N/A,N/A,,
hsa-miR-16-5p,MAPRE1,V,MultiMiTar,N/A,N/A,,
hsa-miR-16-5p,ELAVL2,V,MultiMiTar,N/A,N/A,,
hsa-miR-16-5p,STXBP3,V,MultiMiTar,N/A,N/A,,
hsa-miR-16-5p,NCOA5,V,MultiMiTar,N/A,N/A,,
hsa-miR-16-5p,DCBLD2,V,MultiMiTar,N/A,N/A,,
hsa-miR-16-5p,NAB1,V,MultiMiTar,N/A,N/A,,
hsa-miR-16-5p,GAPVD1,V,MultiMiTar,N/A,N/A,,
hsa-miR-16-5p,LARP4,V,MultiMiTar,N/A,N/A,,
hsa-miR-16-5p,MMP24,V,MultiMiTar,N/A,N/A,,
hsa-miR-16-5p,ME1,V,MultiMiTar,N/A,N/A,,
hsa-miR-16-5p,EIF5A2,V,MultiMiTar,N/A,N/A,,
hsa-miR-16-5p,KHDRBS1,V,MultiMiTar,N/A,N/A,,
hsa-miR-16-5p,G3BP2,V,MultiMiTar,N/A,N/A,,
hsa-miR-16-5p,NAA50,V,MultiMiTar,N/A,N/A,,
hsa-miR-16-5p,ABCF2,V,MultiMiTar,N/A,N/A,,
hsa-miR-16-5p,GMFB,V,MultiMiTar,N/A,N/A,,
hsa-miR-16-5p,MCMBP,V,MultiMiTar,N/A,N/A,,
hsa-miR-16-5p,MAP3K3,V,MultiMiTar,N/A,N/A,,
hsa-miR-16-5p,SPTBN1,V,MultiMiTar,N/A,N/A,,
hsa-miR-16-5p,APC,V,MultiMiTar,N/A,N/A,,
hsa-miR-16-5p,GRHL2,V,MultiMiTar,N/A,N/A,,
hsa-miR-16-5p,FKBP5,V,MultiMiTar,N/A,N/A,,
hsa-miR-16-5p,HS3ST4,V,MultiMiTar,N/A,N/A,,
hsa-miR-16-5p,PLEKHA1,V,MultiMiTar,N/A,N/A,,
hsa-miR-16-5p,BHLHE22,V,MultiMiTar,N/A,N/A,,
hsa-miR-16-5p,UBR3,V,MultiMiTar,N/A,N/A,,
hsa-miR-16-5p,KDM2A,V,MultiMiTar,N/A,N/A,,
hsa-miR-16-5p,MECP2,V,MultiMiTar,N/A,N/A,,
hsa-miR-16-5p,SLC1A1,V,MultiMiTar,N/A,N/A,,
hsa-miR-16-5p,LCOR,V,MultiMiTar,N/A,N/A,,
hsa-miR-16-5p,SMARCD2,V,MultiMiTar,N/A,N/A,,
hsa-miR-16-5p,ESYT2,V,MultiMiTar,N/A,N/A,,
hsa-miR-16-5p,MAPKBP1,V,MultiMiTar,N/A,N/A,,
hsa-miR-16-5p,RUNX1T1,V,MultiMiTar,N/A,N/A,,
hsa-miR-16-5p,CAPZA2,V,MultiMiTar,N/A,N/A,,
hsa-miR-16-5p,POU4F1,V,MultiMiTar,N/A,N/A,,
hsa-miR-16-5p,CBFB,V,MultiMiTar,N/A,N/A,,
hsa-miR-16-5p,ARRDC3,V,MultiMiTar,N/A,N/A,,
hsa-miR-16-5p,FGF5,V,MultiMiTar,N/A,N/A,,
hsa-miR-16-5p,FAM219A,V,MultiMiTar,N/A,N/A,,
hsa-miR-16-5p,RAI14,V,MultiMiTar,N/A,N/A,,
hsa-miR-16-5p,PELI1,V,MultiMiTar,N/A,N/A,,
hsa-miR-16-5p,SRF,V,MultiMiTar,N/A,N/A,,
hsa-miR-16-5p,TMEM106B,V,MultiMiTar,N/A,N/A,,
hsa-miR-16-5p,GPD2,V,MultiMiTar,N/A,N/A,,
hsa-miR-16-5p,BSN,V,MultiMiTar,N/A,N/A,,
hsa-miR-16-5p,FAM222B,V,MultiMiTar,N/A,N/A,,
hsa-miR-16-5p,QRICH1,V,MultiMiTar,N/A,N/A,,
hsa-miR-16-5p,NCBP3,V,MultiMiTar,N/A,N/A,,
hsa-miR-16-5p,FAM160A1,V,MultiMiTar,N/A,N/A,,
hsa-miR-16-5p,EPB41L1,V,MultiMiTar,N/A,N/A,,
hsa-miR-16-5p,TSC22D2,V,MultiMiTar,N/A,N/A,,
hsa-miR-16-5p,IQGAP1,V,MultiMiTar,N/A,N/A,,
hsa-miR-16-5p,ZSCAN26,V,MultiMiTar,N/A,N/A,,
hsa-miR-16-5p,CACHD1,V,MultiMiTar,N/A,N/A,,
hsa-miR-16-5p,MECOM,V,MultiMiTar,N/A,N/A,,
hsa-miR-16-5p,CCNYL1,V,MultiMiTar,N/A,N/A,,
hsa-miR-16-5p,MAP4K4,V,MultiMiTar,N/A,N/A,,
hsa-miR-16-5p,PGBD5,V,MultiMiTar,N/A,N/A,,
hsa-miR-16-5p,EGLN3,V,MultiMiTar,N/A,N/A,,
hsa-miR-16-5p,TBX2,V,MultiMiTar,N/A,N/A,,
hsa-miR-16-5p,SIRT1,V,MultiMiTar,N/A,N/A,,
hsa-miR-16-5p,BAZ2A,V,MultiMiTar,N/A,N/A,,
hsa-miR-16-5p,MAP3K21,V,MultiMiTar,N/A,N/A,,
hsa-miR-16-5p,XIAP,V,MultiMiTar,N/A,N/A,,
hsa-miR-16-5p,NFIX,V,MultiMiTar,N/A,N/A,,
hsa-miR-16-5p,CSMD3,V,MultiMiTar,N/A,N/A,,
hsa-miR-16-5p,AMER1,V,MultiMiTar,N/A,N/A,,
hsa-miR-16-5p,CXCR5,V,MultiMiTar,N/A,N/A,,
hsa-miR-16-5p,LIN7C,V,MultiMiTar,N/A,N/A,,
hsa-miR-16-5p,FAM13B,V,MultiMiTar,N/A,N/A,,
hsa-miR-16-5p,CIT,V,MultiMiTar,N/A,N/A,,
hsa-miR-16-5p,LEMD3,V,MultiMiTar,N/A,N/A,,
hsa-miR-16-5p,EN2,V,MultiMiTar,N/A,N/A,,
hsa-miR-16-5p,PCDH7,V,MultiMiTar,N/A,N/A,,
hsa-miR-16-5p,FAM135A,V,MultiMiTar,N/A,N/A,,
hsa-miR-16-5p,B4GALT1,V,MultiMiTar,N/A,N/A,,
hsa-miR-16-5p,ADSS,V,MultiMiTar,N/A,N/A,,
hsa-miR-16-5p,CAV2,V,MultiMiTar,N/A,N/A,,
hsa-miR-16-5p,BLCAP,V,MultiMiTar,N/A,N/A,,
hsa-miR-16-5p,UBE2A,V,MultiMiTar,N/A,N/A,,
hsa-miR-16-5p,NTNG1,V,MultiMiTar,N/A,N/A,,
hsa-miR-16-5p,ZBTB4,V,MultiMiTar,N/A,N/A,,
hsa-miR-16-5p,MFHAS1,V,MultiMiTar,N/A,N/A,,
hsa-miR-16-5p,HOXB4,V,MultiMiTar,N/A,N/A,,
hsa-miR-16-5p,SLC12A5,V,MultiMiTar,N/A,N/A,,
hsa-miR-16-5p,MEX3C,V,MultiMiTar,N/A,N/A,,
hsa-miR-16-5p,ZIC5,V,MultiMiTar,N/A,N/A,,
hsa-miR-16-5p,UNC13B,V,MultiMiTar,N/A,N/A,,
hsa-miR-16-5p,SP1,V,MultiMiTar,N/A,N/A,,
hsa-miR-16-5p,PKM,V,MultiMiTar,N/A,N/A,,
hsa-miR-16-5p,STK39,V,MultiMiTar,N/A,N/A,,
hsa-miR-16-5p,DDX3Y,V,MultiMiTar,N/A,N/A,,
hsa-miR-16-5p,MAFK,V,MultiMiTar,N/A,N/A,,
hsa-miR-16-5p,YIPF4,V,MultiMiTar,N/A,N/A,,
hsa-miR-16-5p,LDB2,V,MultiMiTar,N/A,N/A,,
hsa-miR-16-5p,SYNDIG1,V,MultiMiTar,N/A,N/A,,
hsa-miR-16-5p,PROSER1,V,MultiMiTar,N/A,N/A,,
hsa-miR-16-5p,MAP3K7,V,MultiMiTar,N/A,N/A,,
hsa-miR-16-5p,SPRY2,V,MultiMiTar,N/A,N/A,,
hsa-miR-16-5p,SMARCAD1,V,MultiMiTar,N/A,N/A,,
hsa-miR-16-5p,FBXL20,V,MultiMiTar,N/A,N/A,,
hsa-miR-16-5p,SERP1,V,MultiMiTar,N/A,N/A,,
hsa-miR-16-5p,ZNF362,V,MultiMiTar,N/A,N/A,,
hsa-miR-16-5p,KCNK2,V,MultiMiTar,N/A,N/A,,
hsa-miR-16-5p,PURA,V,MultiMiTar,N/A,N/A,,
hsa-miR-16-5p,PAN3,V,MultiMiTar,N/A,N/A,,
hsa-miR-16-5p,SREK1,V,MultiMiTar,N/A,N/A,,
hsa-miR-16-5p,HSPA4L,V,MultiMiTar,N/A,N/A,,
hsa-miR-16-5p,GPATCH2L,V,MultiMiTar,N/A,N/A,,
hsa-miR-16-5p,NONO,V,MultiMiTar,N/A,N/A,,
hsa-miR-16-5p,DMTF1,V,MultiMiTar,N/A,N/A,,
hsa-miR-16-5p,SMARCD1,V,MultiMiTar,N/A,N/A,,
hsa-miR-16-5p,CANX,V,MultiMiTar,N/A,N/A,,
hsa-miR-16-5p,MPP5,V,MultiMiTar,N/A,N/A,,
hsa-miR-16-5p,PPM1B,V,MultiMiTar,N/A,N/A,,
hsa-miR-16-5p,SERPINH1,V,MultiMiTar,N/A,N/A,,
hsa-miR-16-5p,SLC35F1,V,MultiMiTar,N/A,N/A,,
hsa-miR-16-5p,SLC4A4,V,MultiMiTar,N/A,N/A,,
hsa-miR-16-5p,PIM1,V,MultiMiTar,N/A,N/A,,
hsa-miR-16-5p,GIT1,V,MultiMiTar,N/A,N/A,,
hsa-miR-16-5p,USP47,V,MultiMiTar,N/A,N/A,,
hsa-miR-16-5p,TCF12,V,MultiMiTar,N/A,N/A,,
hsa-miR-16-5p,TRAF7,V,MultiMiTar,N/A,N/A,,
hsa-miR-16-5p,HLTF,V,MultiMiTar,N/A,N/A,,
hsa-miR-16-5p,ZYG11B,V,MultiMiTar,N/A,N/A,,
hsa-miR-16-5p,TMTC2,V,MultiMiTar,N/A,N/A,,
hsa-miR-16-5p,RAD21,V,MultiMiTar,N/A,N/A,,
hsa-miR-16-5p,CSPG5,V,MultiMiTar,N/A,N/A,,
hsa-miR-16-5p,EDA,V,MultiMiTar,N/A,N/A,,
hsa-miR-16-5p,PCDHAC1,V,MultiMiTar,N/A,N/A,,
hsa-miR-16-5p,CTDSPL2,V,MultiMiTar,N/A,N/A,,
hsa-miR-16-5p,RHOQ,V,MultiMiTar,N/A,N/A,,
hsa-miR-16-5p,POLR3D,V,MultiMiTar,N/A,N/A,,
hsa-miR-16-5p,SPTLC1,V,MultiMiTar,N/A,N/A,,
hsa-miR-16-5p,SCN4B,V,MultiMiTar,N/A,N/A,,
hsa-miR-16-5p,CTTNBP2NL,V,MultiMiTar,N/A,N/A,,
hsa-miR-16-5p,ZCCHC2,V,MultiMiTar,N/A,N/A,,
hsa-miR-16-5p,CSNK2A1,V,MultiMiTar,N/A,N/A,,
hsa-miR-16-5p,CAPRIN1,V,MultiMiTar,N/A,N/A,,
hsa-miR-16-5p,SNX10,V,MultiMiTar,N/A,N/A,,
hsa-miR-16-5p,RALGAPA1,V,MultiMiTar,N/A,N/A,,
hsa-miR-16-5p,TRIM2,V,MultiMiTar,N/A,N/A,,
hsa-miR-16-5p,BCL2L15,V,MultiMiTar,N/A,N/A,,
hsa-miR-16-5p,SCAF11,V,MultiMiTar,N/A,N/A,,
hsa-miR-16-5p,WSB1,V,MultiMiTar,N/A,N/A,,
hsa-miR-16-5p,C5orf30,V,MultiMiTar,N/A,N/A,,
hsa-miR-16-5p,CDK16,V,MultiMiTar,N/A,N/A,,
hsa-miR-16-5p,PDGFC,V,MultiMiTar,N/A,N/A,,
hsa-miR-16-5p,CPEB1,V,MultiMiTar,N/A,N/A,,
hsa-miR-16-5p,CADM2,V,MultiMiTar,N/A,N/A,,
hsa-miR-16-5p,ZNF410,V,MultiMiTar,N/A,N/A,,
hsa-miR-16-5p,C16orf72,V,MultiMiTar,N/A,N/A,,
hsa-miR-16-5p,RBM5,V,MultiMiTar,N/A,N/A,,
hsa-miR-16-5p,RACGAP1,V,MultiMiTar,N/A,N/A,,
hsa-miR-16-5p,C11orf42,V,MultiMiTar,N/A,N/A,,
hsa-miR-16-5p,PPP1R9B,V,MultiMiTar,N/A,N/A,,
hsa-miR-16-5p,RBBP5,V,MultiMiTar,N/A,N/A,,
hsa-miR-16-5p,MATN2,V,MultiMiTar,N/A,N/A,,
hsa-miR-16-5p,EMSY,V,MultiMiTar,N/A,N/A,,
hsa-miR-16-5p,ADAMTS19,V,MultiMiTar,N/A,N/A,,
hsa-miR-16-5p,IST1,V,MultiMiTar,N/A,N/A,,
hsa-miR-16-5p,NUP62,V,MultiMiTar,N/A,N/A,,
hsa-miR-16-5p,FBXO11,V,MultiMiTar,N/A,N/A,,
hsa-miR-16-5p,FGF13,V,MultiMiTar,N/A,N/A,,
hsa-miR-16-5p,TIAL1,V,MultiMiTar,N/A,N/A,,
hsa-miR-16-5p,FGF7,V,MultiMiTar,N/A,N/A,,
hsa-miR-16-5p,SLC2A1,V,MultiMiTar,N/A,N/A,,
hsa-miR-16-5p,LIMCH1,V,MultiMiTar,N/A,N/A,,
hsa-miR-16-5p,AUTS2,V,MultiMiTar,N/A,N/A,,
hsa-miR-16-5p,RAB30,V,MultiMiTar,N/A,N/A,,
hsa-miR-16-5p,SOX5,V,MultiMiTar,N/A,N/A,,
hsa-miR-16-5p,PAPOLA,V,MultiMiTar,N/A,N/A,,
hsa-miR-16-5p,PHLDA3,V,MultiMiTar,N/A,N/A,,
hsa-miR-16-5p,PDP1,V,MultiMiTar,N/A,N/A,,
hsa-miR-16-5p,FOXP2,V,MultiMiTar,N/A,N/A,,
hsa-miR-16-5p,BTF3L4,V,MultiMiTar,N/A,N/A,,
hsa-miR-16-5p,CDH11,V,MultiMiTar,N/A,N/A,,
hsa-miR-16-5p,TRAPPC3,V,MultiMiTar,N/A,N/A,,
hsa-miR-16-5p,RBBP6,V,MultiMiTar,N/A,N/A,,
hsa-miR-16-5p,C18orf32,V,MultiMiTar,N/A,N/A,,
hsa-miR-16-5p,ANKRD34A,V,MultiMiTar,N/A,N/A,,
hsa-miR-16-5p,SPRED1,V,MultiMiTar,N/A,N/A,,
hsa-miR-16-5p,PRKCG,V,MultiMiTar,N/A,N/A,,
hsa-miR-16-5p,BRPF1,V,MultiMiTar,N/A,N/A,,
hsa-miR-16-5p,MTDH,V,MultiMiTar,N/A,N/A,,
hsa-miR-16-5p,BIRC6,V,MultiMiTar,N/A,N/A,,
hsa-miR-16-5p,HCN1,V,MultiMiTar,N/A,N/A,,
hsa-miR-16-5p,SLAIN1,V,MultiMiTar,N/A,N/A,,
hsa-miR-16-5p,SP5,V,MultiMiTar,N/A,N/A,,
hsa-miR-16-5p,RHOA,V,MultiMiTar,N/A,N/A,,
hsa-miR-16-5p,STAU1,V,MultiMiTar,N/A,N/A,,
hsa-miR-16-5p,CACNA2D2,V,MultiMiTar,N/A,N/A,,
hsa-miR-16-5p,HOXB3,V,MultiMiTar,N/A,N/A,,
hsa-miR-16-5p,UNC79,V,MultiMiTar,N/A,N/A,,
hsa-miR-16-5p,PLAGL1,V,MultiMiTar,N/A,N/A,,
hsa-miR-16-5p,ARGLU1,V,MultiMiTar,N/A,N/A,,
hsa-miR-16-5p,ZNF207,V,MultiMiTar,N/A,N/A,,
hsa-miR-16-5p,FZD3,V,MultiMiTar,N/A,N/A,,
hsa-miR-16-5p,PTPN1,V,MultiMiTar,N/A,N/A,,
hsa-miR-16-5p,RCOR1,V,MultiMiTar,N/A,N/A,,
hsa-miR-16-5p,HECTD1,V,MultiMiTar,N/A,N/A,,
hsa-miR-16-5p,HDGFL3,V,MultiMiTar,N/A,N/A,,
hsa-miR-16-5p,GALNTL6,V,MultiMiTar,N/A,N/A,,
hsa-miR-16-5p,FAM120C,V,MultiMiTar,N/A,N/A,,
hsa-miR-16-5p,UHRF2,V,MultiMiTar,N/A,N/A,,
hsa-miR-16-5p,ZNF385B,V,MultiMiTar,N/A,N/A,,
hsa-miR-16-5p,MAP3K12,V,MultiMiTar,N/A,N/A,,
hsa-miR-16-5p,USP34,V,MultiMiTar,N/A,N/A,,
hsa-miR-16-5p,NUDT3,V,MultiMiTar,N/A,N/A,,
hsa-miR-16-5p,ACLY,V,MultiMiTar,N/A,N/A,,
hsa-miR-16-5p,MEIS2,V,MultiMiTar,N/A,N/A,,
hsa-miR-16-5p,CAMK2N1,V,MultiMiTar,N/A,N/A,,
hsa-miR-16-5p,ATP2B2,V,MultiMiTar,N/A,N/A,,
hsa-miR-16-5p,HIPK1,V,MultiMiTar,N/A,N/A,,
hsa-miR-16-5p,TMEM87A,V,MultiMiTar,N/A,N/A,,
hsa-miR-16-5p,PPP6C,V,MultiMiTar,N/A,N/A,,
hsa-miR-16-5p,MYH10,V,MultiMiTar,N/A,N/A,,
hsa-miR-16-5p,WDFY3,V,MultiMiTar,N/A,N/A,,
hsa-miR-16-5p,ZDHHC17,V,MultiMiTar,N/A,N/A,,
hsa-miR-16-5p,SLC10A7,V,MultiMiTar,N/A,N/A,,
hsa-miR-16-5p,SIAH1,V,MultiMiTar,N/A,N/A,,
hsa-miR-16-5p,CALU,V,MultiMiTar,N/A,N/A,,
hsa-miR-16-5p,CTNND2,V,MultiMiTar,N/A,N/A,,
hsa-miR-16-5p,CHD9,V,MultiMiTar,N/A,N/A,,
hsa-miR-16-5p,VWA8,V,MultiMiTar,N/A,N/A,,
hsa-miR-16-5p,MINDY2,V,MultiMiTar,N/A,N/A,,
hsa-miR-16-5p,MAPK4,V,MultiMiTar,N/A,N/A,,
hsa-miR-16-5p,ITSN1,V,MultiMiTar,N/A,N/A,,
hsa-miR-16-5p,SOBP,V,MultiMiTar,N/A,N/A,,
hsa-miR-16-5p,WNT2B,V,MultiMiTar,N/A,N/A,,
hsa-miR-16-5p,OLR1,V,MultiMiTar,N/A,N/A,,
hsa-miR-16-5p,NBEA,V,MultiMiTar,N/A,N/A,,
hsa-miR-16-5p,NOL4,V,MultiMiTar,N/A,N/A,,
hsa-miR-16-5p,CMPK1,V,MultiMiTar,N/A,N/A,,
hsa-miR-16-5p,ZNF614,V,MultiMiTar,N/A,N/A,,
hsa-miR-16-5p,TBC1D10B,V,MultiMiTar,N/A,N/A,,
hsa-miR-16-5p,ZNF462,V,MultiMiTar,N/A,N/A,,
hsa-miR-16-5p,ZDHHC3,V,MultiMiTar,N/A,N/A,,
hsa-miR-16-5p,UBE2Z,V,MultiMiTar,N/A,N/A,,
hsa-miR-16-5p,SERPINE1,V,MultiMiTar,N/A,N/A,,
hsa-miR-16-5p,SYNCRIP,V,MultiMiTar,N/A,N/A,,
hsa-miR-16-5p,CACNB2,V,MultiMiTar,N/A,N/A,,
hsa-miR-16-5p,TXLNG,V,MultiMiTar,N/A,N/A,,
hsa-miR-16-5p,NFATC3,V,MultiMiTar,N/A,N/A,,
hsa-miR-16-5p,SYNRG,V,MultiMiTar,N/A,N/A,,
hsa-miR-16-5p,RGL1,V,MultiMiTar,N/A,N/A,,
hsa-miR-16-5p,ERC2,V,MultiMiTar,N/A,N/A,,
hsa-miR-16-5p,SNX13,V,MultiMiTar,N/A,N/A,,
hsa-miR-16-5p,PHF20L1,V,MultiMiTar,N/A,N/A,,
hsa-miR-16-5p,KIF1C,V,MultiMiTar,N/A,N/A,,
hsa-miR-16-5p,MED1,V,MultiMiTar,N/A,N/A,,
hsa-miR-16-5p,PIGH,V,MultiMiTar,N/A,N/A,,
hsa-miR-16-5p,GDA,V,MultiMiTar,N/A,N/A,,
hsa-miR-16-5p,AHCYL1,V,MultiMiTar,N/A,N/A,,
hsa-miR-16-5p,COPS2,V,MultiMiTar,N/A,N/A,,
hsa-miR-16-5p,SEL1L3,V,MultiMiTar,N/A,N/A,,
hsa-miR-16-5p,PLXDC2,V,MultiMiTar,N/A,N/A,,
hsa-miR-16-5p,USP42,V,MultiMiTar,N/A,N/A,,
hsa-miR-16-5p,PRDM4,V,MultiMiTar,N/A,N/A,,
hsa-miR-16-5p,GABRG2,V,MultiMiTar,N/A,N/A,,
hsa-miR-16-5p,FBXO21,V,PACCMIT,N/A,N/A,,
hsa-miR-16-5p,PAPPA,V,PACCMIT,N/A,N/A,,
hsa-miR-16-5p,LUZP1,V,PACCMIT,N/A,N/A,,
hsa-miR-16-5p,NAA25,V,PACCMIT,N/A,N/A,,
hsa-miR-16-5p,UBN2,V,PACCMIT,N/A,N/A,,
hsa-miR-16-5p,NUP50,V,PACCMIT,N/A,N/A,,
hsa-miR-16-5p,CDC25A,V,PACCMIT,N/A,N/A,,
hsa-miR-16-5p,GABBR1,V,PACCMIT,N/A,N/A,,
hsa-miR-16-5p,UBXN10,V,PACCMIT,N/A,N/A,,
hsa-miR-16-5p,BHLHE41,V,PACCMIT,N/A,N/A,,
hsa-miR-16-5p,PAFAH1B1,V,PACCMIT,N/A,N/A,,
hsa-miR-16-5p,DEDD,V,PACCMIT,N/A,N/A,,
hsa-miR-16-5p,KCNJ2,V,PicTar,N/A,N/A,,
hsa-miR-16-5p,PAFAH1B1,V,PicTar,N/A,N/A,,
hsa-miR-16-5p,PAPPA,V,PicTar,N/A,N/A,,
hsa-miR-16-5p,USP15,V,PicTar,N/A,N/A,,
hsa-miR-16-5p,SLC12A2,V,PicTar,N/A,N/A,,
hsa-miR-16-5p,MYB,V,PicTar,N/A,N/A,,
hsa-miR-16-5p,SNTB2,V,PicTar,N/A,N/A,,
hsa-miR-16-5p,AKT3,V,PicTar,N/A,N/A,,
hsa-miR-16-5p,OGT,V,PicTar,N/A,N/A,,
hsa-miR-16-5p,FGF7,V,PicTar,N/A,N/A,,
hsa-miR-16-5p,GREB1L,V,PicTar,N/A,N/A,,
hsa-miR-16-5p,BHLHE41,V,PicTar,N/A,N/A,,
hsa-miR-16-5p,PLAG1,V,PicTar,N/A,N/A,,
hsa-miR-16-5p,CPEB2,V,PicTar,N/A,N/A,,
hsa-miR-16-5p,CSNK1G1,V,PicTar,N/A,N/A,,
hsa-miR-16-5p,EDA,V,PicTar,N/A,N/A,,
hsa-miR-16-5p,CCND2,V,PicTar,N/A,N/A,,
hsa-miR-16-5p,STXBP3,V,PicTar,N/A,N/A,,
hsa-miR-16-5p,PPM1E,V,PicTar,N/A,N/A,,
hsa-miR-16-5p,NFE2L1,V,PicTar,N/A,N/A,,
hsa-miR-16-5p,PPP6C,V,PicTar,N/A,N/A,,
hsa-miR-16-5p,NRP2,V,PicTar,N/A,N/A,,
hsa-miR-16-5p,ADAMTS5,V,PicTar,N/A,N/A,,
hsa-miR-16-5p,MOB4,V,PicTar,N/A,N/A,,
hsa-miR-16-5p,LRP6,V,PicTar,N/A,N/A,,
hsa-miR-16-5p,UBR3,V,PicTar,N/A,N/A,,
hsa-miR-16-5p,WSB1,V,PicTar,N/A,N/A,,
hsa-miR-16-5p,RBBP6,V,PicTar,N/A,N/A,,
hsa-miR-16-5p,PLXNA2,V,PicTar,N/A,N/A,,
hsa-miR-16-5p,SLC2A14,V,PicTar,N/A,N/A,,
hsa-miR-16-5p,CTDSPL,V,PicTar,N/A,N/A,,
hsa-miR-16-5p,DYRK1A,V,PicTar,N/A,N/A,,
hsa-miR-16-5p,RAB10,V,PicTar,N/A,N/A,,
hsa-miR-16-5p,SMURF2,V,PicTar,N/A,N/A,,
hsa-miR-16-5p,SLC4A4,V,PicTar,N/A,N/A,,
hsa-miR-16-5p,QKI,V,PicTar,N/A,N/A,,
hsa-miR-16-5p,BACE2,V,PicTar,N/A,N/A,,
hsa-miR-16-5p,C16orf72,V,PicTar,N/A,N/A,,
hsa-miR-16-5p,COPS2,V,PicTar,N/A,N/A,,
hsa-miR-16-5p,PRDM4,V,PicTar,N/A,N/A,,
hsa-miR-16-5p,SEMA6D,V,PicTar,N/A,N/A,,
hsa-miR-16-5p,EFNB2,V,PicTar,N/A,N/A,,
hsa-miR-16-5p,HSPA4L,V,PicTar,N/A,N/A,,
hsa-miR-16-5p,PCDHAC1,V,PicTar,N/A,N/A,,
hsa-miR-16-5p,CCNT2,V,PicTar,N/A,N/A,,
hsa-miR-16-5p,ZCCHC2,V,PicTar,N/A,N/A,,
hsa-miR-16-5p,RNF111,V,PicTar,N/A,N/A,,
hsa-miR-16-5p,C1orf21,V,PicTar,N/A,N/A,,
hsa-miR-16-5p,BPTF,V,PicTar,N/A,N/A,,
hsa-miR-16-5p,BCL9,V,PicTar,N/A,N/A,,
hsa-miR-16-5p,BDNF,V,PicTar,N/A,N/A,,
hsa-miR-16-5p,SOX5,V,PicTar,N/A,N/A,,
hsa-miR-16-5p,E2F3,V,PicTar,N/A,N/A,,
hsa-miR-16-5p,NFATC3,V,PicTar,N/A,N/A,,
hsa-miR-16-5p,BACH2,V,PicTar,N/A,N/A,,
hsa-miR-16-5p,MIPOL1,V,PicTar,N/A,N/A,,
hsa-miR-16-5p,PLEKHA1,V,PicTar,N/A,N/A,,
hsa-miR-16-5p,SOBP,V,PicTar,N/A,N/A,,
hsa-miR-16-5p,CHD9,V,PicTar,N/A,N/A,,
hsa-miR-16-5p,CDK17,V,PicTar,N/A,N/A,,
hsa-miR-16-5p,CMPK1,V,PicTar,N/A,N/A,,
hsa-miR-16-5p,YWHAQ,V,PicTar,N/A,N/A,,
hsa-miR-16-5p,PPP2R5C,V,PicTar,N/A,N/A,,
hsa-miR-16-5p,PIM1,V,PicTar,N/A,N/A,,
hsa-miR-16-5p,LAMC1,V,PicTar,N/A,N/A,,
hsa-miR-16-5p,MAP2K4,V,PicTar,N/A,N/A,,
hsa-miR-16-5p,HECTD1,V,PicTar,N/A,N/A,,
hsa-miR-16-5p,TSC22D2,V,PicTar,N/A,N/A,,
hsa-miR-16-5p,PCDH9,V,PicTar,N/A,N/A,,
hsa-miR-16-5p,SERBP1,V,PicTar,N/A,N/A,,
hsa-miR-16-5p,CREBRF,V,PicTar,N/A,N/A,,
hsa-miR-16-5p,NLGN1,V,PicTar,N/A,N/A,,
hsa-miR-16-5p,WDR47,V,PicTar,N/A,N/A,,
hsa-miR-16-5p,CDK5R1,V,PicTar,N/A,N/A,,
hsa-miR-16-5p,RASSF5,V,PicTar,N/A,N/A,,
hsa-miR-16-5p,CCNYL1,V,PicTar,N/A,N/A,,
hsa-miR-16-5p,SIAH1,V,PicTar,N/A,N/A,,
hsa-miR-16-5p,EIF4E,V,PicTar,N/A,N/A,,
hsa-miR-16-5p,SIPA1L2,V,PicTar,N/A,N/A,,
hsa-miR-16-5p,ATP13A3,V,PicTar,N/A,N/A,,
hsa-miR-16-5p,ELL2,V,PicTar,N/A,N/A,,
hsa-miR-16-5p,KANK1,V,PicTar,N/A,N/A,,
hsa-miR-16-5p,ERC2,V,PicTar,N/A,N/A,,
hsa-miR-16-5p,RUNX1T1,V,PicTar,N/A,N/A,,
hsa-miR-16-5p,ARID1A,V,PicTar,N/A,N/A,,
hsa-miR-16-5p,ARHGAP20,V,PicTar,N/A,N/A,,
hsa-miR-16-5p,NAA25,V,PicTar,N/A,N/A,,
hsa-miR-16-5p,E2F7,V,PicTar,N/A,N/A,,
hsa-miR-16-5p,RNF111,V,TargetRank,N/A,N/A,,
hsa-miR-16-5p,CHST3,V,TargetRank,N/A,N/A,,
hsa-miR-16-5p,SMAD5,V,TargetRank,N/A,N/A,,
hsa-miR-16-5p,EDA,V,TargetRank,N/A,N/A,,
hsa-miR-16-5p,CPEB2,V,TargetRank,N/A,N/A,,
hsa-miR-16-5p,SYPL1,V,TargetRank,N/A,N/A,,
hsa-miR-16-5p,HAUS3,V,TargetRank,N/A,N/A,,
hsa-miR-16-5p,PDP1,V,TargetRank,N/A,N/A,,
hsa-miR-16-5p,MYBL1,V,TargetRank,N/A,N/A,,
hsa-miR-16-5p,CEMIP,V,TargetRank,N/A,N/A,,
hsa-miR-16-5p,CLCN3,V,TargetRank,N/A,N/A,,
hsa-miR-16-5p,CLCN5,V,TargetRank,N/A,N/A,,
hsa-miR-16-5p,RAPH1,V,TargetRank,N/A,N/A,,
hsa-miR-16-5p,OCRL,V,TargetRank,N/A,N/A,,
hsa-miR-16-5p,PDK4,V,TargetRank,N/A,N/A,,
hsa-miR-16-5p,RSBN1,V,TargetRank,N/A,N/A,,
hsa-miR-16-5p,NTRK2,V,TargetRank,N/A,N/A,,
hsa-miR-16-5p,ARHGAP20,V,TargetRank,N/A,N/A,,
hsa-miR-16-5p,RASSF5,V,TargetRank,N/A,N/A,,
hsa-miR-16-5p,CHD2,V,TargetRank,N/A,N/A,,
hsa-miR-16-5p,VPS13D,V,TargetRank,N/A,N/A,,
hsa-miR-16-5p,TMEM255A,V,TargetRank,N/A,N/A,,
hsa-miR-16-5p,RBSN,V,TargetRank,N/A,N/A,,
hsa-miR-16-5p,PPP3CB,V,TargetRank,N/A,N/A,,
hsa-miR-16-5p,ICMT,V,TargetRank,N/A,N/A,,
hsa-miR-16-5p,RAB3IP,V,TargetRank,N/A,N/A,,
hsa-miR-16-5p,UNC5D,V,TargetRank,N/A,N/A,,
hsa-miR-16-5p,TMCC1,V,TargetRank,N/A,N/A,,
hsa-miR-16-5p,RUNX1T1,V,TargetRank,N/A,N/A,,
hsa-miR-16-5p,RAD23B,V,TargetRank,N/A,N/A,,
hsa-miR-16-5p,LUZP1,V,TargetRank,N/A,N/A,,
hsa-miR-16-5p,BDNF,V,TargetRank,N/A,N/A,,
hsa-miR-16-5p,TET3,V,TargetRank,N/A,N/A,,
hsa-miR-16-5p,GRPR,V,TargetRank,N/A,N/A,,
hsa-miR-16-5p,BTAF1,V,TargetRank,N/A,N/A,,
hsa-miR-16-5p,PLXNA2,V,TargetRank,N/A,N/A,,
hsa-miR-16-5p,SLC38A9,V,TargetRank,N/A,N/A,,
hsa-miR-16-5p,REEP1,V,TargetRank,N/A,N/A,,
hsa-miR-16-5p,WWC1,V,TargetRank,N/A,N/A,,
hsa-miR-16-5p,ZC3H11A,V,TargetRank,N/A,N/A,,
hsa-miR-16-5p,YAP1,V,TargetRank,N/A,N/A,,
hsa-miR-16-5p,RBM12,V,TargetRank,N/A,N/A,,
hsa-miR-16-5p,ZNRF2,V,TargetRank,N/A,N/A,,
hsa-miR-16-5p,NFASC,V,TargetRank,N/A,N/A,,
hsa-miR-16-5p,KCNMA1,V,TargetRank,N/A,N/A,,
hsa-miR-16-5p,NAA25,V,TargetRank,N/A,N/A,,
hsa-miR-16-5p,BCL11B,V,TargetRank,N/A,N/A,,
hsa-miR-16-5p,JRK,V,TargetRank,N/A,N/A,,
hsa-miR-16-5p,MOB3B,V,TargetRank,N/A,N/A,,
hsa-miR-16-5p,ZCCHC2,V,TargetRank,N/A,N/A,,
hsa-miR-16-5p,ACTR2,V,TargetRank,N/A,N/A,,
hsa-miR-16-5p,CDK5R1,V,TargetRank,N/A,N/A,,
hsa-miR-16-5p,SEL1L3,V,TargetRank,N/A,N/A,,
hsa-miR-16-5p,ANKRD46,V,TargetRank,N/A,N/A,,
hsa-miR-16-5p,SLC5A3,V,TargetRank,N/A,N/A,,
hsa-miR-16-5p,RAPGEFL1,V,TargetRank,N/A,N/A,,
hsa-miR-16-5p,JADE2,V,TargetRank,N/A,N/A,,
hsa-miR-16-5p,RACGAP1,V,TargetRank,N/A,N/A,,
hsa-miR-16-5p,PLEKHA1,V,TargetRank,N/A,N/A,,
hsa-miR-16-5p,CENPN,V,TargetRank,N/A,N/A,,
hsa-miR-16-5p,BZW1,V,TargetRank,N/A,N/A,,
hsa-miR-16-5p,ADAMTS5,V,TargetRank,N/A,N/A,,
hsa-miR-16-5p,EXOC5,V,TargetRank,N/A,N/A,,
hsa-miR-16-5p,AP3M1,V,TargetRank,N/A,N/A,,
hsa-miR-16-5p,VEGFA,V,TargetRank,N/A,N/A,,
hsa-miR-16-5p,ZKSCAN8,V,TargetRank,N/A,N/A,,
hsa-miR-16-5p,TTPAL,V,TargetRank,N/A,N/A,,
hsa-miR-16-5p,FGF7,V,TargetRank,N/A,N/A,,
hsa-miR-16-5p,MAP3K3,V,TargetRank,N/A,N/A,,
hsa-miR-16-5p,SEMA6D,V,TargetRank,N/A,N/A,,
hsa-miR-16-5p,RCOR1,V,TargetRank,N/A,N/A,,
hsa-miR-16-5p,E2F7,V,TargetRank,N/A,N/A,,
hsa-miR-16-5p,KMT2C,V,TargetRank,N/A,N/A,,
hsa-miR-16-5p,PLAGL1,V,TargetRank,N/A,N/A,,
hsa-miR-16-5p,KMT2B,V,TargetRank,N/A,N/A,,
hsa-miR-16-5p,KMT2D,V,TargetRank,N/A,N/A,,
hsa-miR-16-5p,SLC2A3,V,TargetRank,N/A,N/A,,
hsa-miR-16-5p,KCNK5,V,TargetRank,N/A,N/A,,
hsa-miR-16-5p,SLC1A2,V,TargetRank,N/A,N/A,,
hsa-miR-16-5p,BHLHE41,V,TargetRank,N/A,N/A,,
hsa-miR-16-5p,KALRN,V,TargetRank,N/A,N/A,,
hsa-miR-16-5p,CDK17,V,TargetRank,N/A,N/A,,
hsa-miR-16-5p,BRWD1,V,TargetRank,N/A,N/A,,
hsa-miR-16-5p,TRIM35,V,TargetRank,N/A,N/A,,
hsa-miR-16-5p,MAFK,V,TargetRank,N/A,N/A,,
hsa-miR-16-5p,KHNYN,V,TargetRank,N/A,N/A,,
hsa-miR-16-5p,EYA4,V,TargetRank,N/A,N/A,,
hsa-miR-16-5p,GALC,V,TargetRank,N/A,N/A,,
hsa-miR-16-5p,NUP50,V,TargetRank,N/A,N/A,,
hsa-miR-16-5p,CREBL2,V,TargetRank,N/A,N/A,,
hsa-miR-16-5p,MASP1,V,TargetRank,N/A,N/A,,
hsa-miR-16-5p,YOD1,V,TargetRank,N/A,N/A,,
hsa-miR-16-5p,SYNDIG1,V,TargetRank,N/A,N/A,,
hsa-miR-16-5p,E2F3,V,TargetRank,N/A,N/A,,
hsa-miR-16-5p,THAP6,V,TargetRank,N/A,N/A,,
hsa-miR-16-5p,ZNF609,V,TargetRank,N/A,N/A,,
hsa-miR-16-5p,THAP2,V,TargetRank,N/A,N/A,,
hsa-miR-16-5p,SHROOM4,V,TargetRank,N/A,N/A,,
hsa-miR-16-5p,AMER1,V,TargetRank,N/A,N/A,,
hsa-miR-16-5p,ATP7A,V,TargetRank,N/A,N/A,,
hsa-miR-16-5p,ASTN1,V,TargetRank,N/A,N/A,,
hsa-miR-16-5p,ZBTB41,V,TargetRank,N/A,N/A,,
hsa-miR-16-5p,CCDC6,V,TargetRank,N/A,N/A,,
hsa-miR-16-5p,HMGA1,V,TargetRank,N/A,N/A,,
hsa-miR-16-5p,BCL2L2,V,TargetRank,N/A,N/A,,
hsa-miR-16-5p,CTDSPL,V,TargetRank,N/A,N/A,,
hsa-miR-16-5p,DCBLD2,V,TargetRank,N/A,N/A,,
hsa-miR-16-5p,RAB10,V,TargetRank,N/A,N/A,,
hsa-miR-16-5p,GALNT7,V,TargetRank,N/A,N/A,,
hsa-miR-16-5p,SARM1,V,TargetRank,N/A,N/A,,
hsa-miR-16-5p,IHH,V,TargetRank,N/A,N/A,,
hsa-miR-16-5p,ABI2,V,TargetRank,N/A,N/A,,
hsa-miR-16-5p,RYBP,V,TargetRank,N/A,N/A,,
hsa-miR-16-5p,QKI,V,TargetRank,N/A,N/A,,
hsa-miR-16-5p,ADCY1,V,TargetRank,N/A,N/A,,
hsa-miR-16-5p,CCND2,V,TargetRank,N/A,N/A,,
hsa-miR-16-5p,SMARCD2,V,TargetRank,N/A,N/A,,
hsa-miR-16-5p,PRPF38A,V,TargetRank,N/A,N/A,,
hsa-miR-16-5p,LSM11,V,TargetRank,N/A,N/A,,
hsa-miR-16-5p,UNC13A,V,TargetRank,N/A,N/A,,
hsa-miR-16-5p,ENTPD1,V,TargetRank,N/A,N/A,,
hsa-miR-16-5p,MYB,V,TargetRank,N/A,N/A,,
hsa-miR-16-5p,PPP2R5C,V,TargetRank,N/A,N/A,,
hsa-miR-16-5p,AKT3,V,TargetRank,N/A,N/A,,
hsa-miR-16-5p,PRDM4,V,TargetRank,N/A,N/A,,
hsa-miR-16-5p,MOB4,V,TargetRank,N/A,N/A,,
hsa-miR-16-5p,FBXO21,V,TargetRank,N/A,N/A,,
hsa-miR-16-5p,CD40,V,TargetRank,N/A,N/A,,
hsa-miR-16-5p,TPM3,V,TargetRank,N/A,N/A,,
hsa-miR-16-5p,PRRC2C,V,TargetRank,N/A,N/A,,
hsa-miR-16-5p,RAP1GAP2,V,TargetRank,N/A,N/A,,
hsa-miR-16-5p,VSIR,V,TargetRank,N/A,N/A,,
hsa-miR-16-5p,NF1,V,TargetRank,N/A,N/A,,
hsa-miR-16-5p,KIAA1456,V,TargetRank,N/A,N/A,,
hsa-miR-16-5p,UBN2,V,TargetRank,N/A,N/A,,
hsa-miR-16-5p,RNF165,V,TargetRank,N/A,N/A,,
hsa-miR-16-5p,PCGF5,V,TargetRank,N/A,N/A,,
hsa-miR-16-5p,NFS1,V,TargetRank,N/A,N/A,,
hsa-miR-16-5p,PPP1R12B,V,TargetRank,N/A,N/A,,
hsa-miR-16-5p,VWA8,V,TargetRank,N/A,N/A,,
hsa-miR-16-5p,DDX3Y,V,TargetRank,N/A,N/A,,
hsa-miR-16-5p,DDX3X,V,TargetRank,N/A,N/A,,
hsa-miR-16-5p,ZDHHC22,V,TargetRank,N/A,N/A,,
hsa-miR-16-5p,KATNAL1,V,TargetRank,N/A,N/A,,
hsa-miR-16-5p,ARPP19,V,TargetScan,N/A,N/A,,
hsa-miR-16-5p,ASH1L,V,TargetScan,N/A,N/A,,
hsa-miR-16-5p,ARL2,V,TargetScan,N/A,N/A,,
hsa-miR-16-5p,BZW1,V,TargetScan,N/A,N/A,,
hsa-miR-16-5p,CCNT2,V,TargetScan,N/A,N/A,,
hsa-miR-16-5p,CDK5R1,V,TargetScan,N/A,N/A,,
hsa-miR-16-5p,EPHA7,V,TargetScan,N/A,N/A,,
hsa-miR-16-5p,DDX3Y,V,TargetScan,N/A,N/A,,
hsa-miR-16-5p,HMGA1,V,TargetScan,N/A,N/A,,
hsa-miR-16-5p,IPO7,V,TargetScan,N/A,N/A,,
hsa-miR-16-5p,IARS,V,TargetScan,N/A,N/A,,
hsa-miR-16-5p,IHH,V,TargetScan,N/A,N/A,,
hsa-miR-16-5p,MIPOL1,V,TargetScan,N/A,N/A,,
hsa-miR-16-5p,PLEKHA1,V,TargetScan,N/A,N/A,,
hsa-miR-16-5p,PDK4,V,TargetScan,N/A,N/A,,
hsa-miR-16-5p,QKI,V,TargetScan,N/A,N/A,,
hsa-miR-16-5p,RAD23B,V,TargetScan,N/A,N/A,,
hsa-miR-16-5p,RBBP6,V,TargetScan,N/A,N/A,,
hsa-miR-16-5p,SLC9A6,V,TargetScan,N/A,N/A,,
hsa-miR-16-5p,SLC2A3,V,TargetScan,N/A,N/A,,
hsa-miR-16-5p,SOBP,V,TargetScan,N/A,N/A,,
hsa-miR-16-5p,TMEM255A,V,TargetScan,N/A,N/A,,
hsa-miR-16-5p,USP42,V,TargetScan,N/A,N/A,,
hsa-miR-16-5p,ZCCHC3,V,TargetScan,N/A,N/A,,
hsa-miR-16-5p,ZNF362,V,TargetScan,N/A,N/A,,
hsa-miR-16-5p,AP2A1,V,TargetScan,N/A,N/A,,
hsa-miR-16-5p,C16orf72,V,TargetScan,N/A,N/A,,
hsa-miR-16-5p,COPS2,V,TargetScan,N/A,N/A,,
hsa-miR-16-5p,CMPK1,V,TargetScan,N/A,N/A,,
hsa-miR-16-5p,DMTF1,V,TargetScan,N/A,N/A,,
hsa-miR-16-5p,E2F3,V,TargetScan,N/A,N/A,,
hsa-miR-16-5p,DPY19L4,V,TargetScan,N/A,N/A,,
hsa-miR-16-5p,FAM135A,V,TargetScan,N/A,N/A,,
hsa-miR-16-5p,FBXO21,V,TargetScan,N/A,N/A,,
hsa-miR-16-5p,FGF7,V,TargetScan,N/A,N/A,,
hsa-miR-16-5p,FZD6,V,TargetScan,N/A,N/A,,
hsa-miR-16-5p,GALNT1,V,TargetScan,N/A,N/A,,
hsa-miR-16-5p,GRAMD2B,V,TargetScan,N/A,N/A,,
hsa-miR-16-5p,HELZ,V,TargetScan,N/A,N/A,,
hsa-miR-16-5p,HSPA4L,V,TargetScan,N/A,N/A,,
hsa-miR-16-5p,KCNJ2,V,TargetScan,N/A,N/A,,
hsa-miR-16-5p,KANK1,V,TargetScan,N/A,N/A,,
hsa-miR-16-5p,PPP6C,V,TargetScan,N/A,N/A,,
hsa-miR-16-5p,PIM1,V,TargetScan,N/A,N/A,,
hsa-miR-16-5p,PRDM4,V,TargetScan,N/A,N/A,,
hsa-miR-16-5p,RNF125,V,TargetScan,N/A,N/A,,
hsa-miR-16-5p,SPTLC1,V,TargetScan,N/A,N/A,,
hsa-miR-16-5p,SMURF2,V,TargetScan,N/A,N/A,,
hsa-miR-16-5p,TMEM178B,V,TargetScan,N/A,N/A,,
hsa-miR-16-5p,TSC22D2,V,TargetScan,N/A,N/A,,
hsa-miR-16-5p,YAP1,V,TargetScan,N/A,N/A,,
hsa-miR-16-5p,YWHAQ,V,TargetScan,N/A,N/A,,
hsa-miR-16-5p,B4GALT1,V,TargetScan,N/A,N/A,,
hsa-miR-16-5p,CCNYL1,V,TargetScan,N/A,N/A,,
hsa-miR-16-5p,ACTR2,V,TargetScan,N/A,N/A,,
hsa-miR-16-5p,ACVR2B,V,TargetScan,N/A,N/A,,
hsa-miR-16-5p,AKT3,V,TargetScan,N/A,N/A,,
hsa-miR-16-5p,CEP55,V,TargetScan,N/A,N/A,,
hsa-miR-16-5p,CPEB2,V,TargetScan,N/A,N/A,,
hsa-miR-16-5p,E2F7,V,TargetScan,N/A,N/A,,
hsa-miR-16-5p,HECTD1,V,TargetScan,N/A,N/A,,
hsa-miR-16-5p,IST1,V,TargetScan,N/A,N/A,,
hsa-miR-16-5p,LHX1,V,TargetScan,N/A,N/A,,
hsa-miR-16-5p,MYBL1,V,TargetScan,N/A,N/A,,
hsa-miR-16-5p,PAFAH1B1,V,TargetScan,N/A,N/A,,
hsa-miR-16-5p,PCDHAC1,V,TargetScan,N/A,N/A,,
hsa-miR-16-5p,PLAG1,V,TargetScan,N/A,N/A,,
hsa-miR-16-5p,PPP2R5C,V,TargetScan,N/A,N/A,,
hsa-miR-16-5p,SEMA6D,V,TargetScan,N/A,N/A,,
hsa-miR-16-5p,RUNX1T1,V,TargetScan,N/A,N/A,,
hsa-miR-16-5p,SIAH1,V,TargetScan,N/A,N/A,,
hsa-miR-16-5p,SRSF11,V,TargetScan,N/A,N/A,,
hsa-miR-16-5p,SSR1,V,TargetScan,N/A,N/A,,
hsa-miR-16-5p,SYNDIG1,V,TargetScan,N/A,N/A,,
hsa-miR-16-5p,VMA21,V,TargetScan,N/A,N/A,,
hsa-miR-16-5p,UBE2V1,V,TargetScan,N/A,N/A,,
hsa-miR-16-5p,ANXA11,V,TargetScan,N/A,N/A,,
hsa-miR-16-5p,C1orf21,V,TargetScan,N/A,N/A,,
hsa-miR-16-5p,BTAF1,V,TargetScan,N/A,N/A,,
hsa-miR-16-5p,ARL3,V,TargetScan,N/A,N/A,,
hsa-miR-16-5p,BDNF,V,TargetScan,N/A,N/A,,
hsa-miR-16-5p,CAPZA2,V,TargetScan,N/A,N/A,,
hsa-miR-16-5p,CDK17,V,TargetScan,N/A,N/A,,
hsa-miR-16-5p,MAFK,V,TargetScan,N/A,N/A,,
hsa-miR-16-5p,MYB,V,TargetScan,N/A,N/A,,
hsa-miR-16-5p,MOB4,V,TargetScan,N/A,N/A,,
hsa-miR-16-5p,SLC2A14,V,TargetScan,N/A,N/A,,
hsa-miR-16-5p,SPRED1,V,TargetScan,N/A,N/A,,
hsa-miR-16-5p,TENM2,V,TargetScan,N/A,N/A,,
hsa-miR-16-5p,VEGFA,V,TargetScan,N/A,N/A,,
hsa-miR-16-5p,ABCF1,V,TargetScan,N/A,N/A,,
hsa-miR-16-5p,ABL2,V,TargetScan,N/A,N/A,,
hsa-miR-16-5p,CCDC85C,V,TargetScan,N/A,N/A,,
hsa-miR-16-5p,CDC23,V,TargetScan,N/A,N/A,,
hsa-miR-16-5p,CLCN3,V,TargetScan,N/A,N/A,,
hsa-miR-16-5p,GALNT7,V,TargetScan,N/A,N/A,,
hsa-miR-16-5p,GPATCH8,V,TargetScan,N/A,N/A,,
hsa-miR-16-5p,MAP3K21,V,TargetScan,N/A,N/A,,
hsa-miR-16-5p,NUP50,V,TargetScan,N/A,N/A,,
hsa-miR-16-5p,PURA,V,TargetScan,N/A,N/A,,
hsa-miR-16-5p,RPS6KA3,V,TargetScan,N/A,N/A,,
hsa-miR-16-5p,SERBP1,V,TargetScan,N/A,N/A,,
hsa-miR-16-5p,SLC10A7,V,TargetScan,N/A,N/A,,
hsa-miR-16-5p,SLC4A4,V,TargetScan,N/A,N/A,,
hsa-miR-16-5p,ZCCHC2,V,TargetScan,N/A,N/A,,
hsa-miR-16-5p,ATP7A,V,TargetScan,N/A,N/A,,
hsa-miR-16-5p,ADAMTS5,V,TargetScan,N/A,N/A,,
hsa-miR-16-5p,BCL2L2,V,TargetScan,N/A,N/A,,
hsa-miR-16-5p,BICD1,V,TargetScan,N/A,N/A,,
hsa-miR-16-5p,CREBRF,V,TargetScan,N/A,N/A,,
hsa-miR-16-5p,CRK,V,TargetScan,N/A,N/A,,
hsa-miR-16-5p,EIF4E,V,TargetScan,N/A,N/A,,
hsa-miR-16-5p,EFNB2,V,TargetScan,N/A,N/A,,
hsa-miR-16-5p,LSM11,V,TargetScan,N/A,N/A,,
hsa-miR-16-5p,MINDY1,V,TargetScan,N/A,N/A,,
hsa-miR-16-5p,MOB3B,V,TargetScan,N/A,N/A,,
hsa-miR-16-5p,NFS1,V,TargetScan,N/A,N/A,,
hsa-miR-16-5p,PLAGL1,V,TargetScan,N/A,N/A,,
hsa-miR-16-5p,PPM1E,V,TargetScan,N/A,N/A,,
hsa-miR-16-5p,PRPF38A,V,TargetScan,N/A,N/A,,
hsa-miR-16-5p,RFX3,V,TargetScan,N/A,N/A,,
hsa-miR-16-5p,SIPA1L2,V,TargetScan,N/A,N/A,,
hsa-miR-16-5p,SOX5,V,TargetScan,N/A,N/A,,
hsa-miR-16-5p,SMAD5,V,TargetScan,N/A,N/A,,
hsa-miR-16-5p,SPRY3,V,TargetScan,N/A,N/A,,
hsa-miR-16-5p,SYNRG,V,TargetScan,N/A,N/A,,
hsa-miR-16-5p,ANKIB1,V,TargetScan,N/A,N/A,,
hsa-miR-16-5p,CALU,V,TargetScan,N/A,N/A,,
hsa-miR-16-5p,TACC1,V,TargetScan,N/A,N/A,,
hsa-miR-16-5p,THUMPD1,V,TargetScan,N/A,N/A,,
hsa-miR-16-5p,TMED8,V,TargetScan,N/A,N/A,,
hsa-miR-16-5p,ATXN7L1,V,TargetScan,N/A,N/A,,
hsa-miR-16-5p,GCNT4,V,TargetScan,N/A,N/A,,
hsa-miR-16-5p,IGF1R,V,TargetScan,N/A,N/A,,
hsa-miR-16-5p,NPAS3,V,TargetScan,N/A,N/A,,
hsa-miR-16-5p,NOL4L,V,TargetScan,N/A,N/A,,
hsa-miR-16-5p,PHLDA3,V,TargetScan,N/A,N/A,,
hsa-miR-16-5p,PPT2,V,TargetScan,N/A,N/A,,
hsa-miR-16-5p,SLC6A4,V,TargetScan,N/A,N/A,,
hsa-miR-16-5p,TMCC1,V,TargetScan,N/A,N/A,,
hsa-miR-16-5p,SWAP70,V,TargetScan,N/A,N/A,,
hsa-miR-16-5p,BPTF,V,TargetScan,N/A,N/A,,
hsa-miR-16-5p,CCND2,V,TargetScan,N/A,N/A,,
hsa-miR-16-5p,EN2,V,TargetScan,N/A,N/A,,
hsa-miR-16-5p,FRS2,V,TargetScan,N/A,N/A,,
hsa-miR-16-5p,LRP6,V,TargetScan,N/A,N/A,,
hsa-miR-16-5p,KLHL18,V,TargetScan,N/A,N/A,,
hsa-miR-16-5p,NFE2L1,V,TargetScan,N/A,N/A,,
hsa-miR-16-5p,POU2F1,V,TargetScan,N/A,N/A,,
hsa-miR-16-5p,PIK3R1,V,TargetScan,N/A,N/A,,
hsa-miR-16-5p,RORA,V,TargetScan,N/A,N/A,,
hsa-miR-16-5p,SCN4B,V,TargetScan,N/A,N/A,,
hsa-miR-16-5p,ZC3H11A,V,TargetScan,N/A,N/A,,
hsa-miR-16-5p,TMEM87B,V,TargetScan,N/A,N/A,,
hsa-miR-16-5p,ATP2B2,V,TargetScan,N/A,N/A,,
hsa-miR-16-5p,ATXN7L3,V,TargetScan,N/A,N/A,,
hsa-miR-16-5p,CAPRIN1,V,TargetScan,N/A,N/A,,
hsa-miR-16-5p,DCAF7,V,TargetScan,N/A,N/A,,
hsa-miR-16-5p,DCTN5,V,TargetScan,N/A,N/A,,
hsa-miR-16-5p,ELL2,V,TargetScan,N/A,N/A,,
hsa-miR-16-5p,ELMSAN1,V,TargetScan,N/A,N/A,,
hsa-miR-16-5p,KPNA1,V,TargetScan,N/A,N/A,,
hsa-miR-16-5p,LCOR,V,TargetScan,N/A,N/A,,
hsa-miR-16-5p,OCRL,V,TargetScan,N/A,N/A,,
hsa-miR-16-5p,OTOGL,V,TargetScan,N/A,N/A,,
hsa-miR-16-5p,RNF111,V,TargetScan,N/A,N/A,,
hsa-miR-16-5p,SEL1L3,V,TargetScan,N/A,N/A,,
hsa-miR-16-5p,TSC22D3,V,TargetScan,N/A,N/A,,
hsa-miR-16-5p,AMOT,V,TargetScan,N/A,N/A,,
hsa-miR-16-5p,ANKRD34A,V,TargetScan,N/A,N/A,,
hsa-miR-16-5p,ATP13A3,V,TargetScan,N/A,N/A,,
hsa-miR-16-5p,BACH2,V,TargetScan,N/A,N/A,,
hsa-miR-16-5p,CDC25A,V,TargetScan,N/A,N/A,,
hsa-miR-16-5p,CTDSPL,V,TargetScan,N/A,N/A,,
hsa-miR-16-5p,GRB10,V,TargetScan,N/A,N/A,,
hsa-miR-16-5p,PAPPA,V,TargetScan,N/A,N/A,,
hsa-miR-16-5p,NPEPPS,V,TargetScan,N/A,N/A,,
hsa-miR-16-5p,PIEZO1,V,TargetScan,N/A,N/A,,
hsa-miR-16-5p,RASSF5,V,TargetScan,N/A,N/A,,
hsa-miR-16-5p,PURB,V,TargetScan,N/A,N/A,,
hsa-miR-16-5p,RYBP,V,TargetScan,N/A,N/A,,
hsa-miR-16-5p,SHROOM4,V,TargetScan,N/A,N/A,,
hsa-miR-16-5p,SUSD6,V,TargetScan,N/A,N/A,,
hsa-miR-16-5p,UNC80,V,TargetScan,N/A,N/A,,
hsa-miR-16-5p,ZKSCAN1,V,TargetScan,N/A,N/A,,
hsa-miR-16-5p,ZNF609,V,TargetScan,N/A,N/A,,
hsa-miR-16-5p,BHLHE41,V,TargetScan,N/A,N/A,,
hsa-miR-16-5p,COPS7B,V,TargetScan,N/A,N/A,,
hsa-miR-16-5p,ERLIN2,V,TargetScan,N/A,N/A,,
hsa-miR-16-5p,ETV1,V,TargetScan,N/A,N/A,,
hsa-miR-16-5p,FBXO27,V,TargetScan,N/A,N/A,,
hsa-miR-16-5p,GIT1,V,TargetScan,N/A,N/A,,
hsa-miR-16-5p,MAP3K20,V,TargetScan,N/A,N/A,,
hsa-miR-16-5p,MAP3K3,V,TargetScan,N/A,N/A,,
hsa-miR-16-5p,NF1,V,TargetScan,N/A,N/A,,
hsa-miR-16-5p,LAMC1,V,TargetScan,N/A,N/A,,
hsa-miR-16-5p,NOTCH2,V,TargetScan,N/A,N/A,,
hsa-miR-16-5p,NRP2,V,TargetScan,N/A,N/A,,
hsa-miR-16-5p,RCOR3,V,TargetScan,N/A,N/A,,
hsa-miR-16-5p,STXBP3,V,TargetScan,N/A,N/A,,
hsa-miR-16-5p,TP53INP1,V,TargetScan,N/A,N/A,,
hsa-miR-16-5p,XPO4,V,TargetScan,N/A,N/A,,
hsa-miR-16-5p,ARHGAP5,V,TargetScan,N/A,N/A,,
hsa-miR-16-5p,ATF7IP2,V,TargetScan,N/A,N/A,,
hsa-miR-16-5p,LRCH3,V,TargetScan,N/A,N/A,,
hsa-miR-16-5p,GABRE,V,TargetScan,N/A,N/A,,
hsa-miR-16-5p,FGF9,V,TargetScan,N/A,N/A,,
hsa-miR-16-5p,LIN28B,V,TargetScan,N/A,N/A,,
hsa-miR-486-5p,ARHGAP5,Functional MTI,MIRT053295,"Immunohistochemistry, Luciferase reporter assay, qRT-PCR, Western blot",23474761,,
hsa-miR-486-5p,SERPINE1,Functional MTI (Weak),MIRT054106,qRT-PCR,22995304,,
hsa-miR-486-5p,ID4,Functional MTI (Weak),MIRT099600,PAR-CLIP,23446348,,
hsa-miR-486-5p,ID4,Functional MTI (Weak),MIRT099600,PAR-CLIP,22012620,,
hsa-miR-486-5p,ID4,Functional MTI (Weak),MIRT099600,PAR-CLIP,20371350,,
hsa-miR-486-5p,PIM1,Functional MTI (Weak),MIRT218896,qRT-PCR,23294929,,
hsa-miR-486-5p,ZNRF2,Functional MTI (Weak),MIRT320632,PAR-CLIP,23446348,,
hsa-miR-486-5p,DOCK3,Functional MTI,MIRT438814,"Immunofluorescence, Immunohistochemistry, Immunoprecipitaion, Luciferase reporter assay, qRT-PCR, Western blot",24789910,,
hsa-miR-486-5p,IGF1R,Functional MTI,MIRT438711,"Luciferase reporter assay, qRT-PCR, Western blot",23980150,,
hsa-miR-486-5p,IGF1R,Functional MTI (Weak),MIRT438711,qRT-PCR,27698829,,
hsa-miR-486-5p,H3F3B,Functional MTI (Weak),MIRT438848,PAR-CLIP,21572407,,
hsa-miR-486-5p,H3F3B,Functional MTI (Weak),MIRT438848,PAR-CLIP,20371350,,
hsa-miR-486-5p,H3F3B,Functional MTI (Weak),MIRT438848,qRT-PCR,23294929,,
hsa-miR-486-5p,CADM1,Functional MTI (Weak),MIRT438847,PAR-CLIP,20371350,,
hsa-miR-486-5p,CADM1,Functional MTI (Weak),MIRT438847,qRT-PCR,23294929,,
hsa-miR-486-5p,H3F3B,Functional MTI (Weak),MIRT438848,PAR-CLIP,23592263,,
hsa-miR-486-5p,H3F3B,Functional MTI (Weak),MIRT438848,PAR-CLIP,23446348,,
hsa-miR-486-5p,RCOR3,Functional MTI (Weak),MIRT498107,PAR-CLIP,22291592,,
hsa-miR-486-5p,ZNF460,Functional MTI (Weak),MIRT505033,PAR-CLIP,23446348,,
hsa-miR-486-5p,ZIC5,Functional MTI (Weak),MIRT505067,PAR-CLIP,23446348,,
hsa-miR-486-5p,ZIC5,Functional MTI (Weak),MIRT505067,PAR-CLIP,21572407,,
hsa-miR-486-5p,ZIC5,Functional MTI (Weak),MIRT505067,PAR-CLIP,20371350,,
hsa-miR-486-5p,ZNF460,Functional MTI (Weak),MIRT505033,PAR-CLIP,20371350,,
hsa-miR-486-5p,BTF3L4,Functional MTI (Weak),MIRT507941,PAR-CLIP,23446348,,
hsa-miR-486-5p,BTF3L4,Functional MTI (Weak),MIRT507941,PAR-CLIP,21572407,,
hsa-miR-486-5p,BTF3L4,Functional MTI (Weak),MIRT507941,PAR-CLIP,20371350,,
hsa-miR-486-5p,RBM12B,Functional MTI (Weak),MIRT554897,PAR-CLIP,21572407,,
hsa-miR-486-5p,MBD4,Functional MTI (Weak),MIRT556147,PAR-CLIP,21572407,,
hsa-miR-486-5p,FAM217B,Functional MTI (Weak),MIRT557975,PAR-CLIP,21572407,,
hsa-miR-486-5p,SEL1L3,Functional MTI (Weak),MIRT609917,HITS-CLIP,23824327,,
hsa-miR-486-5p,SEL1L3,Functional MTI (Weak),MIRT609917,HITS-CLIP,23313552,,
hsa-miR-486-5p,FOXP1,Functional MTI (Weak),MIRT613031,HITS-CLIP,23824327,,
hsa-miR-486-5p,MARCH4,Functional MTI (Weak),MIRT623308,HITS-CLIP,23824327,,
hsa-miR-486-5p,MARCH4,Functional MTI (Weak),MIRT623308,HITS-CLIP,27418678,,
hsa-miR-486-5p,SP4,Functional MTI (Weak),MIRT627540,HITS-CLIP,23824327,,
hsa-miR-486-5p,METTL27,Functional MTI (Weak),MIRT628804,HITS-CLIP,23824327,,
hsa-miR-486-5p,MACROD2,Functional MTI (Weak),MIRT641744,HITS-CLIP,23824327,,
hsa-miR-486-5p,LTBP2,Functional MTI (Weak),MIRT649729,HITS-CLIP,23824327,,
hsa-miR-486-5p,UTP4,Functional MTI (Weak),MIRT647911,HITS-CLIP,23824327,,
hsa-miR-486-5p,RBM22,Functional MTI (Weak),MIRT671018,HITS-CLIP,23824327,,
hsa-miR-486-5p,DCTN4,Functional MTI (Weak),MIRT712889,HITS-CLIP,19536157,,
hsa-miR-486-5p,CENPN,Functional MTI (Weak),MIRT711045,HITS-CLIP,19536157,,
hsa-miR-486-5p,CRIPT,Functional MTI (Weak),MIRT711909,HITS-CLIP,19536157,,
hsa-miR-486-5p,SPRTN,Functional MTI (Weak),MIRT713267,HITS-CLIP,19536157,,
hsa-miR-486-5p,HPGD,Functional MTI (Weak),MIRT719013,HITS-CLIP,19536157,,
hsa-miR-486-5p,EPGN,Functional MTI (Weak),MIRT716652,HITS-CLIP,19536157,,
hsa-miR-486-5p,FAM46A,Functional MTI (Weak),MIRT720270,HITS-CLIP,19536157,,
hsa-miR-486-5p,ABCF2,Functional MTI (Weak),MIRT724175,HITS-CLIP,19536157,,
hsa-miR-486-5p,FBN1,Functional MTI,MIRT731367,Luciferase reporter assay,27133060,,
hsa-miR-486-5p,CIT,Functional MTI,MIRT731754,"ChIP-seq, Luciferase reporter assay, Next Generation Sequencing (NGS), pSILAC, qRT-PCR, Western blot",26183718,,
hsa-miR-486-5p,CDK4,Functional MTI,MIRT731583,Luciferase reporter assay,27049724,,
hsa-miR-486-5p,SMAD2,Functional MTI,MIRT732557,"Luciferase reporter assay, qRT-PCR, Western blot",26370615,,
hsa-miR-486-5p,NRP2,Functional MTI,MIRT733005,"Luciferase reporter assay, Western blot",27284245,,
hsa-miR-486-5p,PIK3R1,Functional MTI,MIRT735338,"Luciferase reporter assay, Next Generation Sequencing (NGS), qRT-PCR, Western blot",25475121,,
hsa-miR-486-5p,FOXO1,Functional MTI,MIRT734356,"Luciferase reporter assay, Western blot",25515961,,
hsa-miR-486-5p,PTEN,Functional MTI,MIRT734357,"Luciferase reporter assay, Western blot",25515961,,
hsa-miR-486-5p,PTEN,Functional MTI,MIRT734357,"Luciferase reporter assay, Next Generation Sequencing (NGS), qRT-PCR, Western blot",27650731,,
hsa-miR-486-5p,G3BP2,Functional MTI (Weak),MIRT749141,PAR-CLIP,26701625,,
hsa-miR-486-5p,HMGA1,Functional MTI (Weak),MIRT749142,PAR-CLIP,26701625,,
hsa-miR-486-5p,UBE2S,Functional MTI (Weak),MIRT749143,PAR-CLIP,26701625,,
hsa-miR-486-5p,CD40,Functional MTI (Weak),MIRT004620,"Microarray, qRT-PCR",19475450,,
hsa-miR-486-5p,TMED1,Functional MTI (Weak),MIRT041623,CLASH,23622248,,
hsa-miR-486-5p,RAB11FIP4,V,TargetScan,N/A,N/A,,
hsa-miR-486-5p,GAB2,V,TargetScan,N/A,N/A,,
hsa-miR-486-5p,HECW2,V,TargetScan,N/A,N/A,,
hsa-miR-486-5p,IPO7,V,TargetScan,N/A,N/A,,
hsa-miR-486-5p,NFAT5,V,TargetScan,N/A,N/A,,
hsa-miR-486-5p,PLAGL2,V,TargetScan,N/A,N/A,,
hsa-miR-486-5p,CCDC85C,V,TargetScan,N/A,N/A,,
hsa-miR-486-5p,DNAJB1,V,TargetScan,N/A,N/A,,
hsa-miR-486-5p,BZW1,V,TargetScan,N/A,N/A,,
hsa-miR-486-5p,PLXNA4,V,TargetScan,N/A,N/A,,
hsa-miR-486-5p,NHSL2,V,TargetScan,N/A,N/A,,
hsa-miR-486-5p,ZNRF2,V,TargetScan,N/A,N/A,,
hsa-miR-486-5p,C1orf21,V,TargetScan,N/A,N/A,,
hsa-miR-486-5p,TET3,V,TargetScan,N/A,N/A,,
hsa-miR-486-5p,FAT3,V,TargetScan,N/A,N/A,,
hsa-miR-486-5p,GRIN3A,V,TargetScan,N/A,N/A,,
hsa-miR-486-5p,POU2F1,V,TargetScan,N/A,N/A,,
hsa-miR-486-5p,TMEM178B,V,TargetScan,N/A,N/A,,
hsa-miR-486-5p,TRPM3,V,TargetScan,N/A,N/A,,
hsa-miR-486-5p,MLLT1,V,TargetScan,N/A,N/A,,
hsa-miR-486-5p,TBX2,V,TargetScan,N/A,N/A,,
hsa-miR-486-5p,YOD1,V,TargetScan,N/A,N/A,,
hsa-miR-486-5p,ZNF207,V,TargetScan,N/A,N/A,,
hsa-miR-486-5p,CELSR3,V,TargetScan,N/A,N/A,,
hsa-miR-486-5p,RRAGC,V,TargetScan,N/A,N/A,,
hsa-miR-486-5p,RNF125,V,TargetScan,N/A,N/A,,
hsa-miR-486-5p,GAPVD1,V,TargetScan,N/A,N/A,,
hsa-miR-486-5p,ZNF507,V,TargetScan,N/A,N/A,,
hsa-miR-486-5p,CD47,V,TargetScan,N/A,N/A,,
hsa-miR-486-5p,PSMB5,V,TargetScan,N/A,N/A,,
hsa-miR-486-5p,CADM1,V,TargetScan,N/A,N/A,,
hsa-miR-486-5p,SRPK2,V,TargetScan,N/A,N/A,,
hsa-miR-486-5p,SHB,V,TargetScan,N/A,N/A,,
hsa-miR-486-5p,GRIN2A,V,TargetScan,N/A,N/A,,
hsa-miR-486-5p,ZNF827,V,TargetScan,N/A,N/A,,
hsa-miR-486-5p,DOCK3,V,microrna.org,N/A,N/A,,
hsa-miR-486-5p,ARID4B,V,microrna.org,N/A,N/A,,
hsa-miR-486-5p,NCKAP5,V,microrna.org,N/A,N/A,,
hsa-miR-486-5p,MAP3K7,V,microrna.org,N/A,N/A,,
hsa-miR-486-5p,YLPM1,V,microrna.org,N/A,N/A,,
hsa-miR-486-5p,FAHD1,V,microrna.org,N/A,N/A,,
hsa-miR-486-5p,ABHD17B,V,microrna.org,N/A,N/A,,
hsa-miR-486-5p,MAPKAP1,V,microrna.org,N/A,N/A,,
hsa-miR-486-5p,CELF2,V,microrna.org,N/A,N/A,,
hsa-miR-486-5p,BCAS2,V,microrna.org,N/A,N/A,,
hsa-miR-486-5p,CSPG5,V,microrna.org,N/A,N/A,,
hsa-miR-486-5p,TENM2,V,microrna.org,N/A,N/A,,
hsa-miR-486-5p,CREBRF,V,microrna.org,N/A,N/A,,
hsa-miR-486-5p,COL6A6,V,microrna.org,N/A,N/A,,
hsa-miR-486-5p,BTAF1,V,microrna.org,N/A,N/A,,
hsa-miR-486-5p,KCNH8,V,microrna.org,N/A,N/A,,
hsa-miR-486-5p,FGF7,V,microrna.org,N/A,N/A,,
hsa-miR-486-5p,TRIM36,V,microrna.org,N/A,N/A,,
hsa-miR-486-5p,TOB1,V,microrna.org,N/A,N/A,,
hsa-miR-486-5p,SEC11A,V,microrna.org,N/A,N/A,,
hsa-miR-486-5p,ZNF410,V,microrna.org,N/A,N/A,,
hsa-miR-486-5p,BIRC6,V,microrna.org,N/A,N/A,,
hsa-miR-486-5p,RBM46,V,microrna.org,N/A,N/A,,
hsa-miR-486-5p,EPHA6,V,microrna.org,N/A,N/A,,
hsa-miR-486-5p,COPS7B,V,microrna.org,N/A,N/A,,
hsa-miR-486-5p,SIRT1,V,microrna.org,N/A,N/A,,
hsa-miR-486-5p,CTDSPL2,V,microrna.org,N/A,N/A,,
hsa-miR-486-5p,CAMK2N1,V,microrna.org,N/A,N/A,,
hsa-miR-486-5p,BTBD11,V,microrna.org,N/A,N/A,,
hsa-miR-486-5p,ID4,V,microrna.org,N/A,N/A,,
hsa-miR-486-5p,CNTN4,V,microrna.org,N/A,N/A,,
hsa-miR-486-5p,ARHGAP44,V,microrna.org,N/A,N/A,,
hsa-miR-486-5p,LMTK2,V,microrna.org,N/A,N/A,,
hsa-miR-486-5p,PARP2,V,microrna.org,N/A,N/A,,
hsa-miR-486-5p,IFT43,V,microrna.org,N/A,N/A,,
hsa-miR-486-5p,VWA8,V,microrna.org,N/A,N/A,,
hsa-miR-486-5p,COX16,V,microrna.org,N/A,N/A,,
hsa-miR-486-5p,PPP3CB,V,microrna.org,N/A,N/A,,
hsa-miR-486-5p,PYCR2,V,microrna.org,N/A,N/A,,
hsa-miR-486-5p,PIM1,V,microrna.org,N/A,N/A,,
hsa-miR-486-5p,PLAGL2,V,microrna.org,N/A,N/A,,
hsa-miR-486-5p,CADM1,V,microrna.org,N/A,N/A,,
hsa-miR-486-5p,CDH18,V,microrna.org,N/A,N/A,,
hsa-miR-486-5p,PAK3,V,microrna.org,N/A,N/A,,
hsa-miR-486-5p,CENPJ,V,microrna.org,N/A,N/A,,
hsa-miR-486-5p,SP5,V,microrna.org,N/A,N/A,,
hsa-miR-486-5p,CSTF1,V,microrna.org,N/A,N/A,,
hsa-miR-486-5p,HCN1,V,microrna.org,N/A,N/A,,
hsa-miR-486-5p,ERCC6L2,V,microrna.org,N/A,N/A,,
hsa-miR-486-5p,CCDC85C,V,microrna.org,N/A,N/A,,
hsa-miR-486-5p,NARF,V,microrna.org,N/A,N/A,,
hsa-miR-486-5p,LSM5,V,microrna.org,N/A,N/A,,
hsa-miR-486-5p,CYB5R4,V,microrna.org,N/A,N/A,,
hsa-miR-486-5p,ARHGAP5,V,microrna.org,N/A,N/A,,
hsa-miR-486-5p,NLRP1,V,microrna.org,N/A,N/A,,
hsa-miR-486-5p,SLC10A7,V,microrna.org,N/A,N/A,,
hsa-miR-486-5p,TANC1,V,microrna.org,N/A,N/A,,
hsa-miR-486-5p,CNPPD1,V,microrna.org,N/A,N/A,,
hsa-miR-486-5p,FMR1,V,microrna.org,N/A,N/A,,
hsa-miR-486-5p,UBE2A,V,microrna.org,N/A,N/A,,
hsa-miR-486-5p,FRMD3,V,microrna.org,N/A,N/A,,
hsa-miR-486-5p,PRRC2C,V,microrna.org,N/A,N/A,,
hsa-miR-486-5p,PTEN,V,microrna.org,N/A,N/A,,
hsa-miR-486-5p,METAP2,V,microrna.org,N/A,N/A,,
hsa-miR-486-5p,BCORL1,V,microrna.org,N/A,N/A,,
hsa-miR-486-5p,RBBP6,V,microrna.org,N/A,N/A,,
hsa-miR-486-5p,NIPBL,V,microrna.org,N/A,N/A,,
hsa-miR-486-5p,TWF1,V,microrna.org,N/A,N/A,,
hsa-miR-486-5p,PPM1B,V,microrna.org,N/A,N/A,,
hsa-miR-486-5p,RCOR3,V,microrna.org,N/A,N/A,,
hsa-miR-486-5p,EXOC8,V,microrna.org,N/A,N/A,,
hsa-miR-486-5p,MARK1,V,microrna.org,N/A,N/A,,
hsa-miR-486-5p,FGF13,V,microrna.org,N/A,N/A,,
hsa-miR-486-5p,FAM135A,V,microrna.org,N/A,N/A,,
hsa-miR-486-5p,SPTLC1,V,microrna.org,N/A,N/A,,
hsa-miR-486-5p,SLC4A10,V,microrna.org,N/A,N/A,,
hsa-miR-486-5p,CREBL2,V,microrna.org,N/A,N/A,,
hsa-miR-486-5p,CDC23,V,microrna.org,N/A,N/A,,
hsa-miR-486-5p,SRSF11,V,microrna.org,N/A,N/A,,
hsa-miR-486-5p,KCNK2,V,microrna.org,N/A,N/A,,
hsa-miR-486-5p,SLC6A4,V,microrna.org,N/A,N/A,,
hsa-miR-486-5p,RFFL,V,microrna.org,N/A,N/A,,
hsa-miR-486-5p,ZSCAN26,V,microrna.org,N/A,N/A,,
hsa-miR-486-5p,TXLNG,V,microrna.org,N/A,N/A,,
hsa-miR-486-5p,UBXN10,V,microrna.org,N/A,N/A,,
hsa-miR-486-5p,UNC5C,V,microrna.org,N/A,N/A,,
hsa-miR-486-5p,CDKN2AIPNL,V,microrna.org,N/A,N/A,,
hsa-miR-486-5p,MFHAS1,V,microrna.org,N/A,N/A,,
hsa-miR-486-5p,TEK,V,microrna.org,N/A,N/A,,
hsa-miR-486-5p,SYPL1,V,microrna.org,N/A,N/A,,
hsa-miR-486-5p,SMARCD2,V,microrna.org,N/A,N/A,,
hsa-miR-486-5p,PDHB,V,microrna.org,N/A,N/A,,
hsa-miR-486-5p,KIAA0100,V,microrna.org,N/A,N/A,,
hsa-miR-486-5p,FGF7P6,V,microrna.org,N/A,N/A,,
hsa-miR-486-5p,DENND1B,V,microrna.org,N/A,N/A,,
hsa-miR-486-5p,VSIG1,V,microrna.org,N/A,N/A,,
hsa-miR-486-5p,HSPA13,V,microrna.org,N/A,N/A,,
hsa-miR-486-5p,CIT,V,microrna.org,N/A,N/A,,
hsa-miR-486-5p,BTBD3,V,microrna.org,N/A,N/A,,
hsa-miR-486-5p,UBE2E1,V,microrna.org,N/A,N/A,,
hsa-miR-486-5p,TMEM67,V,microrna.org,N/A,N/A,,
hsa-miR-486-5p,SMARCAD1,V,microrna.org,N/A,N/A,,
hsa-miR-486-5p,H3F3B,V,microrna.org,N/A,N/A,,
hsa-miR-486-5p,NRP2,V,microrna.org,N/A,N/A,,
hsa-miR-486-5p,ATXN7L3,V,microrna.org,N/A,N/A,,
hsa-miR-486-5p,CELF1,V,microrna.org,N/A,N/A,,
hsa-miR-486-5p,ARMC8,V,microrna.org,N/A,N/A,,
hsa-miR-486-5p,TBC1D22B,V,microrna.org,N/A,N/A,,
hsa-miR-486-5p,CSNK2A1,V,microrna.org,N/A,N/A,,
hsa-miR-486-5p,CBFB,V,microrna.org,N/A,N/A,,
hsa-miR-486-5p,TBC1D8B,V,microrna.org,N/A,N/A,,
hsa-miR-486-5p,ST5,V,microrna.org,N/A,N/A,,
hsa-miR-486-5p,C5orf64,V,microrna.org,N/A,N/A,,
hsa-miR-486-5p,FBXL14,V,microrna.org,N/A,N/A,,
hsa-miR-486-5p,CCDC150,V,microrna.org,N/A,N/A,,
hsa-miR-486-5p,FTLP10,V,microrna.org,N/A,N/A,,
hsa-miR-486-5p,TRPM3,V,microrna.org,N/A,N/A,,
hsa-miR-486-5p,AFF3,V,microrna.org,N/A,N/A,,
hsa-miR-486-5p,MAP3K21,V,microrna.org,N/A,N/A,,
hsa-miR-486-5p,FOXO1,V,microrna.org,N/A,N/A,,
hsa-miR-486-5p,MUC17,V,microrna.org,N/A,N/A,,
hsa-miR-486-5p,DMRT2,V,microrna.org,N/A,N/A,,
hsa-miR-486-5p,MATN2,V,microrna.org,N/A,N/A,,
hsa-miR-486-5p,USH2A,V,microrna.org,N/A,N/A,,
hsa-miR-486-5p,OTOF,V,microrna.org,N/A,N/A,,
hsa-miR-486-5p,PDP1,V,microrna.org,N/A,N/A,,
hsa-miR-486-5p,SLC4A8,V,microrna.org,N/A,N/A,,
hsa-miR-486-5p,MIER3,V,microrna.org,N/A,N/A,,
hsa-miR-486-5p,CDH13,V,microrna.org,N/A,N/A,,
hsa-miR-486-5p,PDGFC,V,microrna.org,N/A,N/A,,
hsa-miR-486-5p,PRELP,V,microrna.org,N/A,N/A,,
hsa-miR-486-5p,PRR3,V,microrna.org,N/A,N/A,,
hsa-miR-486-5p,SRSF1,V,CoMeTa,N/A,N/A,,
hsa-miR-486-5p,PUM2,V,CoMeTa,N/A,N/A,,
hsa-miR-486-5p,PRRC2C,V,CoMeTa,N/A,N/A,,
hsa-miR-486-5p,HNRNPA3P1,V,CoMeTa,N/A,N/A,,
hsa-miR-486-5p,HNRNPA3,V,CoMeTa,N/A,N/A,,
hsa-miR-486-5p,ARID4B,V,CoMeTa,N/A,N/A,,
hsa-miR-486-5p,FMR1,V,CoMeTa,N/A,N/A,,
hsa-miR-486-5p,DHX15,V,CoMeTa,N/A,N/A,,
hsa-miR-486-5p,SMC1A,V,CoMeTa,N/A,N/A,,
hsa-miR-486-5p,CEP350,V,CoMeTa,N/A,N/A,,
hsa-miR-486-5p,CAPRIN1,V,CoMeTa,N/A,N/A,,
hsa-miR-486-5p,CBFB,V,CoMeTa,N/A,N/A,,
hsa-miR-486-5p,G3BP2,V,CoMeTa,N/A,N/A,,
hsa-miR-486-5p,ELK3,V,CoMeTa,N/A,N/A,,
hsa-miR-486-5p,MOB4,V,CoMeTa,N/A,N/A,,
hsa-miR-486-5p,SLC4A4,V,CoMeTa,N/A,N/A,,
hsa-miR-486-5p,DYRK1A,V,CoMeTa,N/A,N/A,,
hsa-miR-486-5p,NR3C1,V,CoMeTa,N/A,N/A,,
hsa-miR-486-5p,BZW1,V,CoMeTa,N/A,N/A,,
hsa-miR-486-5p,SLC9A6,V,CoMeTa,N/A,N/A,,
hsa-miR-486-5p,SYPL1,V,CoMeTa,N/A,N/A,,
hsa-miR-486-5p,RBM12,V,CoMeTa,N/A,N/A,,
hsa-miR-486-5p,WDFY3,V,CoMeTa,N/A,N/A,,
hsa-miR-486-5p,TWF1,V,CoMeTa,N/A,N/A,,
hsa-miR-486-5p,MKL2,V,CoMeTa,N/A,N/A,,
hsa-miR-486-5p,SIRT1,V,CoMeTa,N/A,N/A,,
hsa-miR-486-5p,CELF1,V,CoMeTa,N/A,N/A,,
hsa-miR-486-5p,ATXN1,V,CoMeTa,N/A,N/A,,
hsa-miR-486-5p,REEP1,V,CoMeTa,N/A,N/A,,
hsa-miR-486-5p,FAM13B,V,CoMeTa,N/A,N/A,,
hsa-miR-486-5p,MAT2A,V,CoMeTa,N/A,N/A,,
hsa-miR-486-5p,TUG1,V,CoMeTa,N/A,N/A,,
hsa-miR-486-5p,BTAF1,V,CoMeTa,N/A,N/A,,
hsa-miR-486-5p,BPTF,V,CoMeTa,N/A,N/A,,
hsa-miR-486-5p,KAT6B,V,CoMeTa,N/A,N/A,,
hsa-miR-486-5p,AKAP6,V,CoMeTa,N/A,N/A,,
hsa-miR-486-5p,TPR,V,CoMeTa,N/A,N/A,,
hsa-miR-486-5p,BTBD3,V,CoMeTa,N/A,N/A,,
hsa-miR-486-5p,SMAD2,V,CoMeTa,N/A,N/A,,
hsa-miR-486-5p,SERTAD2,V,CoMeTa,N/A,N/A,,
hsa-miR-486-5p,ZNF507,V,CoMeTa,N/A,N/A,,
hsa-miR-486-5p,SLC2A1,V,CoMeTa,N/A,N/A,,
hsa-miR-486-5p,MAP3K7,V,CoMeTa,N/A,N/A,,
hsa-miR-486-5p,TOB1,V,CoMeTa,N/A,N/A,,
hsa-miR-486-5p,PIK3R1,V,CoMeTa,N/A,N/A,,
hsa-miR-486-5p,AKAP2,V,CoMeTa,N/A,N/A,,
hsa-miR-486-5p,CCSER2,V,CoMeTa,N/A,N/A,,
hsa-miR-486-5p,HIPK1,V,CoMeTa,N/A,N/A,,
hsa-miR-486-5p,BCAS2,V,CoMeTa,N/A,N/A,,
hsa-miR-486-5p,FOXO3,V,CoMeTa,N/A,N/A,,
hsa-miR-486-5p,CREBL2,V,CoMeTa,N/A,N/A,,
hsa-miR-486-5p,ZMYND8,V,CoMeTa,N/A,N/A,,
hsa-miR-486-5p,SPEN,V,CoMeTa,N/A,N/A,,
hsa-miR-486-5p,CELF2,V,CoMeTa,N/A,N/A,,
hsa-miR-486-5p,RHOQ,V,CoMeTa,N/A,N/A,,
hsa-miR-486-5p,USP47,V,CoMeTa,N/A,N/A,,
hsa-miR-486-5p,LARP4,V,CoMeTa,N/A,N/A,,
hsa-miR-486-5p,UBE2E1,V,CoMeTa,N/A,N/A,,
hsa-miR-486-5p,LIN7C,V,CoMeTa,N/A,N/A,,
hsa-miR-486-5p,NRCAM,V,CoMeTa,N/A,N/A,,
hsa-miR-486-5p,TPBG,V,CoMeTa,N/A,N/A,,
hsa-miR-486-5p,CDC42EP3,V,CoMeTa,N/A,N/A,,
hsa-miR-486-5p,ARID1A,V,CoMeTa,N/A,N/A,,
hsa-miR-486-5p,TSC22D2,V,CoMeTa,N/A,N/A,,
hsa-miR-486-5p,KCMF1,V,CoMeTa,N/A,N/A,,
hsa-miR-486-5p,VEGFA,V,CoMeTa,N/A,N/A,,
hsa-miR-486-5p,FGF13,V,CoMeTa,N/A,N/A,,
hsa-miR-486-5p,H3F3B,V,CoMeTa,N/A,N/A,,
hsa-miR-486-5p,ID4,V,Cupid,N/A,N/A,,
hsa-miR-486-5p,MAP1B,V,Cupid,N/A,N/A,,
hsa-miR-486-5p,NRP2,V,Cupid,N/A,N/A,,
hsa-miR-486-5p,PPP6C,V,Cupid,N/A,N/A,,
hsa-miR-486-5p,PTEN,V,Cupid,N/A,N/A,,
hsa-miR-486-5p,PURA,V,Cupid,N/A,N/A,,
hsa-miR-486-5p,ARID4B,V,Cupid,N/A,N/A,,
hsa-miR-486-5p,ARMC8,V,Cupid,N/A,N/A,,
hsa-miR-486-5p,BHLHE22,V,Cupid,N/A,N/A,,
hsa-miR-486-5p,BPTF,V,Cupid,N/A,N/A,,
hsa-miR-486-5p,BZW1,V,Cupid,N/A,N/A,,
hsa-miR-486-5p,CAPZA2,V,Cupid,N/A,N/A,,
hsa-miR-486-5p,CBFB,V,Cupid,N/A,N/A,,
hsa-miR-486-5p,CNKSR2,V,Cupid,N/A,N/A,,
hsa-miR-486-5p,COG5,V,Cupid,N/A,N/A,,
hsa-miR-486-5p,ABHD17B,V,Cupid,N/A,N/A,,
hsa-miR-486-5p,FBXO11,V,Cupid,N/A,N/A,,
hsa-miR-486-5p,FMR1,V,Cupid,N/A,N/A,,
hsa-miR-486-5p,FNDC3A,V,Cupid,N/A,N/A,,
hsa-miR-486-5p,GALNT7,V,Cupid,N/A,N/A,,
hsa-miR-486-5p,GOLT1B,V,Cupid,N/A,N/A,,
hsa-miR-486-5p,LCORL,V,Cupid,N/A,N/A,,
hsa-miR-486-5p,MAPK6,V,Cupid,N/A,N/A,,
hsa-miR-486-5p,NBEA,V,Cupid,N/A,N/A,,
hsa-miR-486-5p,NLGN1,V,Cupid,N/A,N/A,,
hsa-miR-486-5p,NOL4,V,Cupid,N/A,N/A,,
hsa-miR-486-5p,PRRC2C,V,Cupid,N/A,N/A,,
hsa-miR-486-5p,RAP1A,V,Cupid,N/A,N/A,,
hsa-miR-486-5p,RNF111,V,Cupid,N/A,N/A,,
hsa-miR-486-5p,SEP7,V,Cupid,N/A,N/A,,
hsa-miR-486-5p,SIAH1,V,Cupid,N/A,N/A,,
hsa-miR-486-5p,SIRT1,V,Cupid,N/A,N/A,,
hsa-miR-486-5p,SLAIN1,V,Cupid,N/A,N/A,,
hsa-miR-486-5p,SLC12A2,V,Cupid,N/A,N/A,,
hsa-miR-486-5p,TANC1,V,Cupid,N/A,N/A,,
hsa-miR-486-5p,TSC22D2,V,Cupid,N/A,N/A,,
hsa-miR-486-5p,TWF1,V,Cupid,N/A,N/A,,
hsa-miR-486-5p,UBR3,V,Cupid,N/A,N/A,,
hsa-miR-486-5p,ZNRF2,V,Cupid,N/A,N/A,,
hsa-miR-486-5p,CAPRIN1,V,Cupid,N/A,N/A,,
hsa-miR-486-5p,DICER1,V,Cupid,N/A,N/A,,
hsa-miR-486-5p,HNRNPA3,V,Cupid,N/A,N/A,,
hsa-miR-486-5p,KAT6B,V,Cupid,N/A,N/A,,
hsa-miR-486-5p,PAN3,V,Cupid,N/A,N/A,,
hsa-miR-486-5p,VMP1,V,Cupid,N/A,N/A,,
hsa-miR-486-5p,NIPBL,V,Cupid,N/A,N/A,,
hsa-miR-486-5p,FGF13,V,Cupid,N/A,N/A,,
hsa-miR-486-5p,FNBP1L,V,Cupid,N/A,N/A,,
hsa-miR-486-5p,PLEKHA1,V,Cupid,N/A,N/A,,
hsa-miR-486-5p,ZNF644,V,Cupid,N/A,N/A,,
hsa-miR-486-5p,IRF2BP2,V,Cupid,N/A,N/A,,
hsa-miR-486-5p,MAT2A,V,Cupid,N/A,N/A,,
hsa-miR-486-5p,REV3L,V,Cupid,N/A,N/A,,
hsa-miR-486-5p,IGF1,V,Cupid,N/A,N/A,,
hsa-miR-486-5p,TRHDE,V,Cupid,N/A,N/A,,
hsa-miR-486-5p,DCBLD2,V,Cupid,N/A,N/A,,
hsa-miR-486-5p,RCOR3,V,Cupid,N/A,N/A,,
hsa-miR-486-5p,DOCK3,V,DIANA,N/A,N/A,,
hsa-miR-486-5p,ARMC8,V,DIANA,N/A,N/A,,
hsa-miR-486-5p,CRHR1,V,DIANA,N/A,N/A,,
hsa-miR-486-5p,AFF3,V,DIANA,N/A,N/A,,
hsa-miR-486-5p,PDGFC,V,DIANA,N/A,N/A,,
hsa-miR-486-5p,UNC5C,V,DIANA,N/A,N/A,,
hsa-miR-486-5p,COL6A6,V,DIANA,N/A,N/A,,
hsa-miR-486-5p,ARID4B,V,DIANA,N/A,N/A,,
hsa-miR-486-5p,FOXO1,V,MAMI,N/A,N/A,,
hsa-miR-486-5p,NIPBL,V,MAMI,N/A,N/A,,
hsa-miR-486-5p,SORCS1,V,MAMI,N/A,N/A,,
hsa-miR-486-5p,BTAF1,V,MAMI,N/A,N/A,,
hsa-miR-486-5p,MARK1,V,MAMI,N/A,N/A,,
hsa-miR-486-5p,SMAD2,V,MAMI,N/A,N/A,,
hsa-miR-486-5p,UNC5C,V,MAMI,N/A,N/A,,
hsa-miR-486-5p,CCS,V,PACCMIT,N/A,N/A,,
hsa-miR-486-5p,LRRTM4,V,TargetRank,N/A,N/A,,
hsa-miR-486-5p,SP5,V,TargetRank,N/A,N/A,,
hsa-miR-486-5p,SWAP70,V,TargetRank,N/A,N/A,,
hsa-miR-486-5p,HLF,V,TargetRank,N/A,N/A,,
hsa-miR-486-5p,HAUS3,V,TargetRank,N/A,N/A,,
hsa-miR-486-5p,SYPL1,V,TargetRank,N/A,N/A,,
hsa-miR-486-5p,PDP1,V,TargetRank,N/A,N/A,,
hsa-miR-486-5p,GJC1,V,TargetRank,N/A,N/A,,
hsa-miR-486-5p,NLGN1,V,TargetRank,N/A,N/A,,
hsa-miR-486-5p,CEMIP,V,TargetRank,N/A,N/A,,
hsa-miR-486-5p,ABHD17B,V,TargetRank,N/A,N/A,,
hsa-miR-486-5p,PIGH,V,TargetRank,N/A,N/A,,
hsa-miR-486-5p,PIGT,V,TargetRank,N/A,N/A,,
hsa-miR-486-5p,HHAT,V,TargetRank,N/A,N/A,,
hsa-miR-486-5p,SMAD2,V,TargetRank,N/A,N/A,,
hsa-miR-486-5p,TAP2,V,TargetRank,N/A,N/A,,
hsa-miR-486-5p,MACROD2,V,TargetRank,N/A,N/A,,
hsa-miR-486-5p,DNAJC9,V,TargetRank,N/A,N/A,,
hsa-miR-486-5p,H3F3B,V,TargetRank,N/A,N/A,,
hsa-miR-486-5p,TMEM255A,V,TargetRank,N/A,N/A,,
hsa-miR-486-5p,RRP15,V,TargetRank,N/A,N/A,,
hsa-miR-486-5p,RBSN,V,TargetRank,N/A,N/A,,
hsa-miR-486-5p,ST5,V,TargetRank,N/A,N/A,,
hsa-miR-486-5p,TOB1,V,TargetRank,N/A,N/A,,
hsa-miR-486-5p,PPP3CB,V,TargetRank,N/A,N/A,,
hsa-miR-486-5p,MATN2,V,TargetRank,N/A,N/A,,
hsa-miR-486-5p,TANC1,V,TargetRank,N/A,N/A,,
hsa-miR-486-5p,UNC5C,V,TargetRank,N/A,N/A,,
hsa-miR-486-5p,MAP1B,V,TargetRank,N/A,N/A,,
hsa-miR-486-5p,EPB41L1,V,TargetRank,N/A,N/A,,
hsa-miR-486-5p,BTBD3,V,TargetRank,N/A,N/A,,
hsa-miR-486-5p,TPR,V,TargetRank,N/A,N/A,,
hsa-miR-486-5p,TET3,V,TargetRank,N/A,N/A,,
hsa-miR-486-5p,BTAF1,V,TargetRank,N/A,N/A,,
hsa-miR-486-5p,SMARCAD1,V,TargetRank,N/A,N/A,,
hsa-miR-486-5p,CYB5R4,V,TargetRank,N/A,N/A,,
hsa-miR-486-5p,CEP350,V,TargetRank,N/A,N/A,,
hsa-miR-486-5p,PHC3,V,TargetRank,N/A,N/A,,
hsa-miR-486-5p,NFE2L1,V,TargetRank,N/A,N/A,,
hsa-miR-486-5p,CELF2,V,TargetRank,N/A,N/A,,
hsa-miR-486-5p,YAP1,V,TargetRank,N/A,N/A,,
hsa-miR-486-5p,RELL1,V,TargetRank,N/A,N/A,,
hsa-miR-486-5p,RBM12,V,TargetRank,N/A,N/A,,
hsa-miR-486-5p,ZNRF2,V,TargetRank,N/A,N/A,,
hsa-miR-486-5p,AK2,V,TargetRank,N/A,N/A,,
hsa-miR-486-5p,BCL11B,V,TargetRank,N/A,N/A,,
hsa-miR-486-5p,CTDSPL2,V,TargetRank,N/A,N/A,,
hsa-miR-486-5p,YES1,V,TargetRank,N/A,N/A,,
hsa-miR-486-5p,SLC10A7,V,TargetRank,N/A,N/A,,
hsa-miR-486-5p,TP53INP1,V,TargetRank,N/A,N/A,,
hsa-miR-486-5p,CUL4B,V,TargetRank,N/A,N/A,,
hsa-miR-486-5p,ZIC5,V,TargetRank,N/A,N/A,,
hsa-miR-486-5p,SLC5A3,V,TargetRank,N/A,N/A,,
hsa-miR-486-5p,JADE1,V,TargetRank,N/A,N/A,,
hsa-miR-486-5p,CADM1,V,TargetRank,N/A,N/A,,
hsa-miR-486-5p,OPRK1,V,TargetRank,N/A,N/A,,
hsa-miR-486-5p,CENPJ,V,TargetRank,N/A,N/A,,
hsa-miR-486-5p,ADAMTS5,V,TargetRank,N/A,N/A,,
hsa-miR-486-5p,USP24,V,TargetRank,N/A,N/A,,
hsa-miR-486-5p,EXOC8,V,TargetRank,N/A,N/A,,
hsa-miR-486-5p,EXOC5,V,TargetRank,N/A,N/A,,
hsa-miR-486-5p,SHB,V,TargetRank,N/A,N/A,,
hsa-miR-486-5p,VTA1,V,TargetRank,N/A,N/A,,
hsa-miR-486-5p,FGF5,V,TargetRank,N/A,N/A,,
hsa-miR-486-5p,FGF7,V,TargetRank,N/A,N/A,,
hsa-miR-486-5p,NCKAP5,V,TargetRank,N/A,N/A,,
hsa-miR-486-5p,BTBD11,V,TargetRank,N/A,N/A,,
hsa-miR-486-5p,PTEN,V,TargetRank,N/A,N/A,,
hsa-miR-486-5p,RAB22A,V,TargetRank,N/A,N/A,,
hsa-miR-486-5p,MAP3K7,V,TargetRank,N/A,N/A,,
hsa-miR-486-5p,EIF5A2,V,TargetRank,N/A,N/A,,
hsa-miR-486-5p,E2F7,V,TargetRank,N/A,N/A,,
hsa-miR-486-5p,RCOR1,V,TargetRank,N/A,N/A,,
hsa-miR-486-5p,RCOR3,V,TargetRank,N/A,N/A,,
hsa-miR-486-5p,VANGL1,V,TargetRank,N/A,N/A,,
hsa-miR-486-5p,PLAGL2,V,TargetRank,N/A,N/A,,
hsa-miR-486-5p,SLC1A2,V,TargetRank,N/A,N/A,,
hsa-miR-486-5p,KIAA0513,V,TargetRank,N/A,N/A,,
hsa-miR-486-5p,ZNF621,V,TargetRank,N/A,N/A,,
hsa-miR-486-5p,BRWD1,V,TargetRank,N/A,N/A,,
hsa-miR-486-5p,RHOQ,V,TargetRank,N/A,N/A,,
hsa-miR-486-5p,ZNF626,V,TargetRank,N/A,N/A,,
hsa-miR-486-5p,LONRF2,V,TargetRank,N/A,N/A,,
hsa-miR-486-5p,TRIM35,V,TargetRank,N/A,N/A,,
hsa-miR-486-5p,TRIM36,V,TargetRank,N/A,N/A,,
hsa-miR-486-5p,ADAMTS19,V,TargetRank,N/A,N/A,,
hsa-miR-486-5p,ATP13A3,V,TargetRank,N/A,N/A,,
hsa-miR-486-5p,CREBL2,V,TargetRank,N/A,N/A,,
hsa-miR-486-5p,UTP15,V,TargetRank,N/A,N/A,,
hsa-miR-486-5p,YOD1,V,TargetRank,N/A,N/A,,
hsa-miR-486-5p,PRELP,V,TargetRank,N/A,N/A,,
hsa-miR-486-5p,RPS6KB1,V,TargetRank,N/A,N/A,,
hsa-miR-486-5p,MON2,V,TargetRank,N/A,N/A,,
hsa-miR-486-5p,PYCR2,V,TargetRank,N/A,N/A,,
hsa-miR-486-5p,SRPK1,V,TargetRank,N/A,N/A,,
hsa-miR-486-5p,ARMC8,V,TargetRank,N/A,N/A,,
hsa-miR-486-5p,WNT16,V,TargetRank,N/A,N/A,,
hsa-miR-486-5p,CD59,V,TargetRank,N/A,N/A,,
hsa-miR-486-5p,SHE,V,TargetRank,N/A,N/A,,
hsa-miR-486-5p,NEGR1,V,TargetRank,N/A,N/A,,
hsa-miR-486-5p,CDH13,V,TargetRank,N/A,N/A,,
hsa-miR-486-5p,CYCS,V,TargetRank,N/A,N/A,,
hsa-miR-486-5p,KIAA0100,V,TargetRank,N/A,N/A,,
hsa-miR-486-5p,SNX10,V,TargetRank,N/A,N/A,,
hsa-miR-486-5p,DCBLD2,V,TargetRank,N/A,N/A,,
hsa-miR-486-5p,RAB10,V,TargetRank,N/A,N/A,,
hsa-miR-486-5p,NLRP1,V,TargetRank,N/A,N/A,,
hsa-miR-486-5p,NKTR,V,TargetRank,N/A,N/A,,
hsa-miR-486-5p,RNMT,V,TargetRank,N/A,N/A,,
hsa-miR-486-5p,BACE2,V,TargetRank,N/A,N/A,,
hsa-miR-486-5p,LSM11,V,TargetRank,N/A,N/A,,
hsa-miR-486-5p,MIER3,V,TargetRank,N/A,N/A,,
hsa-miR-486-5p,UNC13B,V,TargetRank,N/A,N/A,,
hsa-miR-486-5p,ENTPD1,V,TargetRank,N/A,N/A,,
hsa-miR-486-5p,PEAK1,V,TargetRank,N/A,N/A,,
hsa-miR-486-5p,CBL,V,TargetRank,N/A,N/A,,
hsa-miR-486-5p,CSTF1,V,TargetRank,N/A,N/A,,
hsa-miR-486-5p,BPTF,V,TargetRank,N/A,N/A,,
hsa-miR-486-5p,TPM3,V,TargetRank,N/A,N/A,,
hsa-miR-486-5p,DDX52,V,TargetRank,N/A,N/A,,
hsa-miR-486-5p,CNTN4,V,TargetRank,N/A,N/A,,
hsa-miR-486-5p,CAMK2N1,V,TargetRank,N/A,N/A,,
hsa-miR-486-5p,ARHGAP44,V,TargetRank,N/A,N/A,,
hsa-miR-486-5p,IBA57,V,TargetRank,N/A,N/A,,
hsa-miR-486-5p,ATXN1,V,TargetRank,N/A,N/A,,
hsa-miR-486-5p,NF2,V,TargetRank,N/A,N/A,,
hsa-miR-486-5p,PCGF5,V,TargetRank,N/A,N/A,,
hsa-miR-486-5p,KIAA1456,V,TargetRank,N/A,N/A,,
hsa-miR-486-5p,MINDY1,V,TargetRank,N/A,N/A,,
hsa-miR-486-5p,VWA8,V,TargetRank,N/A,N/A,,
hsa-miR-486-5p,PDZD2,V,TargetRank,N/A,N/A,,
hsa-miR-486-5p,SLC35A4,V,TargetRank,N/A,N/A,,
hsa-miR-486-5p,SORCS1,V,TargetRank,N/A,N/A,,
hsa-miR-486-5p,NR3C1,V,TargetRank,N/A,N/A,,
hsa-miR-486-5p,ZNF148,V,TargetRank,N/A,N/A,,
hsa-miR-486-5p,GRHL2,V,TargetRank,N/A,N/A,,
hsa-miR-486-5p,ZDHHC22,V,TargetRank,N/A,N/A,,
hsa-miR-486-5p,GLCE,V,TargetRank,N/A,N/A,,
hsa-miR-486-5p,VCPIP1,V,TargetRank,N/A,N/A,,
hsa-miR-486-5p,ME1,V,TargetRank,N/A,N/A,,
hsa-miR-486-5p,AFF3,V,TargetScan,N/A,N/A,,
hsa-miR-486-5p,ARMC8,V,TargetScan,N/A,N/A,,
hsa-miR-486-5p,BTAF1,V,TargetScan,N/A,N/A,,
hsa-miR-486-5p,BTBD3,V,TargetScan,N/A,N/A,,
hsa-miR-486-5p,FGF9,V,TargetScan,N/A,N/A,,
hsa-miR-486-5p,NFE2L1,V,TargetScan,N/A,N/A,,
hsa-miR-486-5p,PIK3R1,V,TargetScan,N/A,N/A,,
hsa-miR-486-5p,PIM1,V,TargetScan,N/A,N/A,,
hsa-miR-486-5p,SP5,V,TargetScan,N/A,N/A,,
hsa-miR-486-5p,TXLNG,V,TargetScan,N/A,N/A,,
hsa-miR-486-5p,ARHGAP44,V,TargetScan,N/A,N/A,,
hsa-miR-486-5p,ARHGAP5,V,TargetScan,N/A,N/A,,
hsa-miR-486-5p,ATXN7L3,V,TargetScan,N/A,N/A,,
hsa-miR-486-5p,CELF2,V,TargetScan,N/A,N/A,,
hsa-miR-486-5p,DCBLD2,V,TargetScan,N/A,N/A,,
hsa-miR-486-5p,DOCK3,V,TargetScan,N/A,N/A,,
hsa-miR-486-5p,FOXO1,V,TargetScan,N/A,N/A,,
hsa-miR-486-5p,FLRT2,V,TargetScan,N/A,N/A,,
hsa-miR-486-5p,H3F3B,V,TargetScan,N/A,N/A,,
hsa-miR-486-5p,HCN1,V,TargetScan,N/A,N/A,,
hsa-miR-486-5p,MARK1,V,TargetScan,N/A,N/A,,
hsa-miR-486-5p,PRRC2C,V,TargetScan,N/A,N/A,,
hsa-miR-486-5p,RAPGEFL1,V,TargetScan,N/A,N/A,,
hsa-miR-486-5p,SEMA3A,V,TargetScan,N/A,N/A,,
hsa-miR-486-5p,SMAD2,V,TargetScan,N/A,N/A,,
hsa-miR-486-5p,SMARCD2,V,TargetScan,N/A,N/A,,
hsa-miR-486-5p,TENM2,V,TargetScan,N/A,N/A,,
hsa-miR-486-5p,TSC22D2,V,TargetScan,N/A,N/A,,
hsa-miR-486-5p,BCL11B,V,TargetScan,N/A,N/A,,
hsa-miR-486-5p,CDK4,V,TargetScan,N/A,N/A,,
hsa-miR-486-5p,CXCR5,V,TargetScan,N/A,N/A,,
hsa-miR-486-5p,FASTK,V,TargetScan,N/A,N/A,,
hsa-miR-486-5p,PPP3CB,V,TargetScan,N/A,N/A,,
hsa-miR-486-5p,RHOQ,V,TargetScan,N/A,N/A,,
hsa-miR-486-5p,SORCS1,V,TargetScan,N/A,N/A,,
hsa-miR-486-5p,TANC1,V,TargetScan,N/A,N/A,,
hsa-miR-486-5p,ABHD17B,V,TargetScan,N/A,N/A,,
hsa-miR-486-5p,ARID4B,V,TargetScan,N/A,N/A,,
hsa-miR-486-5p,C5orf64,V,TargetScan,N/A,N/A,,
hsa-miR-486-5p,CSPG5,V,TargetScan,N/A,N/A,,
hsa-miR-486-5p,COL6A6,V,TargetScan,N/A,N/A,,
hsa-miR-486-5p,COPS7B,V,TargetScan,N/A,N/A,,
hsa-miR-486-5p,CTDSPL2,V,TargetScan,N/A,N/A,,
hsa-miR-486-5p,EIF5A2,V,TargetScan,N/A,N/A,,
hsa-miR-486-5p,GPR153,V,TargetScan,N/A,N/A,,
hsa-miR-486-5p,MAP3K7,V,TargetScan,N/A,N/A,,
hsa-miR-486-5p,RFFL,V,TargetScan,N/A,N/A,,
hsa-miR-486-5p,ST5,V,TargetScan,N/A,N/A,,
hsa-miR-486-5p,TOB1,V,TargetScan,N/A,N/A,,
hsa-miR-486-5p,TWF1,V,TargetScan,N/A,N/A,,
hsa-miR-486-5p,ACTR3,V,TargetScan,N/A,N/A,,
hsa-miR-486-5p,CAPRIN1,V,TargetScan,N/A,N/A,,
hsa-miR-486-5p,CNKSR2,V,TargetScan,N/A,N/A,,
hsa-miR-486-5p,DAAM1,V,TargetScan,N/A,N/A,,
hsa-miR-486-5p,ELAVL2,V,TargetScan,N/A,N/A,,
hsa-miR-486-5p,GRHL2,V,TargetScan,N/A,N/A,,
hsa-miR-486-5p,RAP1A,V,TargetScan,N/A,N/A,,
hsa-miR-486-5p,SLC12A5,V,TargetScan,N/A,N/A,,
hsa-miR-486-5p,TRHDE,V,TargetScan,N/A,N/A,,
hsa-miR-486-5p,FBN1,V,TargetScan,N/A,N/A,,
hsa-miR-486-5p,NCKAP5,V,TargetScan,N/A,N/A,,
hsa-miR-486-5p,PTEN,V,TargetScan,N/A,N/A,,
hsa-miR-486-5p,RBM12,V,TargetScan,N/A,N/A,,
hsa-miR-486-5p,STK35,V,TargetScan,N/A,N/A,,
hsa-miR-486-5p,FNIP2,V,TargetScan,N/A,N/A,,
hsa-miR-486-5p,UNC5C,V,TargetScan,N/A,N/A,,
hsa-miR-486-5p,EPB41L1,V,TargetScan,N/A,N/A,,
hsa-miR-486-5p,KLHDC10,V,TargetScan,N/A,N/A,,
hsa-miR-486-5p,MARCH4,V,TargetScan,N/A,N/A,,
hsa-miR-486-5p,NR2C2,V,TargetScan,N/A,N/A,,
hsa-miR-486-5p,SRSF1,V,TargetScan,N/A,N/A,,
hsa-miR-486-5p,TMEM115,V,TargetScan,N/A,N/A,,
hsa-miR-486-5p,BCORL1,V,TargetScan,N/A,N/A,,
hsa-miR-486-5p,SEP7,V,TargetScan,N/A,N/A,,
hsa-miR-486-5p,TBL1X,V,TargetScan,N/A,N/A,,
hsa-miR-486-5p,TMOD1,V,TargetScan,N/A,N/A,,
hsa-miR-486-5p,PDE4A,V,TargetScan,N/A,N/A,,
hsa-miR-486-5p,IGF1,V,TargetScan,N/A,N/A,,
hsa-miR-486-5p,CDH11,V,TargetScan,N/A,N/A,,
hsa-miR-486-5p,ELMSAN1,V,TargetScan,N/A,N/A,,
,,,,,,,
